WS_security>>WS>>Security>>SUCCESS>>1731435606658
BIP9332I<<Application 'WS_security' has been created successfully. <<1731435606658
BIP9326I<<The source 'WS_securityproject.generated.bar' has been successfully deployed. <<1731435606658
WS_security>>temp>>IG_ser>>SUCCESS>>1731446711605
BIP9332I<<Application 'WS_security' has been created successfully. <<1731446711605
BIP9326I<<The source 'WS_securityproject.generated.bar' has been successfully deployed. <<1731446711605
SOAP_provider>>WS>>Security>>SUCCESS>>1731446718929
BIP9332I<<Application 'SOAP_provider' has been created successfully. <<1731446718929
BIP9326I<<The source 'SOAP_providerproject.generated.bar' has been successfully deployed. <<1731446718929
SOAP_provider>>WS>>Security>>SUCCESS>>1731447095186
BIP9332I<<Application 'SOAP_provider' has been changed successfully. <<1731447095186
BIP9326I<<The source 'SOAP_providerproject.generated.bar' has been successfully deployed. <<1731447095186
WS_security>>temp>>IG_ser>>SUCCESS>>1731447136985
BIP9332I<<Application 'WS_security' has been changed successfully. <<1731447136985
BIP9326I<<The source 'WS_securityproject.generated.bar' has been successfully deployed. <<1731447136985
WS_security>>WS>>Security>>SUCCESS>>1731447318230
BIP9332I<<Application 'WS_security' has been created successfully. <<1731447318230
BIP9326I<<The source 'WS_securityproject.generated.bar' has been successfully deployed. <<1731447318230
SOAP_provider>>WS>>Security>>SUCCESS>>1731447886964
BIP9332I<<Application 'SOAP_provider' has been changed successfully. <<1731447886964
BIP9326I<<The source 'SOAP_providerproject.generated.bar' has been successfully deployed. <<1731447886964
SOAP_provider>>WS>>Security>>SUCCESS>>1731448128444
BIP9332I<<Application 'SOAP_provider' has been changed successfully. <<1731448128444
BIP9326I<<The source 'SOAP_providerproject.generated.bar' has been successfully deployed. <<1731448128444
WS_security>>WS>>Security>>SUCCESS>>1731448136879
BIP9332I<<Application 'WS_security' has been changed successfully. <<1731448136879
BIP9326I<<The source 'WS_securityproject.generated.bar' has been successfully deployed. <<1731448136879
SOAP_provider>>WS>>Security>>SUCCESS>>1731448321962
BIP9332I<<Application 'SOAP_provider' has been changed successfully. <<1731448321962
BIP9326I<<The source 'SOAP_providerproject.generated.bar' has been successfully deployed. <<1731448321962
SOAP_provider>>WS>>Security>>SUCCESS>>1731448465675
BIP9332I<<Application 'SOAP_provider' has been changed successfully. <<1731448465675
BIP9326I<<The source 'SOAP_providerproject.generated.bar' has been successfully deployed. <<1731448465675
SOAP_provider>>WS>>Security>>SUCCESS>>1731448591346
BIP9332I<<Application 'SOAP_provider' has been changed successfully. <<1731448591346
BIP9326I<<The source 'SOAP_providerproject.generated.bar' has been successfully deployed. <<1731448591346
SOAP_provider>>WS>>Security>>SUCCESS>>1731449208913
BIP9332I<<Application 'SOAP_provider' has been changed successfully. <<1731449208913
BIP9326I<<The source 'SOAP_providerproject.generated.bar' has been successfully deployed. <<1731449208913
SOAP_provider>>WS>>Security>>SUCCESS>>1731449750671
BIP9332I<<Application 'SOAP_provider' has been changed successfully. <<1731449750671
BIP9326I<<The source 'SOAP_providerproject.generated.bar' has been successfully deployed. <<1731449750671
SOAP_provider>>WS>>Security>>SUCCESS>>1731449836429
BIP9332I<<Application 'SOAP_provider' has been changed successfully. <<1731449836429
BIP9326I<<The source 'SOAP_providerproject.generated.bar' has been successfully deployed. <<1731449836429
SOAP_provider>>WS>>Security>>SUCCESS>>1731450104837
BIP9332I<<Application 'SOAP_provider' has been changed successfully. <<1731450104837
BIP9326I<<The source 'SOAP_providerproject.generated.bar' has been successfully deployed. <<1731450104837
SOAP_provider>>WS>>Security>>SUCCESS>>1731450272294
BIP9332I<<Application 'SOAP_provider' has been changed successfully. <<1731450272294
BIP9326I<<The source 'SOAP_providerproject.generated.bar' has been successfully deployed. <<1731450272294
WS_security>>WS>>Security>>SUCCESS>>1731450302820
BIP9332I<<Application 'WS_security' has been changed successfully. <<1731450302820
BIP9326I<<The source 'WS_securityproject.generated.bar' has been successfully deployed. <<1731450302820
WS_security>>WS>>Security>>SUCCESS>>1731450593652
BIP9332I<<Application 'WS_security' has been changed successfully. <<1731450593652
BIP9326I<<The source 'WS_securityproject.generated.bar' has been successfully deployed. <<1731450593652
WS_security>>WS>>Security>>SUCCESS>>1731454527648
BIP9332I<<Application 'WS_security' has been changed successfully. <<1731454527648
BIP9326I<<The source 'WS_securityproject.generated.bar' has been successfully deployed. <<1731454527648
SOAP_provider>>WS>>Security>>SUCCESS>>1731454529709
BIP9332I<<Application 'SOAP_provider' has been changed successfully. <<1731454529709
BIP9326I<<The source 'SOAP_providerproject.generated.bar' has been successfully deployed. <<1731454529709
WS_security>>WS>>Security>>SUCCESS>>1731454667258
BIP9332I<<Application 'WS_security' has been changed successfully. <<1731454667258
BIP9326I<<The source 'WS_securityproject.generated.bar' has been successfully deployed. <<1731454667258
SOAP_provider>>WS>>Security>>SUCCESS>>1731454667926
BIP9332I<<Application 'SOAP_provider' has been changed successfully. <<1731454667926
BIP9326I<<The source 'SOAP_providerproject.generated.bar' has been successfully deployed. <<1731454667926
WS_security>>WS>>Security>>SUCCESS>>1731454673124
BIP9332I<<Application 'WS_security' has been changed successfully. <<1731454673124
BIP9326I<<The source 'WS_securityproject.generated.bar' has been successfully deployed. <<1731454673124
SOAP_provider>>WS>>Security>>SUCCESS>>1731454674162
BIP9332I<<Application 'SOAP_provider' has been changed successfully. <<1731454674162
BIP9326I<<The source 'SOAP_providerproject.generated.bar' has been successfully deployed. <<1731454674162
WS_security>>WS>>Security>>SUCCESS>>1731454860567
BIP9332I<<Application 'WS_security' has been changed successfully. <<1731454860567
BIP9326I<<The source 'WS_securityproject.generated.bar' has been successfully deployed. <<1731454860567
SOAP_provider>>WS>>Security>>SUCCESS>>1731454922267
BIP9332I<<Application 'SOAP_provider' has been changed successfully. <<1731454922267
BIP9326I<<The source 'SOAP_providerproject.generated.bar' has been successfully deployed. <<1731454922267
WS_security>>WS>>Security>>SUCCESS>>1731455147366
BIP9332I<<Application 'WS_security' has been changed successfully. <<1731455147366
BIP9326I<<The source 'WS_securityproject.generated.bar' has been successfully deployed. <<1731455147366
SOAP_provider>>WS>>Security>>SUCCESS>>1731455152683
BIP9332I<<Application 'SOAP_provider' has been changed successfully. <<1731455152683
BIP9326I<<The source 'SOAP_providerproject.generated.bar' has been successfully deployed. <<1731455152683
WS_security>>WS>>Security>>SUCCESS>>1731455484755
BIP9332I<<Application 'WS_security' has been changed successfully. <<1731455484755
BIP9326I<<The source 'WS_securityproject.generated.bar' has been successfully deployed. <<1731455484755
SOAP_provider>>WS>>Security>>SUCCESS>>1731455486747
BIP9332I<<Application 'SOAP_provider' has been changed successfully. <<1731455486747
BIP9326I<<The source 'SOAP_providerproject.generated.bar' has been successfully deployed. <<1731455486747
WS_security>>WS>>Security>>SUCCESS>>1731455553913
BIP9332I<<Application 'WS_security' has been changed successfully. <<1731455553913
BIP9326I<<The source 'WS_securityproject.generated.bar' has been successfully deployed. <<1731455553913
SOAP_provider>>WS>>Security>>SUCCESS>>1731455556873
BIP9332I<<Application 'SOAP_provider' has been changed successfully. <<1731455556873
BIP9326I<<The source 'SOAP_providerproject.generated.bar' has been successfully deployed. <<1731455556873
WS_security>>WS>>Security>>SUCCESS>>1731455610690
BIP9332I<<Application 'WS_security' has been changed successfully. <<1731455610690
BIP9326I<<The source 'WS_securityproject.generated.bar' has been successfully deployed. <<1731455610690
SOAP_provider>>WS>>Security>>SUCCESS>>1731455611351
BIP9332I<<Application 'SOAP_provider' has been changed successfully. <<1731455611351
BIP9326I<<The source 'SOAP_providerproject.generated.bar' has been successfully deployed. <<1731455611351
WS_sec>>WS>>Security>>SUCCESS>>1731456580472
BIP9332I<<PolicyProject 'WS_sec' has been created successfully. <<1731456580472
BIP9326I<<The source 'WS_secproject.generated.bar' has been successfully deployed. <<1731456580472
WS_security>>WS>>Security>>SUCCESS>>1731456633079
BIP9332I<<Application 'WS_security' has been changed successfully. <<1731456633079
BIP9326I<<The source 'WS_securityproject.generated.bar' has been successfully deployed. <<1731456633079
SOAP_providerproject.generated.bar>>WS>>Security>>SUCCESS>>1731456775814
BIP9332I<<Application 'SOAP_provider' has been changed successfully. <<1731456775814
BIP9326I<<The source 'SOAP_providerproject.generated.bar' has been successfully deployed. <<1731456775814
WS_secproject.generated.bar>>WS>>Security>>SUCCESS>>1731456778867
BIP9339W<<The values defined in the policy(s) 'Bindings_1.wssecbindings.xml, Policy_1.wssecpolicy.xml' in policy project 'WS_sec' match the values of the existing policy(s). Any deployed resources using the policy(s) will not be affected by the redeploy of the policy project. <<1731456778867
BIP9326I<<The source 'WS_secproject.generated.bar' has been successfully deployed. <<1731456778867
WS_securityproject.generated.bar>>WS>>Security>>SUCCESS>>1731456778963
BIP9332I<<Application 'WS_security' has been changed successfully. <<1731456778963
BIP9326I<<The source 'WS_securityproject.generated.bar' has been successfully deployed. <<1731456778963
SOAP_providerproject.generated.bar>>WS>>Security>>WARNING>>1731457615357
BIP3135S<<An exception occurred while starting the HTTPSConnector. Exception text is 'Unable to load keystore "C:\Users\Sreenivas Bandaru\Pictures\key.jks" or truststore "C:\Users\Sreenivas Bandaru\Pictures\trust.jks"'. <<1731457615357
BIP9320E<<Message Flow 'soap_provider', 'soap_provider' encountered a failure and could not start. <<1731457615357
BIP3135S<<An exception occurred while starting the HTTPSConnector. Exception text is 'Unable to load keystore "C:\Users\Sreenivas Bandaru\Pictures\key.jks" or truststore "C:\Users\Sreenivas Bandaru\Pictures\trust.jks"'. <<1731457615357
BIP9333W<<Application 'SOAP_provider' has been changed but contains errors which has prevented some resources from starting. <<1731457615357
BIP1096E<<The source 'SOAP_providerproject.generated.bar' has been deployed but there were one or more failures which may mean the deployed resources will be unable to execute. <<1731457615357
SOAP_providerproject.generated.bar>>WS>>Security>>SUCCESS>>1731512388654
BIP9332I<<Application 'SOAP_provider' has been changed successfully. <<1731512388654
BIP9326I<<The source 'SOAP_providerproject.generated.bar' has been successfully deployed. <<1731512388654
WS_secproject.generated.bar>>WS>>Security>>SUCCESS>>1731512392942
BIP9339W<<The values defined in the policy(s) 'Bindings_1.wssecbindings.xml, Policy_1.wssecpolicy.xml' in policy project 'WS_sec' match the values of the existing policy(s). Any deployed resources using the policy(s) will not be affected by the redeploy of the policy project. <<1731512392942
BIP9326I<<The source 'WS_secproject.generated.bar' has been successfully deployed. <<1731512392942
WS_securityproject.generated.bar>>WS>>Security>>SUCCESS>>1731512393137
BIP9332I<<Application 'WS_security' has been changed successfully. <<1731512393137
BIP9326I<<The source 'WS_securityproject.generated.bar' has been successfully deployed. <<1731512393137
WS_security_enc.bar>>WS>>Security>>WARNING>>1731515080624
BIP3661E<<The policy set '{WS_sec_enc}:Policy_1' was not found. <<1731515080624
BIP9320E<<Message Flow 'Json_transform', 'Json_transform' encountered a failure and could not start. <<1731515080624
BIP3726E<<Failed to setup SOAP transport for node SOAP Request. <<1731515080624
BIP3728E<<Configuration of WS-Security layer using policy set '{WS_sec_enc}:Policy_1' and policy set binding '{WS_sec_enc}:Bin_1' failed. <<1731515080624
BIP3701E<<A Java exception was thrown whilst calling the Java JNI method 'method_com_ibm_broker_axis2_Axis2NodeRegistrationUtil_registerSyncRequestNode'. The Java exception was 'BIP3726E: com.ibm.broker.axis2.MbSoapException: Failed to setup Axis2'. The Java stack trace was 'Frame : 0 com.ibm.broker.axis2.MbSoapException: Failed to setup Axis2<<1731515080624
BIP9332I<<Application 'SOAP_provider' has been created successfully. <<1731515080624
BIP9333W<<Application 'WS_security' has been created but contains errors which has prevented some resources from starting. <<1731515080624
BIP1096E<<The source 'WS_security_enc.bar' has been deployed but there were one or more failures which may mean the deployed resources will be unable to execute. <<1731515080624
WS_security_enc.bar>>WS>>Security>>WARNING>>1731515693449
BIP3661E<<The policy set '{WS_sec_enc}:Policy_1' was not found. <<1731515693449
BIP9320E<<Message Flow 'Json_transform', 'Json_transform' encountered a failure and could not start. <<1731515693449
BIP3726E<<Failed to setup SOAP transport for node SOAP Request. <<1731515693449
BIP3728E<<Configuration of WS-Security layer using policy set '{WS_sec_enc}:Policy_1' and policy set binding '{WS_sec_enc}:Bin_1' failed. <<1731515693449
BIP3701E<<A Java exception was thrown whilst calling the Java JNI method 'method_com_ibm_broker_axis2_Axis2NodeRegistrationUtil_registerSyncRequestNode'. The Java exception was 'BIP3726E: com.ibm.broker.axis2.MbSoapException: Failed to setup Axis2'. The Java stack trace was 'Frame : 0 com.ibm.broker.axis2.MbSoapException: Failed to setup Axis2<<1731515693449
BIP9332I<<Application 'SOAP_provider' has been created successfully. <<1731515693449
BIP9333W<<Application 'WS_security' has been created but contains errors which has prevented some resources from starting. <<1731515693449
BIP1096E<<The source 'WS_security_enc.bar' has been deployed but there were one or more failures which may mean the deployed resources will be unable to execute. <<1731515693449
WS_sec_enc>>WS>>Security>>SUCCESS>>1731515720417
BIP9332I<<PolicyProject 'WS_sec_enc' has been created successfully. <<1731515720417
BIP9326I<<The source 'WS_sec_encproject.generated.bar' has been successfully deployed. <<1731515720417
WS_security_enc.bar>>WS>>Security>>WARNING>>1731515730980
BIP9320E<<Message Flow 'Json_transform', 'Json_transform' encountered a failure and could not start. <<1731515730980
BIP3726E<<Failed to setup SOAP transport for node SOAP Request. <<1731515730980
BIP3728E<<Configuration of WS-Security layer using policy set '{WS_sec_enc}:Policy_1' and policy set binding '{WS_sec_enc}:Bin_1' failed. <<1731515730980
BIP3727E<<com.ibm.wsspi.wssecurity.core.SoapSecurityException: CWWSS7280E: Token Generator token type [http://docs.oasis-open.org/wss/2004/01/oasis-200401-wss-x509-token-profile-1.0#X509v3] does not match encryption token type defined in the policy. <<1731515730980
BIP3701E<<A Java exception was thrown whilst calling the Java JNI method 'method_com_ibm_broker_axis2_Axis2NodeRegistrationUtil_registerSyncRequestNode'. The Java exception was 'BIP3726E: com.ibm.broker.axis2.MbSoapException: Failed to setup Axis2'. The Java stack trace was 'Frame : 0 com.ibm.broker.axis2.MbSoapException: Failed to setup Axis2<<1731515730980
BIP9332I<<Application 'SOAP_provider' has been changed successfully. <<1731515730980
BIP9333W<<Application 'WS_security' has been changed but contains errors which has prevented some resources from starting. <<1731515730980
BIP1096E<<The source 'WS_security_enc.bar' has been deployed but there were one or more failures which may mean the deployed resources will be unable to execute. <<1731515730980
WS_sec_enc>>WS>>Security>>ERROR>>1731517486138
BIP9328E<<The policy project 'WS_sec_enc' cannot be redeployed at this time as the non-dynamic policy 'Bin_1.wssecbindings.xml' differs from what is currently deployed. To allow redeploying of this policy project use the 'restart-all-applications' option. <<1731517486138
BIP9325E<<The source 'WS_sec_encproject.generated.bar' could not be deployed as it contains errors. No changes have been made to the integration server. <<1731517486138
WS_sec_enc>>WS>>Security>>SUCCESS>>1731517522269
BIP2379I<<Stopping all deployed resources as requested by the deploy operation. <<1731517522269
BIP2376I<<Restarting all deployed resources as requested by the deploy operation. <<1731517522269
BIP9320E<<Message Flow 'Json_transform', 'Json_transform' encountered a failure and could not start. <<1731517522269
BIP3726E<<Failed to setup SOAP transport for node SOAP Request. <<1731517522269
BIP3728E<<Configuration of WS-Security layer using policy set '{WS_sec_enc}:Policy_1' and policy set binding '{WS_sec_enc}:Bin_1' failed. <<1731517522269
BIP3727E<<com.ibm.wsspi.wssecurity.core.SoapSecurityException: CWWSS7280E: Token Generator token type [http://docs.oasis-open.org/wss/2004/01/oasis-200401-wss-x509-token-profile-1.0#X509v3] does not match encryption token type defined in the policy. <<1731517522269
BIP3701E<<A Java exception was thrown whilst calling the Java JNI method 'method_com_ibm_broker_axis2_Axis2NodeRegistrationUtil_registerSyncRequestNode'. The Java exception was 'BIP3726E: com.ibm.broker.axis2.MbSoapException: Failed to setup Axis2'. The Java stack trace was 'Frame : 0 com.ibm.broker.axis2.MbSoapException: Failed to setup Axis2<<1731517522269
BIP9332I<<PolicyProject 'WS_sec_enc' has been reloaded successfully. <<1731517522269
BIP9332I<<Application 'SOAP_provider' has been reloaded successfully. <<1731517522269
BIP9333W<<Application 'WS_security' has been reloaded but contains errors which has prevented some resources from starting. <<1731517522269
BIP9326I<<The source 'WS_sec_encproject.generated.bar' has been successfully deployed. <<1731517522269
WS_sec_enc>>WS>>Security>>SUCCESS>>1731518126493
BIP9339W<<The values defined in the policy(s) 'Bin_1.wssecbindings.xml, Policy_1.wssecpolicy.xml' in policy project 'WS_sec_enc' match the values of the existing policy(s). Any deployed resources using the policy(s) will not be affected by the redeploy of the policy project. <<1731518126493
BIP9326I<<The source 'WS_sec_encproject.generated.bar' has been successfully deployed. <<1731518126493
WS_security_enc.bar>>WS>>Security>>WARNING>>1731518132423
BIP9320E<<Message Flow 'Json_transform', 'Json_transform' encountered a failure and could not start. <<1731518132423
BIP3726E<<Failed to setup SOAP transport for node SOAP Request. <<1731518132423
BIP3728E<<Configuration of WS-Security layer using policy set '{WS_sec_enc}:Policy_1' and policy set binding '{WS_sec_enc}:Bin_1' failed. <<1731518132423
BIP3727E<<com.ibm.wsspi.wssecurity.core.SoapSecurityException: CWWSS7280E: Token Generator token type [http://docs.oasis-open.org/wss/2004/01/oasis-200401-wss-x509-token-profile-1.0#X509v3] does not match encryption token type defined in the policy. <<1731518132423
BIP3701E<<A Java exception was thrown whilst calling the Java JNI method 'method_com_ibm_broker_axis2_Axis2NodeRegistrationUtil_registerSyncRequestNode'. The Java exception was 'BIP3726E: com.ibm.broker.axis2.MbSoapException: Failed to setup Axis2'. The Java stack trace was 'Frame : 0 com.ibm.broker.axis2.MbSoapException: Failed to setup Axis2<<1731518132423
BIP9332I<<Application 'SOAP_provider' has been changed successfully. <<1731518132423
BIP9333W<<Application 'WS_security' has been changed but contains errors which has prevented some resources from starting. <<1731518132423
BIP1096E<<The source 'WS_security_enc.bar' has been deployed but there were one or more failures which may mean the deployed resources will be unable to execute. <<1731518132423
WS_security_enc.bar>>WS>>Security>>WARNING>>1731518248545
BIP9320E<<Message Flow 'Json_transform', 'Json_transform' encountered a failure and could not start. <<1731518248545
BIP3726E<<Failed to setup SOAP transport for node SOAP Request. <<1731518248545
BIP3728E<<Configuration of WS-Security layer using policy set '{WS_sec_enc}:Policy_1' and policy set binding '{WS_sec_enc}:Bin_1' failed. <<1731518248545
BIP3727E<<com.ibm.wsspi.wssecurity.core.SoapSecurityException: CWWSS7280E: Token Generator token type [http://docs.oasis-open.org/wss/2004/01/oasis-200401-wss-x509-token-profile-1.0#X509v3] does not match encryption token type defined in the policy. <<1731518248545
BIP3701E<<A Java exception was thrown whilst calling the Java JNI method 'method_com_ibm_broker_axis2_Axis2NodeRegistrationUtil_registerSyncRequestNode'. The Java exception was 'BIP3726E: com.ibm.broker.axis2.MbSoapException: Failed to setup Axis2'. The Java stack trace was 'Frame : 0 com.ibm.broker.axis2.MbSoapException: Failed to setup Axis2<<1731518248545
BIP9332I<<Application 'SOAP_provider' has been changed successfully. <<1731518248545
BIP9333W<<Application 'WS_security' has been changed but contains errors which has prevented some resources from starting. <<1731518248545
BIP1096E<<The source 'WS_security_enc.bar' has been deployed but there were one or more failures which may mean the deployed resources will be unable to execute. <<1731518248545
WS_sec_enc>>WS>>Security>>SUCCESS>>1731518662157
BIP9332I<<PolicyProject 'WS_sec_enc' has been created successfully. <<1731518662157
BIP9326I<<The source 'WS_sec_encproject.generated.bar' has been successfully deployed. <<1731518662157
WS_security_enc.bar>>WS>>Security>>WARNING>>1731518668095
BIP9320E<<Message Flow 'Json_transform', 'Json_transform' encountered a failure and could not start. <<1731518668095
BIP3726E<<Failed to setup SOAP transport for node SOAP Request. <<1731518668095
BIP3728E<<Configuration of WS-Security layer using policy set '{WS_sec_enc}:Policy_1' and policy set binding '{WS_sec_enc}:Bin_1' failed. <<1731518668095
BIP3727E<<com.ibm.wsspi.wssecurity.core.SoapSecurityException: CWWSS7280E: Token Generator token type [http://docs.oasis-open.org/wss/2004/01/oasis-200401-wss-x509-token-profile-1.0#X509v3] does not match encryption token type defined in the policy. <<1731518668095
BIP3701E<<A Java exception was thrown whilst calling the Java JNI method 'method_com_ibm_broker_axis2_Axis2NodeRegistrationUtil_registerSyncRequestNode'. The Java exception was 'BIP3726E: com.ibm.broker.axis2.MbSoapException: Failed to setup Axis2'. The Java stack trace was 'Frame : 0 com.ibm.broker.axis2.MbSoapException: Failed to setup Axis2<<1731518668095
BIP9332I<<Application 'SOAP_provider' has been created successfully. <<1731518668095
BIP9333W<<Application 'WS_security' has been created but contains errors which has prevented some resources from starting. <<1731518668095
BIP1096E<<The source 'WS_security_enc.bar' has been deployed but there were one or more failures which may mean the deployed resources will be unable to execute. <<1731518668095
WS_security_enc.bar>>WS>>Security>>WARNING>>1731518728489
BIP9320E<<Message Flow 'Json_transform', 'Json_transform' encountered a failure and could not start. <<1731518728489
BIP3726E<<Failed to setup SOAP transport for node SOAP Request. <<1731518728489
BIP3728E<<Configuration of WS-Security layer using policy set '{WS_sec_enc}:Policy_1' and policy set binding '{WS_sec_enc}:Bin_1' failed. <<1731518728489
BIP3727E<<com.ibm.wsspi.wssecurity.core.SoapSecurityException: CWWSS7280E: Token Generator token type [http://docs.oasis-open.org/wss/2004/01/oasis-200401-wss-x509-token-profile-1.0#X509v3] does not match encryption token type defined in the policy. <<1731518728489
BIP3701E<<A Java exception was thrown whilst calling the Java JNI method 'method_com_ibm_broker_axis2_Axis2NodeRegistrationUtil_registerSyncRequestNode'. The Java exception was 'BIP3726E: com.ibm.broker.axis2.MbSoapException: Failed to setup Axis2'. The Java stack trace was 'Frame : 0 com.ibm.broker.axis2.MbSoapException: Failed to setup Axis2<<1731518728489
BIP9332I<<Application 'SOAP_provider' has been changed successfully. <<1731518728489
BIP9333W<<Application 'WS_security' has been changed but contains errors which has prevented some resources from starting. <<1731518728489
BIP1096E<<The source 'WS_security_enc.bar' has been deployed but there were one or more failures which may mean the deployed resources will be unable to execute. <<1731518728489
WS_sec_enc>>WS>>Security>>ERROR>>1731519321276
BIP9328E<<The policy project 'WS_sec_enc' cannot be redeployed at this time as the non-dynamic policy 'Bin_1.wssecbindings.xml' differs from what is currently deployed. To allow redeploying of this policy project use the 'restart-all-applications' option. <<1731519321276
BIP9325E<<The source 'WS_sec_encproject.generated.bar' could not be deployed as it contains errors. No changes have been made to the integration server. <<1731519321276
WS_sec_enc>>WS>>Security>>SUCCESS>>1731519327053
BIP2379I<<Stopping all deployed resources as requested by the deploy operation. <<1731519327053
BIP2376I<<Restarting all deployed resources as requested by the deploy operation. <<1731519327053
BIP9320E<<Message Flow 'Json_transform', 'Json_transform' encountered a failure and could not start. <<1731519327053
BIP3726E<<Failed to setup SOAP transport for node SOAP Request. <<1731519327053
BIP3728E<<Configuration of WS-Security layer using policy set '{WS_sec_enc}:Policy_1' and policy set binding '{WS_sec_enc}:Bin_1' failed. <<1731519327053
BIP3727E<<com.ibm.wsspi.wssecurity.core.SoapSecurityException: CWWSS7280E: Token Generator token type [http://docs.oasis-open.org/wss/oasis-wss-kerberos-token-profile-1.1#GSS_Kerberosv5_AP_REQ] does not match encryption token type defined in the policy. <<1731519327053
BIP3701E<<A Java exception was thrown whilst calling the Java JNI method 'method_com_ibm_broker_axis2_Axis2NodeRegistrationUtil_registerSyncRequestNode'. The Java exception was 'BIP3726E: com.ibm.broker.axis2.MbSoapException: Failed to setup Axis2'. The Java stack trace was 'Frame : 0 com.ibm.broker.axis2.MbSoapException: Failed to setup Axis2<<1731519327053
BIP9332I<<PolicyProject 'WS_sec_enc' has been reloaded successfully. <<1731519327053
BIP9332I<<Application 'SOAP_provider' has been reloaded successfully. <<1731519327053
BIP9333W<<Application 'WS_security' has been reloaded but contains errors which has prevented some resources from starting. <<1731519327053
BIP9326I<<The source 'WS_sec_encproject.generated.bar' has been successfully deployed. <<1731519327053
WS_sec_enc>>WS>>Security>>ERROR>>1731519361027
BIP9328E<<The policy project 'WS_sec_enc' cannot be redeployed at this time as the non-dynamic policy 'Bin_1.wssecbindings.xml' differs from what is currently deployed. To allow redeploying of this policy project use the 'restart-all-applications' option. <<1731519361027
BIP9325E<<The source 'WS_sec_encproject.generated.bar' could not be deployed as it contains errors. No changes have been made to the integration server. <<1731519361027
WS_sec_enc>>WS>>Security>>SUCCESS>>1731519363459
BIP2379I<<Stopping all deployed resources as requested by the deploy operation. <<1731519363459
BIP2376I<<Restarting all deployed resources as requested by the deploy operation. <<1731519363459
BIP9320E<<Message Flow 'Json_transform', 'Json_transform' encountered a failure and could not start. <<1731519363459
BIP3726E<<Failed to setup SOAP transport for node SOAP Request. <<1731519363459
BIP3728E<<Configuration of WS-Security layer using policy set '{WS_sec_enc}:Policy_1' and policy set binding '{WS_sec_enc}:Bin_1' failed. <<1731519363459
BIP3727E<<com.ibm.wsspi.wssecurity.core.SoapSecurityException: CWWSS7280E: Token Generator token type [http://docs.oasis-open.org/wss/2004/01/oasis-200401-wss-x509-token-profile-1.0#X509v3] does not match encryption token type defined in the policy. <<1731519363459
BIP3701E<<A Java exception was thrown whilst calling the Java JNI method 'method_com_ibm_broker_axis2_Axis2NodeRegistrationUtil_registerSyncRequestNode'. The Java exception was 'BIP3726E: com.ibm.broker.axis2.MbSoapException: Failed to setup Axis2'. The Java stack trace was 'Frame : 0 com.ibm.broker.axis2.MbSoapException: Failed to setup Axis2<<1731519363459
BIP9332I<<PolicyProject 'WS_sec_enc' has been reloaded successfully. <<1731519363459
BIP9332I<<Application 'SOAP_provider' has been reloaded successfully. <<1731519363459
BIP9333W<<Application 'WS_security' has been reloaded but contains errors which has prevented some resources from starting. <<1731519363459
BIP9326I<<The source 'WS_sec_encproject.generated.bar' has been successfully deployed. <<1731519363459
WS_sec_enc>>WS>>Security>>ERROR>>1731519393831
BIP9328E<<The policy project 'WS_sec_enc' cannot be redeployed at this time as the non-dynamic policy 'Bin_1.wssecbindings.xml' differs from what is currently deployed. To allow redeploying of this policy project use the 'restart-all-applications' option. <<1731519393831
BIP9325E<<The source 'WS_sec_encproject.generated.bar' could not be deployed as it contains errors. No changes have been made to the integration server. <<1731519393831
WS_sec_enc>>WS>>Security>>SUCCESS>>1731519396771
BIP2379I<<Stopping all deployed resources as requested by the deploy operation. <<1731519396771
BIP2376I<<Restarting all deployed resources as requested by the deploy operation. <<1731519396771
BIP9320E<<Message Flow 'Json_transform', 'Json_transform' encountered a failure and could not start. <<1731519396771
BIP3726E<<Failed to setup SOAP transport for node SOAP Request. <<1731519396771
BIP3728E<<Configuration of WS-Security layer using policy set '{WS_sec_enc}:Policy_1' and policy set binding '{WS_sec_enc}:Bin_1' failed. <<1731519396771
BIP3727E<<com.ibm.wsspi.wssecurity.core.SoapSecurityException: CWWSS7280E: Token Generator token type [http://docs.oasis-open.org/wss/2004/01/oasis-200401-wss-x509-token-profile-1.0#X509v3] does not match encryption token type defined in the policy. <<1731519396771
BIP3701E<<A Java exception was thrown whilst calling the Java JNI method 'method_com_ibm_broker_axis2_Axis2NodeRegistrationUtil_registerSyncRequestNode'. The Java exception was 'BIP3726E: com.ibm.broker.axis2.MbSoapException: Failed to setup Axis2'. The Java stack trace was 'Frame : 0 com.ibm.broker.axis2.MbSoapException: Failed to setup Axis2<<1731519396771
BIP9332I<<PolicyProject 'WS_sec_enc' has been reloaded successfully. <<1731519396771
BIP9332I<<Application 'SOAP_provider' has been reloaded successfully. <<1731519396771
BIP9333W<<Application 'WS_security' has been reloaded but contains errors which has prevented some resources from starting. <<1731519396771
BIP9326I<<The source 'WS_sec_encproject.generated.bar' has been successfully deployed. <<1731519396771
WS_sec_enc>>WS>>Security>>ERROR>>1731519422515
BIP9328E<<The policy project 'WS_sec_enc' cannot be redeployed at this time as the non-dynamic policy 'Bin_1.wssecbindings.xml' differs from what is currently deployed. To allow redeploying of this policy project use the 'restart-all-applications' option. <<1731519422515
BIP9325E<<The source 'WS_sec_encproject.generated.bar' could not be deployed as it contains errors. No changes have been made to the integration server. <<1731519422515
WS_sec_enc>>WS>>Security>>SUCCESS>>1731519425498
BIP2379I<<Stopping all deployed resources as requested by the deploy operation. <<1731519425498
BIP2376I<<Restarting all deployed resources as requested by the deploy operation. <<1731519425498
BIP9320E<<Message Flow 'Json_transform', 'Json_transform' encountered a failure and could not start. <<1731519425498
BIP3726E<<Failed to setup SOAP transport for node SOAP Request. <<1731519425498
BIP3728E<<Configuration of WS-Security layer using policy set '{WS_sec_enc}:Policy_1' and policy set binding '{WS_sec_enc}:Bin_1' failed. <<1731519425498
BIP3727E<<com.ibm.wsspi.wssecurity.core.SoapSecurityException: CWWSS7280E: Token Generator token type [http://docs.oasis-open.org/wss/2004/01/oasis-200401-wss-x509-token-profile-1.0#X509v3] does not match encryption token type defined in the policy. <<1731519425498
BIP3701E<<A Java exception was thrown whilst calling the Java JNI method 'method_com_ibm_broker_axis2_Axis2NodeRegistrationUtil_registerSyncRequestNode'. The Java exception was 'BIP3726E: com.ibm.broker.axis2.MbSoapException: Failed to setup Axis2'. The Java stack trace was 'Frame : 0 com.ibm.broker.axis2.MbSoapException: Failed to setup Axis2<<1731519425498
BIP9332I<<PolicyProject 'WS_sec_enc' has been reloaded successfully. <<1731519425498
BIP9332I<<Application 'SOAP_provider' has been reloaded successfully. <<1731519425498
BIP9333W<<Application 'WS_security' has been reloaded but contains errors which has prevented some resources from starting. <<1731519425498
BIP9326I<<The source 'WS_sec_encproject.generated.bar' has been successfully deployed. <<1731519425498
WS_sec_enc>>WS>>Security>>ERROR>>1731519954854
BIP9328E<<The policy project 'WS_sec_enc' cannot be redeployed at this time as the non-dynamic policy 'Bin_1.wssecbindings.xml' differs from what is currently deployed. To allow redeploying of this policy project use the 'restart-all-applications' option. <<1731519954854
BIP9325E<<The source 'WS_sec_encproject.generated.bar' could not be deployed as it contains errors. No changes have been made to the integration server. <<1731519954854
WS_sec_enc>>WS>>Security>>SUCCESS>>1731519957749
BIP2379I<<Stopping all deployed resources as requested by the deploy operation. <<1731519957749
BIP2376I<<Restarting all deployed resources as requested by the deploy operation. <<1731519957749
BIP9320E<<Message Flow 'Json_transform', 'Json_transform' encountered a failure and could not start. <<1731519957749
BIP3726E<<Failed to setup SOAP transport for node SOAP Request. <<1731519957749
BIP3728E<<Configuration of WS-Security layer using policy set '{WS_sec_enc}:Policy_1' and policy set binding '{WS_sec_enc}:Bin_1' failed. <<1731519957749
BIP3727E<<com.ibm.wsspi.wssecurity.core.SoapSecurityException: CWWSS7280E: Token Generator token type [http://docs.oasis-open.org/wss/oasis-wss-kerberos-token-profile-1.1#GSS_Kerberosv5_AP_REQ] does not match encryption token type defined in the policy. <<1731519957749
BIP3701E<<A Java exception was thrown whilst calling the Java JNI method 'method_com_ibm_broker_axis2_Axis2NodeRegistrationUtil_registerSyncRequestNode'. The Java exception was 'BIP3726E: com.ibm.broker.axis2.MbSoapException: Failed to setup Axis2'. The Java stack trace was 'Frame : 0 com.ibm.broker.axis2.MbSoapException: Failed to setup Axis2<<1731519957749
BIP9332I<<PolicyProject 'WS_sec_enc' has been reloaded successfully. <<1731519957749
BIP9332I<<Application 'SOAP_provider' has been reloaded successfully. <<1731519957749
BIP9333W<<Application 'WS_security' has been reloaded but contains errors which has prevented some resources from starting. <<1731519957749
BIP9326I<<The source 'WS_sec_encproject.generated.bar' has been successfully deployed. <<1731519957749
WS_sec_enc>>WS>>Security>>ERROR>>1731522005101
BIP9328E<<The policy project 'WS_sec_enc' cannot be redeployed at this time as the non-dynamic policy 'Bin_1.wssecbindings.xml' differs from what is currently deployed. To allow redeploying of this policy project use the 'restart-all-applications' option. <<1731522005101
BIP9325E<<The source 'WS_sec_encproject.generated.bar' could not be deployed as it contains errors. No changes have been made to the integration server. <<1731522005101
WS_sec_enc>>WS>>Security>>SUCCESS>>1731522008900
BIP2379I<<Stopping all deployed resources as requested by the deploy operation. <<1731522008900
BIP2376I<<Restarting all deployed resources as requested by the deploy operation. <<1731522008900
BIP9320E<<Message Flow 'Json_transform', 'Json_transform' encountered a failure and could not start. <<1731522008900
BIP3726E<<Failed to setup SOAP transport for node SOAP Request. <<1731522008900
BIP3728E<<Configuration of WS-Security layer using policy set '{WS_sec_enc}:Policy_1' and policy set binding '{WS_sec_enc}:Bin_1' failed. <<1731522008900
BIP3727E<<com.ibm.wsspi.wssecurity.core.SoapSecurityException: CWWSS7280E: Token Generator token type [http://docs.oasis-open.org/wss/2004/01/oasis-200401-wss-x509-token-profile-1.0#X509v3] does not match encryption token type defined in the policy. <<1731522008900
BIP3701E<<A Java exception was thrown whilst calling the Java JNI method 'method_com_ibm_broker_axis2_Axis2NodeRegistrationUtil_registerSyncRequestNode'. The Java exception was 'BIP3726E: com.ibm.broker.axis2.MbSoapException: Failed to setup Axis2'. The Java stack trace was 'Frame : 0 com.ibm.broker.axis2.MbSoapException: Failed to setup Axis2<<1731522008900
BIP9332I<<PolicyProject 'WS_sec_enc' has been reloaded successfully. <<1731522008900
BIP9332I<<Application 'SOAP_provider' has been reloaded successfully. <<1731522008900
BIP9333W<<Application 'WS_security' has been reloaded but contains errors which has prevented some resources from starting. <<1731522008900
BIP9326I<<The source 'WS_sec_encproject.generated.bar' has been successfully deployed. <<1731522008900
WS_sec_enc>>WS>>Security>>SUCCESS>>1731522181030
BIP9339W<<The values defined in the policy(s) 'Bin_1.wssecbindings.xml, Policy_1.wssecpolicy.xml' in policy project 'WS_sec_enc' match the values of the existing policy(s). Any deployed resources using the policy(s) will not be affected by the redeploy of the policy project. <<1731522181030
BIP9326I<<The source 'WS_sec_encproject.generated.bar' has been successfully deployed. <<1731522181030
WS_security_enc.bar>>WS>>Security>>WARNING>>1731522194494
BIP9320E<<Message Flow 'Json_transform', 'Json_transform' encountered a failure and could not start. <<1731522194494
BIP3726E<<Failed to setup SOAP transport for node SOAP Request. <<1731522194494
BIP3728E<<Configuration of WS-Security layer using policy set '{WS_sec_enc}:Policy_1' and policy set binding '{WS_sec_enc}:Bin_1' failed. <<1731522194494
BIP3727E<<com.ibm.wsspi.wssecurity.core.SoapSecurityException: CWWSS7280E: Token Generator token type [http://docs.oasis-open.org/wss/2004/01/oasis-200401-wss-x509-token-profile-1.0#X509v3] does not match encryption token type defined in the policy. <<1731522194494
BIP3701E<<A Java exception was thrown whilst calling the Java JNI method 'method_com_ibm_broker_axis2_Axis2NodeRegistrationUtil_registerSyncRequestNode'. The Java exception was 'BIP3726E: com.ibm.broker.axis2.MbSoapException: Failed to setup Axis2'. The Java stack trace was 'Frame : 0 com.ibm.broker.axis2.MbSoapException: Failed to setup Axis2<<1731522194494
BIP9332I<<Application 'SOAP_provider' has been changed successfully. <<1731522194494
BIP9333W<<Application 'WS_security' has been changed but contains errors which has prevented some resources from starting. <<1731522194494
BIP1096E<<The source 'WS_security_enc.bar' has been deployed but there were one or more failures which may mean the deployed resources will be unable to execute. <<1731522194494
WS_sec_enc>>WS>>Security>>SUCCESS>>1731522207152
BIP9339W<<The values defined in the policy(s) 'Bin_1.wssecbindings.xml, Policy_1.wssecpolicy.xml' in policy project 'WS_sec_enc' match the values of the existing policy(s). Any deployed resources using the policy(s) will not be affected by the redeploy of the policy project. <<1731522207152
BIP9326I<<The source 'WS_sec_encproject.generated.bar' has been successfully deployed. <<1731522207152
WS_sec_enc>>WS>>Security>>ERROR>>1731522371680
BIP9328E<<The policy project 'WS_sec_enc' cannot be redeployed at this time as the non-dynamic policy 'Bin_1.wssecbindings.xml' differs from what is currently deployed. To allow redeploying of this policy project use the 'restart-all-applications' option. <<1731522371680
BIP9325E<<The source 'WS_sec_encproject.generated.bar' could not be deployed as it contains errors. No changes have been made to the integration server. <<1731522371680
WS_sec_enc>>WS>>Security>>SUCCESS>>1731522375047
BIP2379I<<Stopping all deployed resources as requested by the deploy operation. <<1731522375047
BIP2376I<<Restarting all deployed resources as requested by the deploy operation. <<1731522375047
BIP9320E<<Message Flow 'Json_transform', 'Json_transform' encountered a failure and could not start. <<1731522375047
BIP3726E<<Failed to setup SOAP transport for node SOAP Request. <<1731522375047
BIP3728E<<Configuration of WS-Security layer using policy set '{WS_sec_enc}:Policy_1' and policy set binding '{WS_sec_enc}:Bin_1' failed. <<1731522375047
BIP3727E<<com.ibm.wsspi.wssecurity.core.SoapSecurityException: CWWSS7280E: Token Generator token type [http://docs.oasis-open.org/wss/2004/01/oasis-200401-wss-x509-token-profile-1.0#X509v3] does not match encryption token type defined in the policy. <<1731522375047
BIP3701E<<A Java exception was thrown whilst calling the Java JNI method 'method_com_ibm_broker_axis2_Axis2NodeRegistrationUtil_registerSyncRequestNode'. The Java exception was 'BIP3726E: com.ibm.broker.axis2.MbSoapException: Failed to setup Axis2'. The Java stack trace was 'Frame : 0 com.ibm.broker.axis2.MbSoapException: Failed to setup Axis2<<1731522375047
BIP9332I<<PolicyProject 'WS_sec_enc' has been reloaded successfully. <<1731522375047
BIP9332I<<Application 'SOAP_provider' has been reloaded successfully. <<1731522375047
BIP9333W<<Application 'WS_security' has been reloaded but contains errors which has prevented some resources from starting. <<1731522375047
BIP9326I<<The source 'WS_sec_encproject.generated.bar' has been successfully deployed. <<1731522375047
WS_sec_enc>>WS>>Security>>ERROR>>1731522617654
BIP9328E<<The policy project 'WS_sec_enc' cannot be redeployed at this time as the non-dynamic policy 'Bin_1.wssecbindings.xml' differs from what is currently deployed. To allow redeploying of this policy project use the 'restart-all-applications' option. <<1731522617654
BIP9328E<<The policy project 'WS_sec_enc' cannot be redeployed at this time as the non-dynamic policy 'Policy_1.wssecpolicy.xml' differs from what is currently deployed. To allow redeploying of this policy project use the 'restart-all-applications' option. <<1731522617654
BIP9325E<<The source 'WS_sec_encproject.generated.bar' could not be deployed as it contains errors. No changes have been made to the integration server. <<1731522617654
WS_sec_enc>>WS>>Security>>SUCCESS>>1731522622181
BIP2379I<<Stopping all deployed resources as requested by the deploy operation. <<1731522622181
BIP2376I<<Restarting all deployed resources as requested by the deploy operation. <<1731522622181
BIP9320E<<Message Flow 'Json_transform', 'Json_transform' encountered a failure and could not start. <<1731522622181
BIP3726E<<Failed to setup SOAP transport for node SOAP Request. <<1731522622181
BIP3728E<<Configuration of WS-Security layer using policy set '{WS_sec_enc}:Policy_1' and policy set binding '{WS_sec_enc}:Bin_1' failed. <<1731522622181
BIP3727E<<com.ibm.wsspi.wssecurity.core.SoapSecurityException: CWWSS7280E: Token Generator token type [http://docs.oasis-open.org/wss/2004/01/oasis-200401-wss-x509-token-profile-1.0#X509v3] does not match encryption token type defined in the policy. <<1731522622181
BIP3701E<<A Java exception was thrown whilst calling the Java JNI method 'method_com_ibm_broker_axis2_Axis2NodeRegistrationUtil_registerSyncRequestNode'. The Java exception was 'BIP3726E: com.ibm.broker.axis2.MbSoapException: Failed to setup Axis2'. The Java stack trace was 'Frame : 0 com.ibm.broker.axis2.MbSoapException: Failed to setup Axis2<<1731522622181
BIP9332I<<PolicyProject 'WS_sec_enc' has been reloaded successfully. <<1731522622181
BIP9332I<<Application 'SOAP_provider' has been reloaded successfully. <<1731522622181
BIP9333W<<Application 'WS_security' has been reloaded but contains errors which has prevented some resources from starting. <<1731522622181
BIP9326I<<The source 'WS_sec_encproject.generated.bar' has been successfully deployed. <<1731522622181
WS>>WS>>Security>>SUCCESS>>1731530482898
BIP9332I<<PolicyProject 'WS' has been created successfully. <<1731530482898
BIP9326I<<The source 'WSproject.generated.bar' has been successfully deployed. <<1731530482898
WS_security_enc.bar>>WS>>Security>>WARNING>>1731530487809
BIP3662E<<The policy set binding '{WS}:Binding_2' was not found. <<1731530487809
BIP9320E<<Message Flow 'Json_transform', 'Json_transform' encountered a failure and could not start. <<1731530487809
BIP3726E<<Failed to setup SOAP transport for node SOAP Request. <<1731530487809
BIP3728E<<Configuration of WS-Security layer using policy set '{WS}:Policy_2' and policy set binding '{WS}:Binding_2' failed. <<1731530487809
BIP3662E<<The policy set binding '{WS}:Binding_2' was not found. <<1731530487809
BIP9332I<<Application 'SOAP_provider' has been created successfully. <<1731530487809
BIP9333W<<Application 'WS_security' has been created but contains errors which has prevented some resources from starting. <<1731530487809
BIP1096E<<The source 'WS_security_enc.bar' has been deployed but there were one or more failures which may mean the deployed resources will be unable to execute. <<1731530487809
WS_security_enc.bar>>WS>>Security>>WARNING>>1731530528346
BIP9320E<<Message Flow 'Json_transform', 'Json_transform' encountered a failure and could not start. <<1731530528346
BIP3726E<<Failed to setup SOAP transport for node SOAP Request. <<1731530528346
BIP3728E<<Configuration of WS-Security layer using policy set '{WS}:Policy_2' and policy set binding '{WS}:Bindings_2' failed. <<1731530528346
BIP3727E<<com.ibm.wsspi.wssecurity.core.SoapSecurityException: CWWSS7280E: Token Generator token type [http://docs.oasis-open.org/wss/oasis-wss-kerberos-token-profile-1.1#GSS_Kerberosv5_AP_REQ] does not match encryption token type defined in the policy. <<1731530528346
BIP3701E<<A Java exception was thrown whilst calling the Java JNI method 'method_com_ibm_broker_axis2_Axis2NodeRegistrationUtil_registerSyncRequestNode'. The Java exception was 'BIP3726E: com.ibm.broker.axis2.MbSoapException: Failed to setup Axis2'. The Java stack trace was 'Frame : 0 com.ibm.broker.axis2.MbSoapException: Failed to setup Axis2<<1731530528346
BIP9332I<<Application 'SOAP_provider' has been changed successfully. <<1731530528346
BIP9333W<<Application 'WS_security' has been changed but contains errors which has prevented some resources from starting. <<1731530528346
BIP1096E<<The source 'WS_security_enc.bar' has been deployed but there were one or more failures which may mean the deployed resources will be unable to execute. <<1731530528346
WS>>WS>>Security>>ERROR>>1731530577526
BIP9328E<<The policy project 'WS' cannot be redeployed at this time as the non-dynamic policy 'Bindings_2.wssecbindings.xml' differs from what is currently deployed. To allow redeploying of this policy project use the 'restart-all-applications' option. <<1731530577526
BIP9325E<<The source 'WSproject.generated.bar' could not be deployed as it contains errors. No changes have been made to the integration server. <<1731530577526
WS>>WS>>Security>>SUCCESS>>1731530579663
BIP2379I<<Stopping all deployed resources as requested by the deploy operation. <<1731530579663
BIP2376I<<Restarting all deployed resources as requested by the deploy operation. <<1731530579663
BIP9320E<<Message Flow 'Json_transform', 'Json_transform' encountered a failure and could not start. <<1731530579663
BIP3726E<<Failed to setup SOAP transport for node SOAP Request. <<1731530579663
BIP3728E<<Configuration of WS-Security layer using policy set '{WS}:Policy_2' and policy set binding '{WS}:Bindings_2' failed. <<1731530579663
BIP3727E<<com.ibm.wsspi.wssecurity.core.SoapSecurityException: CWWSS5431E: Expecting only one KeyInfo in Generator EncryptionInfo but found: com.ibm.ws.wssecurity.confimpl.PrivateGeneratorConfig$EncryptionGeneratorConfImpl(dataEncryptionMethod=[com.ibm.ws.wssecurity.confimpl.PrivateCommonConfig$AlgorithmConfImpl(algorithm=[http://www.w3.org/2001/04/xmlenc#aes256-cbc], type=[null], properties=[{}])], keyEncryptionMethod=[null], encryptionKeyInfo=[null], reference=[com.ibm.ws.wssecurity.confimpl.PrivateCommonConfig$ReferencePartConfImpl(parts=[[com.ibm.ws.wssecurity.confimpl.PrivateCommonConfig$PartConfImpl(timestamp=[false], nonce=[false], dialect=[http://www.ibm.com/websphere/webservices/wssecurity/dialect-was], keyword=[signature], headerName=[null], headerNamespace=[null])]], order=[1], oneOfIntegralParts=[true], callerRequired=[false], trustMethodRequired=[false])], properties=[{}], signatureAfterEncryption=[false]). <<1731530579663
BIP3701E<<A Java exception was thrown whilst calling the Java JNI method 'method_com_ibm_broker_axis2_Axis2NodeRegistrationUtil_registerSyncRequestNode'. The Java exception was 'BIP3726E: com.ibm.broker.axis2.MbSoapException: Failed to setup Axis2'. The Java stack trace was 'Frame : 0 com.ibm.broker.axis2.MbSoapException: Failed to setup Axis2<<1731530579663
BIP9332I<<PolicyProject 'WS' has been reloaded successfully. <<1731530579663
BIP9332I<<Application 'SOAP_provider' has been reloaded successfully. <<1731530579663
BIP9333W<<Application 'WS_security' has been reloaded but contains errors which has prevented some resources from starting. <<1731530579663
BIP9326I<<The source 'WSproject.generated.bar' has been successfully deployed. <<1731530579663
WS>>WS>>Security>>ERROR>>1731531330471
BIP9328E<<The policy project 'WS' cannot be redeployed at this time as the non-dynamic policy 'Bindings_2.wssecbindings.xml' differs from what is currently deployed. To allow redeploying of this policy project use the 'restart-all-applications' option. <<1731531330471
BIP9325E<<The source 'WSproject.generated.bar' could not be deployed as it contains errors. No changes have been made to the integration server. <<1731531330471
WS>>WS>>Security>>SUCCESS>>1731531333275
BIP2379I<<Stopping all deployed resources as requested by the deploy operation. <<1731531333275
BIP2376I<<Restarting all deployed resources as requested by the deploy operation. <<1731531333275
BIP9320E<<Message Flow 'Json_transform', 'Json_transform' encountered a failure and could not start. <<1731531333275
BIP3726E<<Failed to setup SOAP transport for node SOAP Request. <<1731531333275
BIP3728E<<Configuration of WS-Security layer using policy set '{WS}:Policy_2' and policy set binding '{WS}:Bindings_2' failed. <<1731531333275
BIP3727E<<com.ibm.wsspi.wssecurity.core.SoapSecurityException: CWWSS7280E: Token Generator token type [http://docs.oasis-open.org/wss/2004/01/oasis-200401-wss-x509-token-profile-1.0#X509v3] does not match encryption token type defined in the policy. <<1731531333275
BIP3701E<<A Java exception was thrown whilst calling the Java JNI method 'method_com_ibm_broker_axis2_Axis2NodeRegistrationUtil_registerSyncRequestNode'. The Java exception was 'BIP3726E: com.ibm.broker.axis2.MbSoapException: Failed to setup Axis2'. The Java stack trace was 'Frame : 0 com.ibm.broker.axis2.MbSoapException: Failed to setup Axis2<<1731531333275
BIP9332I<<PolicyProject 'WS' has been reloaded successfully. <<1731531333275
BIP9332I<<Application 'SOAP_provider' has been reloaded successfully. <<1731531333275
BIP9333W<<Application 'WS_security' has been reloaded but contains errors which has prevented some resources from starting. <<1731531333275
BIP9326I<<The source 'WSproject.generated.bar' has been successfully deployed. <<1731531333275
WS>>WS>>Security>>SUCCESS>>1731531396187
BIP9339W<<The values defined in the policy(s) 'Bindings_2.wssecbindings.xml, Policy_2.wssecpolicy.xml' in policy project 'WS' match the values of the existing policy(s). Any deployed resources using the policy(s) will not be affected by the redeploy of the policy project. <<1731531396187
BIP9326I<<The source 'WSproject.generated.bar' has been successfully deployed. <<1731531396187
WS>>WS>>Security>>SUCCESS>>1731531424725
BIP9339W<<The values defined in the policy(s) 'Bindings_2.wssecbindings.xml, Policy_2.wssecpolicy.xml' in policy project 'WS' match the values of the existing policy(s). Any deployed resources using the policy(s) will not be affected by the redeploy of the policy project. <<1731531424725
BIP9326I<<The source 'WSproject.generated.bar' has been successfully deployed. <<1731531424725
WS_security_enc.bar>>WS>>Security>>WARNING>>1731531434794
BIP9320E<<Message Flow 'Json_transform', 'Json_transform' encountered a failure and could not start. <<1731531434794
BIP3726E<<Failed to setup SOAP transport for node SOAP Request. <<1731531434794
BIP3728E<<Configuration of WS-Security layer using policy set '{WS}:Policy_2' and policy set binding '{WS}:Bindings_2' failed. <<1731531434794
BIP3727E<<com.ibm.wsspi.wssecurity.core.SoapSecurityException: CWWSS7280E: Token Generator token type [http://docs.oasis-open.org/wss/2004/01/oasis-200401-wss-x509-token-profile-1.0#X509v3] does not match encryption token type defined in the policy. <<1731531434794
BIP3701E<<A Java exception was thrown whilst calling the Java JNI method 'method_com_ibm_broker_axis2_Axis2NodeRegistrationUtil_registerSyncRequestNode'. The Java exception was 'BIP3726E: com.ibm.broker.axis2.MbSoapException: Failed to setup Axis2'. The Java stack trace was 'Frame : 0 com.ibm.broker.axis2.MbSoapException: Failed to setup Axis2<<1731531434794
BIP9332I<<Application 'SOAP_provider' has been changed successfully. <<1731531434794
BIP9333W<<Application 'WS_security' has been changed but contains errors which has prevented some resources from starting. <<1731531434794
BIP1096E<<The source 'WS_security_enc.bar' has been deployed but there were one or more failures which may mean the deployed resources will be unable to execute. <<1731531434794
WS>>WS>>Security>>ERROR>>1731531470823
BIP9328E<<The policy project 'WS' cannot be redeployed at this time as the non-dynamic policy 'Bindings_2.wssecbindings.xml' differs from what is currently deployed. To allow redeploying of this policy project use the 'restart-all-applications' option. <<1731531470823
BIP9325E<<The source 'WSproject.generated.bar' could not be deployed as it contains errors. No changes have been made to the integration server. <<1731531470823
WS>>WS>>Security>>SUCCESS>>1731531473733
BIP2379I<<Stopping all deployed resources as requested by the deploy operation. <<1731531473733
BIP2376I<<Restarting all deployed resources as requested by the deploy operation. <<1731531473733
BIP9320E<<Message Flow 'Json_transform', 'Json_transform' encountered a failure and could not start. <<1731531473733
BIP3726E<<Failed to setup SOAP transport for node SOAP Request. <<1731531473733
BIP3728E<<Configuration of WS-Security layer using policy set '{WS}:Policy_2' and policy set binding '{WS}:Bindings_2' failed. <<1731531473733
BIP3727E<<com.ibm.wsspi.wssecurity.core.SoapSecurityException: CWWSS7280E: Token Generator token type [http://docs.oasis-open.org/wss/2004/01/oasis-200401-wss-x509-token-profile-1.0#X509v3] does not match encryption token type defined in the policy. <<1731531473733
BIP3701E<<A Java exception was thrown whilst calling the Java JNI method 'method_com_ibm_broker_axis2_Axis2NodeRegistrationUtil_registerSyncRequestNode'. The Java exception was 'BIP3726E: com.ibm.broker.axis2.MbSoapException: Failed to setup Axis2'. The Java stack trace was 'Frame : 0 com.ibm.broker.axis2.MbSoapException: Failed to setup Axis2<<1731531473733
BIP9332I<<PolicyProject 'WS' has been reloaded successfully. <<1731531473733
BIP9332I<<Application 'SOAP_provider' has been reloaded successfully. <<1731531473733
BIP9333W<<Application 'WS_security' has been reloaded but contains errors which has prevented some resources from starting. <<1731531473733
BIP9326I<<The source 'WSproject.generated.bar' has been successfully deployed. <<1731531473733
WS>>WS>>Security>>ERROR>>1731531530070
BIP9328E<<The policy project 'WS' cannot be redeployed at this time as the non-dynamic policy 'Bindings_2.wssecbindings.xml' differs from what is currently deployed. To allow redeploying of this policy project use the 'restart-all-applications' option. <<1731531530070
BIP9325E<<The source 'WSproject.generated.bar' could not be deployed as it contains errors. No changes have been made to the integration server. <<1731531530070
WS>>WS>>Security>>SUCCESS>>1731531533059
BIP2379I<<Stopping all deployed resources as requested by the deploy operation. <<1731531533059
BIP2376I<<Restarting all deployed resources as requested by the deploy operation. <<1731531533059
BIP9320E<<Message Flow 'Json_transform', 'Json_transform' encountered a failure and could not start. <<1731531533059
BIP3726E<<Failed to setup SOAP transport for node SOAP Request. <<1731531533059
BIP3728E<<Configuration of WS-Security layer using policy set '{WS}:Policy_2' and policy set binding '{WS}:Bindings_2' failed. <<1731531533059
BIP3727E<<com.ibm.wsspi.wssecurity.core.SoapSecurityException: CWWSS7280E: Token Generator token type [http://docs.oasis-open.org/wss/2004/01/oasis-200401-wss-x509-token-profile-1.0#X509v3] does not match encryption token type defined in the policy. <<1731531533059
BIP3701E<<A Java exception was thrown whilst calling the Java JNI method 'method_com_ibm_broker_axis2_Axis2NodeRegistrationUtil_registerSyncRequestNode'. The Java exception was 'BIP3726E: com.ibm.broker.axis2.MbSoapException: Failed to setup Axis2'. The Java stack trace was 'Frame : 0 com.ibm.broker.axis2.MbSoapException: Failed to setup Axis2<<1731531533059
BIP9332I<<PolicyProject 'WS' has been reloaded successfully. <<1731531533059
BIP9332I<<Application 'SOAP_provider' has been reloaded successfully. <<1731531533059
BIP9333W<<Application 'WS_security' has been reloaded but contains errors which has prevented some resources from starting. <<1731531533059
BIP9326I<<The source 'WSproject.generated.bar' has been successfully deployed. <<1731531533059
WS>>WS>>Security>>ERROR>>1731531599285
BIP9328E<<The policy project 'WS' cannot be redeployed at this time as the non-dynamic policy 'Bindings_2.wssecbindings.xml' differs from what is currently deployed. To allow redeploying of this policy project use the 'restart-all-applications' option. <<1731531599285
BIP9325E<<The source 'WSproject.generated.bar' could not be deployed as it contains errors. No changes have been made to the integration server. <<1731531599285
WS>>WS>>Security>>SUCCESS>>1731531601949
BIP2379I<<Stopping all deployed resources as requested by the deploy operation. <<1731531601949
BIP2376I<<Restarting all deployed resources as requested by the deploy operation. <<1731531601949
BIP9320E<<Message Flow 'Json_transform', 'Json_transform' encountered a failure and could not start. <<1731531601949
BIP3726E<<Failed to setup SOAP transport for node SOAP Request. <<1731531601949
BIP3728E<<Configuration of WS-Security layer using policy set '{WS}:Policy_2' and policy set binding '{WS}:Bindings_2' failed. <<1731531601949
BIP3727E<<com.ibm.wsspi.wssecurity.core.SoapSecurityException: CWWSS7280E: Token Generator token type [http://docs.oasis-open.org/wss/2004/01/oasis-200401-wss-x509-token-profile-1.0#X509v3] does not match encryption token type defined in the policy. <<1731531601949
BIP3701E<<A Java exception was thrown whilst calling the Java JNI method 'method_com_ibm_broker_axis2_Axis2NodeRegistrationUtil_registerSyncRequestNode'. The Java exception was 'BIP3726E: com.ibm.broker.axis2.MbSoapException: Failed to setup Axis2'. The Java stack trace was 'Frame : 0 com.ibm.broker.axis2.MbSoapException: Failed to setup Axis2<<1731531601949
BIP9332I<<PolicyProject 'WS' has been reloaded successfully. <<1731531601949
BIP9332I<<Application 'SOAP_provider' has been reloaded successfully. <<1731531601949
BIP9333W<<Application 'WS_security' has been reloaded but contains errors which has prevented some resources from starting. <<1731531601949
BIP9326I<<The source 'WSproject.generated.bar' has been successfully deployed. <<1731531601949
WS>>WS>>Security>>ERROR>>1731532458210
BIP9328E<<The policy project 'WS' cannot be redeployed at this time as the non-dynamic policy 'Bindings_2.wssecbindings.xml' differs from what is currently deployed. To allow redeploying of this policy project use the 'restart-all-applications' option. <<1731532458210
BIP9328E<<The policy project 'WS' cannot be redeployed at this time as the non-dynamic policy 'Policy_2.wssecpolicy.xml' differs from what is currently deployed. To allow redeploying of this policy project use the 'restart-all-applications' option. <<1731532458210
BIP9325E<<The source 'WSproject.generated.bar' could not be deployed as it contains errors. No changes have been made to the integration server. <<1731532458210
WS>>WS>>Security>>SUCCESS>>1731532460972
BIP2379I<<Stopping all deployed resources as requested by the deploy operation. <<1731532460972
BIP2376I<<Restarting all deployed resources as requested by the deploy operation. <<1731532460972
BIP9332I<<PolicyProject 'WS' has been reloaded successfully. <<1731532460972
BIP9332I<<Application 'SOAP_provider' has been reloaded successfully. <<1731532460972
BIP9332I<<Application 'WS_security' has been reloaded successfully. <<1731532460972
BIP9326I<<The source 'WSproject.generated.bar' has been successfully deployed. <<1731532460972
WS_security_enc.bar>>WS>>Security>>SUCCESS>>1731533216155
BIP9332I<<Application 'SOAP_provider' has been changed successfully. <<1731533216155
BIP9332I<<Application 'WS_security' has been changed successfully. <<1731533216155
BIP9326I<<The source 'WS_security_enc.bar' has been successfully deployed. <<1731533216155
WS_security_enc.bar>>WS>>Security>>SUCCESS>>1731533349676
BIP9332I<<Application 'SOAP_provider' has been changed successfully. <<1731533349676
BIP9332I<<Application 'WS_security' has been changed successfully. <<1731533349676
BIP9326I<<The source 'WS_security_enc.bar' has been successfully deployed. <<1731533349676
WS_security_enc.bar>>WS>>Security>>SUCCESS>>1731533404062
BIP9332I<<Application 'SOAP_provider' has been changed successfully. <<1731533404062
BIP9332I<<Application 'WS_security' has been changed successfully. <<1731533404062
BIP9326I<<The source 'WS_security_enc.bar' has been successfully deployed. <<1731533404062
WS_security_enc.bar>>WS>>Security>>SUCCESS>>1731533614858
BIP9332I<<Application 'SOAP_provider' has been changed successfully. <<1731533614858
BIP9332I<<Application 'WS_security' has been changed successfully. <<1731533614858
BIP9326I<<The source 'WS_security_enc.bar' has been successfully deployed. <<1731533614858
WS_security_enc.bar>>WS>>Security>>SUCCESS>>1731536570096
BIP9332I<<Application 'SOAP_provider' has been changed successfully. <<1731536570096
BIP9332I<<Application 'WS_security' has been changed successfully. <<1731536570096
BIP9326I<<The source 'WS_security_enc.bar' has been successfully deployed. <<1731536570096
WS_security_enc.bar>>WS>>Security>>SUCCESS>>1731543989194
BIP9332I<<Application 'SOAP_provider' has been changed successfully. <<1731543989194
BIP9332I<<Application 'WS_security' has been changed successfully. <<1731543989194
BIP9326I<<The source 'WS_security_enc.bar' has been successfully deployed. <<1731543989194
WS_sec_signiture.bar>>WS>>Security>>WARNING>>1731598545091
BIP3661E<<The policy set '{WS_sec}:Policy_1' was not found. <<1731598545091
BIP9320E<<Message Flow 'Json_transform', 'Json_transform' encountered a failure and could not start. <<1731598545091
BIP3726E<<Failed to setup SOAP transport for node SOAP Request. <<1731598545091
BIP3728E<<Configuration of WS-Security layer using policy set '{WS_sec}:Policy_1' and policy set binding '{WS_sec}:Bindings_1' failed. <<1731598545091
BIP3701E<<A Java exception was thrown whilst calling the Java JNI method 'method_com_ibm_broker_axis2_Axis2NodeRegistrationUtil_registerSyncRequestNode'. The Java exception was 'BIP3726E: com.ibm.broker.axis2.MbSoapException: Failed to setup Axis2'. The Java stack trace was 'Frame : 0 com.ibm.broker.axis2.MbSoapException: Failed to setup Axis2<<1731598545091
BIP9332I<<Application 'SOAP_provider' has been created successfully. <<1731598545091
BIP9333W<<Application 'WS_security' has been created but contains errors which has prevented some resources from starting. <<1731598545091
BIP1096E<<The source 'WS_sec_signiture.bar' has been deployed but there were one or more failures which may mean the deployed resources will be unable to execute. <<1731598545091
WS_sec>>WS>>Security>>SUCCESS>>1731598571735
BIP9332I<<PolicyProject 'WS_sec' has been created successfully. <<1731598571735
BIP9326I<<The source 'WS_secproject.generated.bar' has been successfully deployed. <<1731598571735
WS>>WS>>Security>>SUCCESS>>1731598571927
BIP9332I<<PolicyProject 'WS' has been created successfully. <<1731598571927
BIP9326I<<The source 'WSproject.generated.bar' has been successfully deployed. <<1731598571927
WS_sec_signiture.bar>>WS>>Security>>SUCCESS>>1731598580930
BIP9332I<<Application 'SOAP_provider' has been changed successfully. <<1731598580930
BIP9332I<<Application 'WS_security' has been changed successfully. <<1731598580930
BIP9326I<<The source 'WS_sec_signiture.bar' has been successfully deployed. <<1731598580930
WS>>WS>>Security>>SUCCESS>>1731600113274
BIP9332I<<PolicyProject 'WS' has been created successfully. <<1731600113274
BIP9326I<<The source 'WSproject.generated.bar' has been successfully deployed. <<1731600113274
WS_security_enc.bar>>WS>>Security>>SUCCESS>>1731600119024
BIP9332I<<Application 'SOAP_provider' has been created successfully. <<1731600119024
BIP9332I<<Application 'WS_security' has been created successfully. <<1731600119024
BIP9326I<<The source 'WS_security_enc.bar' has been successfully deployed. <<1731600119024
WS_security_enc.bar>>WS>>Security>>SUCCESS>>1731600276684
BIP9332I<<Application 'SOAP_provider' has been changed successfully. <<1731600276684
BIP9332I<<Application 'WS_security' has been changed successfully. <<1731600276684
BIP9326I<<The source 'WS_security_enc.bar' has been successfully deployed. <<1731600276684
WS>>WS>>Security>>SUCCESS>>1731600449219
BIP9332I<<PolicyProject 'WS' has been created successfully. <<1731600449219
BIP9326I<<The source 'WSproject.generated.bar' has been successfully deployed. <<1731600449219
WS_security_enc.bar>>WS>>Security>>SUCCESS>>1731600454713
BIP9332I<<Application 'SOAP_provider' has been created successfully. <<1731600454713
BIP9332I<<Application 'WS_security' has been created successfully. <<1731600454713
BIP9326I<<The source 'WS_security_enc.bar' has been successfully deployed. <<1731600454713
WS_sec>>WS>>Security>>SUCCESS>>1731600534616
BIP9332I<<PolicyProject 'WS_sec' has been created successfully. <<1731600534616
BIP9326I<<The source 'WS_secproject.generated.bar' has been successfully deployed. <<1731600534616
WS_sec_signiture.bar>>WS>>Security>>SUCCESS>>1731600539085
BIP9332I<<Application 'SOAP_provider' has been created successfully. <<1731600539085
BIP9332I<<Application 'WS_security' has been created successfully. <<1731600539085
BIP9326I<<The source 'WS_sec_signiture.bar' has been successfully deployed. <<1731600539085
WS>>WS>>Security>>SUCCESS>>1731600758530
BIP9332I<<PolicyProject 'WS' has been created successfully. <<1731600758530
BIP9326I<<The source 'WSproject.generated.bar' has been successfully deployed. <<1731600758530
WS_security_enc.bar>>WS>>Security>>SUCCESS>>1731600764464
BIP9332I<<Application 'SOAP_provider' has been changed successfully. <<1731600764464
BIP9332I<<Application 'WS_security' has been changed successfully. <<1731600764464
BIP9326I<<The source 'WS_security_enc.bar' has been successfully deployed. <<1731600764464
WS>>WS>>Security>>ERROR>>1731600930870
BIP9328E<<The policy project 'WS' cannot be redeployed at this time as the non-dynamic policy 'Policy_2.wssecpolicy.xml' differs from what is currently deployed. To allow redeploying of this policy project use the 'restart-all-applications' option. <<1731600930870
BIP9325E<<The source 'WSproject.generated.bar' could not be deployed as it contains errors. No changes have been made to the integration server. <<1731600930870
WS>>WS>>Security>>SUCCESS>>1731600936365
BIP2379I<<Stopping all deployed resources as requested by the deploy operation. <<1731600936365
BIP2376I<<Restarting all deployed resources as requested by the deploy operation. <<1731600936365
BIP9332I<<PolicyProject 'WS' has been reloaded successfully. <<1731600936365
BIP9332I<<PolicyProject 'WS_sec' has been reloaded successfully. <<1731600936365
BIP9332I<<Application 'SOAP_provider' has been reloaded successfully. <<1731600936365
BIP9332I<<Application 'WS_security' has been reloaded successfully. <<1731600936365
BIP9326I<<The source 'WSproject.generated.bar' has been successfully deployed. <<1731600936365
WS>>WS>>Security>>ERROR>>1731601652590
BIP9328E<<The policy project 'WS' cannot be redeployed at this time as the non-dynamic policy 'Bindings_2.wssecbindings.xml' differs from what is currently deployed. To allow redeploying of this policy project use the 'restart-all-applications' option. <<1731601652590
BIP9328E<<The policy project 'WS' cannot be redeployed at this time as the non-dynamic policy 'Policy_2.wssecpolicy.xml' differs from what is currently deployed. To allow redeploying of this policy project use the 'restart-all-applications' option. <<1731601652590
BIP9325E<<The source 'WSproject.generated.bar' could not be deployed as it contains errors. No changes have been made to the integration server. <<1731601652590
WS>>WS>>Security>>SUCCESS>>1731601655718
BIP2379I<<Stopping all deployed resources as requested by the deploy operation. <<1731601655718
BIP2376I<<Restarting all deployed resources as requested by the deploy operation. <<1731601655718
BIP9320E<<Message Flow 'Json_transform', 'Json_transform' encountered a failure and could not start. <<1731601655718
BIP3726E<<Failed to setup SOAP transport for node SOAP Request. <<1731601655718
BIP3728E<<Configuration of WS-Security layer using policy set '{WS}:Policy_2' and policy set binding '{WS}:Bindings_2' failed. <<1731601655718
BIP3727E<<com.ibm.wsspi.wssecurity.core.SoapSecurityException: CWWSS7279E: Token Generator token type [http://docs.oasis-open.org/wss/2004/01/oasis-200401-wss-x509-token-profile-1.0#X509v3] does not match signature token type defined in the policy. <<1731601655718
BIP3701E<<A Java exception was thrown whilst calling the Java JNI method 'method_com_ibm_broker_axis2_Axis2NodeRegistrationUtil_registerSyncRequestNode'. The Java exception was 'BIP3726E: com.ibm.broker.axis2.MbSoapException: Failed to setup Axis2'. The Java stack trace was 'Frame : 0 com.ibm.broker.axis2.MbSoapException: Failed to setup Axis2<<1731601655718
BIP9332I<<PolicyProject 'WS' has been reloaded successfully. <<1731601655718
BIP9332I<<PolicyProject 'WS_sec' has been reloaded successfully. <<1731601655718
BIP9332I<<Application 'SOAP_provider' has been reloaded successfully. <<1731601655718
BIP9333W<<Application 'WS_security' has been reloaded but contains errors which has prevented some resources from starting. <<1731601655718
BIP9326I<<The source 'WSproject.generated.bar' has been successfully deployed. <<1731601655718
WS>>WS>>Security>>SUCCESS>>1731601668719
BIP9339W<<The values defined in the policy(s) 'Bindings_2.wssecbindings.xml, Policy_2.wssecpolicy.xml' in policy project 'WS' match the values of the existing policy(s). Any deployed resources using the policy(s) will not be affected by the redeploy of the policy project. <<1731601668719
BIP9326I<<The source 'WSproject.generated.bar' has been successfully deployed. <<1731601668719
WS_security_enc.bar>>WS>>Security>>WARNING>>1731601677133
BIP9320E<<Message Flow 'Json_transform', 'Json_transform' encountered a failure and could not start. <<1731601677133
BIP3726E<<Failed to setup SOAP transport for node SOAP Request. <<1731601677133
BIP3728E<<Configuration of WS-Security layer using policy set '{WS}:Policy_2' and policy set binding '{WS}:Bindings_2' failed. <<1731601677133
BIP3727E<<com.ibm.wsspi.wssecurity.core.SoapSecurityException: CWWSS7279E: Token Generator token type [http://docs.oasis-open.org/wss/2004/01/oasis-200401-wss-x509-token-profile-1.0#X509v3] does not match signature token type defined in the policy. <<1731601677133
BIP3701E<<A Java exception was thrown whilst calling the Java JNI method 'method_com_ibm_broker_axis2_Axis2NodeRegistrationUtil_registerSyncRequestNode'. The Java exception was 'BIP3726E: com.ibm.broker.axis2.MbSoapException: Failed to setup Axis2'. The Java stack trace was 'Frame : 0 com.ibm.broker.axis2.MbSoapException: Failed to setup Axis2<<1731601677133
BIP9332I<<Application 'SOAP_provider' has been changed successfully. <<1731601677133
BIP9333W<<Application 'WS_security' has been changed but contains errors which has prevented some resources from starting. <<1731601677133
BIP1096E<<The source 'WS_security_enc.bar' has been deployed but there were one or more failures which may mean the deployed resources will be unable to execute. <<1731601677133
WS_security_enc.bar>>WS>>Security>>WARNING>>1731601717787
BIP9320E<<Message Flow 'Json_transform', 'Json_transform' encountered a failure and could not start. <<1731601717787
BIP3726E<<Failed to setup SOAP transport for node SOAP Request. <<1731601717787
BIP3728E<<Configuration of WS-Security layer using policy set '{WS}:Policy_2' and policy set binding '{WS}:Bindings_2' failed. <<1731601717787
BIP3727E<<com.ibm.wsspi.wssecurity.core.SoapSecurityException: CWWSS7279E: Token Generator token type [http://docs.oasis-open.org/wss/2004/01/oasis-200401-wss-x509-token-profile-1.0#X509v3] does not match signature token type defined in the policy. <<1731601717787
BIP3701E<<A Java exception was thrown whilst calling the Java JNI method 'method_com_ibm_broker_axis2_Axis2NodeRegistrationUtil_registerSyncRequestNode'. The Java exception was 'BIP3726E: com.ibm.broker.axis2.MbSoapException: Failed to setup Axis2'. The Java stack trace was 'Frame : 0 com.ibm.broker.axis2.MbSoapException: Failed to setup Axis2<<1731601717787
BIP9332I<<Application 'SOAP_provider' has been changed successfully. <<1731601717787
BIP9333W<<Application 'WS_security' has been changed but contains errors which has prevented some resources from starting. <<1731601717787
BIP1096E<<The source 'WS_security_enc.bar' has been deployed but there were one or more failures which may mean the deployed resources will be unable to execute. <<1731601717787
WS>>WS>>Security>>ERROR>>1731601850249
BIP9328E<<The policy project 'WS' cannot be redeployed at this time as the non-dynamic policy 'Bindings_2.wssecbindings.xml' differs from what is currently deployed. To allow redeploying of this policy project use the 'restart-all-applications' option. <<1731601850249
BIP9328E<<The policy project 'WS' cannot be redeployed at this time as the non-dynamic policy 'Policy_2.wssecpolicy.xml' differs from what is currently deployed. To allow redeploying of this policy project use the 'restart-all-applications' option. <<1731601850249
BIP9325E<<The source 'WSproject.generated.bar' could not be deployed as it contains errors. No changes have been made to the integration server. <<1731601850249
WS>>WS>>Security>>SUCCESS>>1731601852568
BIP2379I<<Stopping all deployed resources as requested by the deploy operation. <<1731601852568
BIP2376I<<Restarting all deployed resources as requested by the deploy operation. <<1731601852568
BIP9332I<<PolicyProject 'WS' has been reloaded successfully. <<1731601852568
BIP9332I<<PolicyProject 'WS_sec' has been reloaded successfully. <<1731601852568
BIP9332I<<Application 'SOAP_provider' has been reloaded successfully. <<1731601852568
BIP9332I<<Application 'WS_security' has been reloaded successfully. <<1731601852568
BIP9326I<<The source 'WSproject.generated.bar' has been successfully deployed. <<1731601852568
WS>>WS>>Security>>ERROR>>1731601978970
BIP9328E<<The policy project 'WS' cannot be redeployed at this time as the non-dynamic policy 'Bindings_2.wssecbindings.xml' differs from what is currently deployed. To allow redeploying of this policy project use the 'restart-all-applications' option. <<1731601978970
BIP9328E<<The policy project 'WS' cannot be redeployed at this time as the non-dynamic policy 'Policy_2.wssecpolicy.xml' differs from what is currently deployed. To allow redeploying of this policy project use the 'restart-all-applications' option. <<1731601978970
BIP9325E<<The source 'WSproject.generated.bar' could not be deployed as it contains errors. No changes have been made to the integration server. <<1731601978970
WS>>WS>>Security>>SUCCESS>>1731601981665
BIP2379I<<Stopping all deployed resources as requested by the deploy operation. <<1731601981665
BIP2376I<<Restarting all deployed resources as requested by the deploy operation. <<1731601981665
BIP9332I<<PolicyProject 'WS' has been reloaded successfully. <<1731601981665
BIP9332I<<PolicyProject 'WS_sec' has been reloaded successfully. <<1731601981665
BIP9332I<<Application 'SOAP_provider' has been reloaded successfully. <<1731601981665
BIP9332I<<Application 'WS_security' has been reloaded successfully. <<1731601981665
BIP9326I<<The source 'WSproject.generated.bar' has been successfully deployed. <<1731601981665
WS>>WS>>Security>>SUCCESS>>1731602256470
BIP9332I<<PolicyProject 'WS' has been created successfully. <<1731602256470
BIP9326I<<The source 'WSproject.generated.bar' has been successfully deployed. <<1731602256470
WS_security_enc.bar>>WS>>Security>>SUCCESS>>1731602264748
BIP9332I<<Application 'SOAP_provider' has been created successfully. <<1731602264748
BIP9332I<<Application 'WS_security' has been created successfully. <<1731602264748
BIP9326I<<The source 'WS_security_enc.bar' has been successfully deployed. <<1731602264748
WS>>WS>>Security>>ERROR>>1731602361938
BIP9328E<<The policy project 'WS' cannot be redeployed at this time as the non-dynamic policy 'Bindings_2.wssecbindings.xml' differs from what is currently deployed. To allow redeploying of this policy project use the 'restart-all-applications' option. <<1731602361938
BIP9325E<<The source 'WSproject.generated.bar' could not be deployed as it contains errors. No changes have been made to the integration server. <<1731602361938
WS>>WS>>Security>>SUCCESS>>1731602364466
BIP2379I<<Stopping all deployed resources as requested by the deploy operation. <<1731602364466
BIP2376I<<Restarting all deployed resources as requested by the deploy operation. <<1731602364466
BIP9332I<<PolicyProject 'WS' has been reloaded successfully. <<1731602364466
BIP9332I<<Application 'SOAP_provider' has been reloaded successfully. <<1731602364466
BIP9332I<<Application 'WS_security' has been reloaded successfully. <<1731602364466
BIP9326I<<The source 'WSproject.generated.bar' has been successfully deployed. <<1731602364466
WS>>WS>>Security>>ERROR>>1731605272025
BIP9328E<<The policy project 'WS' cannot be redeployed at this time as the non-dynamic policy 'Bindings_2.wssecbindings.xml' differs from what is currently deployed. To allow redeploying of this policy project use the 'restart-all-applications' option. <<1731605272025
BIP9328E<<The policy project 'WS' cannot be redeployed at this time as the non-dynamic policy 'Policy_2.wssecpolicy.xml' differs from what is currently deployed. To allow redeploying of this policy project use the 'restart-all-applications' option. <<1731605272025
BIP9325E<<The source 'WSproject.generated.bar' could not be deployed as it contains errors. No changes have been made to the integration server. <<1731605272025
WS>>WS>>Security>>SUCCESS>>1731605274509
BIP2379I<<Stopping all deployed resources as requested by the deploy operation. <<1731605274509
BIP2376I<<Restarting all deployed resources as requested by the deploy operation. <<1731605274509
BIP9332I<<PolicyProject 'WS' has been reloaded successfully. <<1731605274509
BIP9332I<<Application 'SOAP_provider' has been reloaded successfully. <<1731605274509
BIP9332I<<Application 'WS_security' has been reloaded successfully. <<1731605274509
BIP9326I<<The source 'WSproject.generated.bar' has been successfully deployed. <<1731605274509
WS2>>WS>>Security>>SUCCESS>>1731606109342
BIP9332I<<PolicyProject 'WS2' has been created successfully. <<1731606109342
BIP9326I<<The source 'WS2project.generated.bar' has been successfully deployed. <<1731606109342
WS>>WS>>Security>>SUCCESS>>1731606114899
BIP9332I<<PolicyProject 'WS' has been created successfully. <<1731606114899
BIP9326I<<The source 'WSproject.generated.bar' has been successfully deployed. <<1731606114899
WS_security_enc.bar>>WS>>Security>>WARNING>>1731606123401
BIP9320E<<Message Flow 'soap_provider', 'soap_provider' encountered a failure and could not start. <<1731606123401
BIP3726E<<Failed to setup SOAP transport for node SOAP Input. <<1731606123401
BIP3728E<<Configuration of WS-Security layer using policy set '{WS2}:P1' and policy set binding '{WS2}:B1' failed. <<1731606123401
BIP3727E<<com.ibm.wsspi.wssecurity.core.SoapSecurityException: CWWSS7282E: Token Consumer token type [http://docs.oasis-open.org/wss/2004/01/oasis-200401-wss-x509-token-profile-1.0#X509v3] does not match encryption token type defined in the policy. <<1731606123401
BIP3701E<<A Java exception was thrown whilst calling the Java JNI method 'Axis2NodeRegistrationUtil_registerInputNode'. The Java exception was 'BIP3726E: com.ibm.broker.axis2.MbSoapException: Failed to setup Axis2'. The Java stack trace was 'Frame : 0 com.ibm.broker.axis2.MbSoapException: Failed to setup Axis2<<1731606123401
BIP9333W<<Application 'SOAP_provider' has been created but contains errors which has prevented some resources from starting. <<1731606123401
BIP9332I<<Application 'WS_security' has been created successfully. <<1731606123401
BIP1096E<<The source 'WS_security_enc.bar' has been deployed but there were one or more failures which may mean the deployed resources will be unable to execute. <<1731606123401
WS2>>WS>>Security>>ERROR>>1731606202088
BIP9328E<<The policy project 'WS2' cannot be redeployed at this time as the non-dynamic policy 'P1.wssecpolicy.xml' differs from what is currently deployed. To allow redeploying of this policy project use the 'restart-all-applications' option. <<1731606202088
BIP9325E<<The source 'WS2project.generated.bar' could not be deployed as it contains errors. No changes have been made to the integration server. <<1731606202088
WS2>>WS>>Security>>SUCCESS>>1731606204512
BIP2379I<<Stopping all deployed resources as requested by the deploy operation. <<1731606204512
BIP2376I<<Restarting all deployed resources as requested by the deploy operation. <<1731606204512
BIP9332I<<PolicyProject 'WS' has been reloaded successfully. <<1731606204512
BIP9332I<<PolicyProject 'WS2' has been reloaded successfully. <<1731606204512
BIP9332I<<Application 'SOAP_provider' has been reloaded successfully. <<1731606204512
BIP9332I<<Application 'WS_security' has been reloaded successfully. <<1731606204512
BIP9326I<<The source 'WS2project.generated.bar' has been successfully deployed. <<1731606204512
WS_security_enc.bar>>WS>>Security>>SUCCESS>>1731607395580
BIP9332I<<Application 'SOAP_provider' has been changed successfully. <<1731607395580
BIP9332I<<Application 'WS_security' has been changed successfully. <<1731607395580
BIP9326I<<The source 'WS_security_enc.bar' has been successfully deployed. <<1731607395580
WS2>>WS>>Security>>SUCCESS>>1731607572189
BIP9339W<<The values defined in the policy(s) 'B1.wssecbindings.xml, P1.wssecpolicy.xml' in policy project 'WS2' match the values of the existing policy(s). Any deployed resources using the policy(s) will not be affected by the redeploy of the policy project. <<1731607572189
BIP9326I<<The source 'WS2project.generated.bar' has been successfully deployed. <<1731607572189
WS2>>WS>>Security>>ERROR>>1731613200446
BIP9328E<<The policy project 'WS2' cannot be redeployed at this time as the non-dynamic policy 'B1.wssecbindings.xml' differs from what is currently deployed. To allow redeploying of this policy project use the 'restart-all-applications' option. <<1731613200446
BIP9328E<<The policy project 'WS2' cannot be redeployed at this time as the non-dynamic policy 'P1.wssecpolicy.xml' differs from what is currently deployed. To allow redeploying of this policy project use the 'restart-all-applications' option. <<1731613200446
BIP9325E<<The source 'WS2project.generated.bar' could not be deployed as it contains errors. No changes have been made to the integration server. <<1731613200446
WS2>>WS>>Security>>SUCCESS>>1731613203645
BIP2379I<<Stopping all deployed resources as requested by the deploy operation. <<1731613203645
BIP2376I<<Restarting all deployed resources as requested by the deploy operation. <<1731613203645
BIP9332I<<PolicyProject 'WS' has been reloaded successfully. <<1731613203645
BIP9332I<<PolicyProject 'WS2' has been reloaded successfully. <<1731613203645
BIP9332I<<Application 'SOAP_provider' has been reloaded successfully. <<1731613203645
BIP9332I<<Application 'WS_security' has been reloaded successfully. <<1731613203645
BIP9326I<<The source 'WS2project.generated.bar' has been successfully deployed. <<1731613203645
WS_security_enc.bar>>WS>>Security>>SUCCESS>>1731613348073
BIP9332I<<Application 'SOAP_provider' has been changed successfully. <<1731613348073
BIP9332I<<Application 'WS_security' has been changed successfully. <<1731613348073
BIP9326I<<The source 'WS_security_enc.bar' has been successfully deployed. <<1731613348073
WS2>>WS>>Security>>ERROR>>1731613782748
BIP9328E<<The policy project 'WS2' cannot be redeployed at this time as the non-dynamic policy 'B1.wssecbindings.xml' differs from what is currently deployed. To allow redeploying of this policy project use the 'restart-all-applications' option. <<1731613782748
BIP9328E<<The policy project 'WS2' cannot be redeployed at this time as the non-dynamic policy 'P1.wssecpolicy.xml' differs from what is currently deployed. To allow redeploying of this policy project use the 'restart-all-applications' option. <<1731613782748
BIP9325E<<The source 'WS2project.generated.bar' could not be deployed as it contains errors. No changes have been made to the integration server. <<1731613782748
WS2>>WS>>Security>>SUCCESS>>1731613785738
BIP2379I<<Stopping all deployed resources as requested by the deploy operation. <<1731613785738
BIP2376I<<Restarting all deployed resources as requested by the deploy operation. <<1731613785738
BIP9332I<<PolicyProject 'WS' has been reloaded successfully. <<1731613785738
BIP9332I<<PolicyProject 'WS2' has been reloaded successfully. <<1731613785738
BIP9332I<<Application 'SOAP_provider' has been reloaded successfully. <<1731613785738
BIP9332I<<Application 'WS_security' has been reloaded successfully. <<1731613785738
BIP9326I<<The source 'WS2project.generated.bar' has been successfully deployed. <<1731613785738
WS2>>WS>>Security>>ERROR>>1731613926530
BIP9328E<<The policy project 'WS2' cannot be redeployed at this time as the non-dynamic policy 'B1.wssecbindings.xml' differs from what is currently deployed. To allow redeploying of this policy project use the 'restart-all-applications' option. <<1731613926530
BIP9328E<<The policy project 'WS2' cannot be redeployed at this time as the non-dynamic policy 'P1.wssecpolicy.xml' differs from what is currently deployed. To allow redeploying of this policy project use the 'restart-all-applications' option. <<1731613926530
BIP9325E<<The source 'WS2project.generated.bar' could not be deployed as it contains errors. No changes have been made to the integration server. <<1731613926530
WS2>>WS>>Security>>SUCCESS>>1731613928518
BIP2379I<<Stopping all deployed resources as requested by the deploy operation. <<1731613928518
BIP2376I<<Restarting all deployed resources as requested by the deploy operation. <<1731613928518
BIP9332I<<PolicyProject 'WS' has been reloaded successfully. <<1731613928518
BIP9332I<<PolicyProject 'WS2' has been reloaded successfully. <<1731613928518
BIP9332I<<Application 'SOAP_provider' has been reloaded successfully. <<1731613928518
BIP9332I<<Application 'WS_security' has been reloaded successfully. <<1731613928518
BIP9326I<<The source 'WS2project.generated.bar' has been successfully deployed. <<1731613928518
WS2>>WS>>Security>>ERROR>>1731614239600
BIP9328E<<The policy project 'WS2' cannot be redeployed at this time as the non-dynamic policy 'B1.wssecbindings.xml' differs from what is currently deployed. To allow redeploying of this policy project use the 'restart-all-applications' option. <<1731614239600
BIP9328E<<The policy project 'WS2' cannot be redeployed at this time as the non-dynamic policy 'P1.wssecpolicy.xml' differs from what is currently deployed. To allow redeploying of this policy project use the 'restart-all-applications' option. <<1731614239600
BIP9325E<<The source 'WS2project.generated.bar' could not be deployed as it contains errors. No changes have been made to the integration server. <<1731614239600
WS2>>WS>>Security>>SUCCESS>>1731614242647
BIP2379I<<Stopping all deployed resources as requested by the deploy operation. <<1731614242647
BIP2376I<<Restarting all deployed resources as requested by the deploy operation. <<1731614242647
BIP9332I<<PolicyProject 'WS' has been reloaded successfully. <<1731614242647
BIP9332I<<PolicyProject 'WS2' has been reloaded successfully. <<1731614242647
BIP9332I<<Application 'SOAP_provider' has been reloaded successfully. <<1731614242647
BIP9332I<<Application 'WS_security' has been reloaded successfully. <<1731614242647
BIP9326I<<The source 'WS2project.generated.bar' has been successfully deployed. <<1731614242647
WS>>WS>>Security>>SUCCESS>>1731614425429
BIP9339W<<The values defined in the policy(s) 'Bindings_2.wssecbindings.xml, Policy_2.wssecpolicy.xml' in policy project 'WS' match the values of the existing policy(s). Any deployed resources using the policy(s) will not be affected by the redeploy of the policy project. <<1731614425429
BIP9326I<<The source 'WSproject.generated.bar' has been successfully deployed. <<1731614425429
WS_security_enc.bar>>WS>>Security>>WARNING>>1731614432300
BIP3661E<<The policy set '{WS}:Policy_1' was not found. <<1731614432300
BIP9320E<<Message Flow 'Json_transform', 'Json_transform' encountered a failure and could not start. <<1731614432300
BIP3726E<<Failed to setup SOAP transport for node SOAP Request. <<1731614432300
BIP3728E<<Configuration of WS-Security layer using policy set '{WS}:Policy_1' and policy set binding '{WS}:Binding_1' failed. <<1731614432300
BIP3701E<<A Java exception was thrown whilst calling the Java JNI method 'method_com_ibm_broker_axis2_Axis2NodeRegistrationUtil_registerSyncRequestNode'. The Java exception was 'BIP3726E: com.ibm.broker.axis2.MbSoapException: Failed to setup Axis2'. The Java stack trace was 'Frame : 0 com.ibm.broker.axis2.MbSoapException: Failed to setup Axis2<<1731614432300
BIP9332I<<Application 'SOAP_provider' has been changed successfully. <<1731614432300
BIP9333W<<Application 'WS_security' has been changed but contains errors which has prevented some resources from starting. <<1731614432300
BIP1096E<<The source 'WS_security_enc.bar' has been deployed but there were one or more failures which may mean the deployed resources will be unable to execute. <<1731614432300
WS2>>WS>>Security>>SUCCESS>>1731614467649
BIP9332I<<PolicyProject 'WS2' has been created successfully. <<1731614467649
BIP9326I<<The source 'WS2project.generated.bar' has been successfully deployed. <<1731614467649
WS>>WS>>Security>>SUCCESS>>1731614467773
BIP9332I<<PolicyProject 'WS' has been created successfully. <<1731614467773
BIP9326I<<The source 'WSproject.generated.bar' has been successfully deployed. <<1731614467773
WS_security_enc.bar>>WS>>Security>>WARNING>>1731614473217
BIP3661E<<The policy set '{WS}:Policy_1' was not found. <<1731614473217
BIP9320E<<Message Flow 'Json_transform', 'Json_transform' encountered a failure and could not start. <<1731614473217
BIP3726E<<Failed to setup SOAP transport for node SOAP Request. <<1731614473217
BIP3728E<<Configuration of WS-Security layer using policy set '{WS}:Policy_1' and policy set binding '{WS}:Binding_1' failed. <<1731614473217
BIP3701E<<A Java exception was thrown whilst calling the Java JNI method 'method_com_ibm_broker_axis2_Axis2NodeRegistrationUtil_registerSyncRequestNode'. The Java exception was 'BIP3726E: com.ibm.broker.axis2.MbSoapException: Failed to setup Axis2'. The Java stack trace was 'Frame : 0 com.ibm.broker.axis2.MbSoapException: Failed to setup Axis2<<1731614473217
BIP9332I<<Application 'SOAP_provider' has been created successfully. <<1731614473217
BIP9333W<<Application 'WS_security' has been created but contains errors which has prevented some resources from starting. <<1731614473217
BIP1096E<<The source 'WS_security_enc.bar' has been deployed but there were one or more failures which may mean the deployed resources will be unable to execute. <<1731614473217
WS_security_enc.bar>>WS>>Security>>WARNING>>1731614506579
BIP3661E<<The policy set '{WS}:Policy_1' was not found. <<1731614506579
BIP9320E<<Message Flow 'Json_transform', 'Json_transform' encountered a failure and could not start. <<1731614506579
BIP3726E<<Failed to setup SOAP transport for node SOAP Request. <<1731614506579
BIP3728E<<Configuration of WS-Security layer using policy set '{WS}:Policy_1' and policy set binding '{WS}:Binding_1' failed. <<1731614506579
BIP3701E<<A Java exception was thrown whilst calling the Java JNI method 'method_com_ibm_broker_axis2_Axis2NodeRegistrationUtil_registerSyncRequestNode'. The Java exception was 'BIP3726E: com.ibm.broker.axis2.MbSoapException: Failed to setup Axis2'. The Java stack trace was 'Frame : 0 com.ibm.broker.axis2.MbSoapException: Failed to setup Axis2<<1731614506579
BIP9332I<<Application 'SOAP_provider' has been changed successfully. <<1731614506579
BIP9333W<<Application 'WS_security' has been changed but contains errors which has prevented some resources from starting. <<1731614506579
BIP1096E<<The source 'WS_security_enc.bar' has been deployed but there were one or more failures which may mean the deployed resources will be unable to execute. <<1731614506579
WS_security_enc.bar>>WS>>Security>>WARNING>>1731614575655
BIP3661E<<The policy set '{WS}:Policy_1' was not found. <<1731614575655
BIP9320E<<Message Flow 'Json_transform', 'Json_transform' encountered a failure and could not start. <<1731614575655
BIP3726E<<Failed to setup SOAP transport for node SOAP Request. <<1731614575655
BIP3728E<<Configuration of WS-Security layer using policy set '{WS}:Policy_1' and policy set binding '{WS}:Binding_1' failed. <<1731614575655
BIP3701E<<A Java exception was thrown whilst calling the Java JNI method 'method_com_ibm_broker_axis2_Axis2NodeRegistrationUtil_registerSyncRequestNode'. The Java exception was 'BIP3726E: com.ibm.broker.axis2.MbSoapException: Failed to setup Axis2'. The Java stack trace was 'Frame : 0 com.ibm.broker.axis2.MbSoapException: Failed to setup Axis2<<1731614575655
BIP9332I<<Application 'SOAP_provider' has been changed successfully. <<1731614575655
BIP9333W<<Application 'WS_security' has been changed but contains errors which has prevented some resources from starting. <<1731614575655
BIP1096E<<The source 'WS_security_enc.bar' has been deployed but there were one or more failures which may mean the deployed resources will be unable to execute. <<1731614575655
WS_security_enc.bar>>WS>>Security>>WARNING>>1731614629267
BIP3662E<<The policy set binding '{WS}:Binding_2' was not found. <<1731614629267
BIP9320E<<Message Flow 'Json_transform', 'Json_transform' encountered a failure and could not start. <<1731614629267
BIP3726E<<Failed to setup SOAP transport for node SOAP Request. <<1731614629267
BIP3728E<<Configuration of WS-Security layer using policy set '{WS}:Policy_2' and policy set binding '{WS}:Binding_2' failed. <<1731614629267
BIP3662E<<The policy set binding '{WS}:Binding_2' was not found. <<1731614629267
BIP9332I<<Application 'SOAP_provider' has been changed successfully. <<1731614629267
BIP9333W<<Application 'WS_security' has been changed but contains errors which has prevented some resources from starting. <<1731614629267
BIP1096E<<The source 'WS_security_enc.bar' has been deployed but there were one or more failures which may mean the deployed resources will be unable to execute. <<1731614629267
WS_security_enc.bar>>WS>>Security>>SUCCESS>>1731614655488
BIP9332I<<Application 'SOAP_provider' has been changed successfully. <<1731614655488
BIP9332I<<Application 'WS_security' has been changed successfully. <<1731614655488
BIP9326I<<The source 'WS_security_enc.bar' has been successfully deployed. <<1731614655488
WS>>WS>>Security>>ERROR>>1731614789291
BIP9328E<<The policy project 'WS' cannot be redeployed at this time as the non-dynamic policy 'Bindings_2.wssecbindings.xml' differs from what is currently deployed. To allow redeploying of this policy project use the 'restart-all-applications' option. <<1731614789291
BIP9328E<<The policy project 'WS' cannot be redeployed at this time as the non-dynamic policy 'Policy_2.wssecpolicy.xml' differs from what is currently deployed. To allow redeploying of this policy project use the 'restart-all-applications' option. <<1731614789291
BIP9325E<<The source 'WSproject.generated.bar' could not be deployed as it contains errors. No changes have been made to the integration server. <<1731614789291
WS>>WS>>Security>>SUCCESS>>1731614791434
BIP2379I<<Stopping all deployed resources as requested by the deploy operation. <<1731614791434
BIP2376I<<Restarting all deployed resources as requested by the deploy operation. <<1731614791434
BIP9332I<<PolicyProject 'WS' has been reloaded successfully. <<1731614791434
BIP9332I<<PolicyProject 'WS2' has been reloaded successfully. <<1731614791434
BIP9332I<<Application 'SOAP_provider' has been reloaded successfully. <<1731614791434
BIP9332I<<Application 'WS_security' has been reloaded successfully. <<1731614791434
BIP9326I<<The source 'WSproject.generated.bar' has been successfully deployed. <<1731614791434
WS>>WS>>Security>>ERROR>>1731614974315
BIP9328E<<The policy project 'WS' cannot be redeployed at this time as the non-dynamic policy 'Bindings_2.wssecbindings.xml' differs from what is currently deployed. To allow redeploying of this policy project use the 'restart-all-applications' option. <<1731614974315
BIP9328E<<The policy project 'WS' cannot be redeployed at this time as the non-dynamic policy 'Policy_2.wssecpolicy.xml' differs from what is currently deployed. To allow redeploying of this policy project use the 'restart-all-applications' option. <<1731614974315
BIP9325E<<The source 'WSproject.generated.bar' could not be deployed as it contains errors. No changes have been made to the integration server. <<1731614974315
WS>>WS>>Security>>SUCCESS>>1731614977247
BIP2379I<<Stopping all deployed resources as requested by the deploy operation. <<1731614977247
BIP2376I<<Restarting all deployed resources as requested by the deploy operation. <<1731614977247
BIP9332I<<PolicyProject 'WS' has been reloaded successfully. <<1731614977247
BIP9332I<<PolicyProject 'WS2' has been reloaded successfully. <<1731614977247
BIP9332I<<Application 'SOAP_provider' has been reloaded successfully. <<1731614977247
BIP9332I<<Application 'WS_security' has been reloaded successfully. <<1731614977247
BIP9326I<<The source 'WSproject.generated.bar' has been successfully deployed. <<1731614977247
WS>>WS>>Security>>ERROR>>1731615153309
BIP9328E<<The policy project 'WS' cannot be redeployed at this time as the non-dynamic policy 'Bindings_2.wssecbindings.xml' differs from what is currently deployed. To allow redeploying of this policy project use the 'restart-all-applications' option. <<1731615153309
BIP9328E<<The policy project 'WS' cannot be redeployed at this time as the non-dynamic policy 'Policy_2.wssecpolicy.xml' differs from what is currently deployed. To allow redeploying of this policy project use the 'restart-all-applications' option. <<1731615153309
BIP9325E<<The source 'WSproject.generated.bar' could not be deployed as it contains errors. No changes have been made to the integration server. <<1731615153309
WS>>WS>>Security>>SUCCESS>>1731615155515
BIP2379I<<Stopping all deployed resources as requested by the deploy operation. <<1731615155515
BIP2376I<<Restarting all deployed resources as requested by the deploy operation. <<1731615155515
BIP9320E<<Message Flow 'Json_transform', 'Json_transform' encountered a failure and could not start. <<1731615155515
BIP3726E<<Failed to setup SOAP transport for node SOAP Request. <<1731615155515
BIP3728E<<Configuration of WS-Security layer using policy set '{WS}:Policy_2' and policy set binding '{WS}:Bindings_2' failed. <<1731615155515
BIP3727E<<com.ibm.wsspi.wssecurity.core.SoapSecurityException: CWWSS7280E: Token Generator token type [http://docs.oasis-open.org/wss/2004/01/oasis-200401-wss-x509-token-profile-1.0#X509v3] does not match encryption token type defined in the policy. <<1731615155515
BIP3701E<<A Java exception was thrown whilst calling the Java JNI method 'method_com_ibm_broker_axis2_Axis2NodeRegistrationUtil_registerSyncRequestNode'. The Java exception was 'BIP3726E: com.ibm.broker.axis2.MbSoapException: Failed to setup Axis2'. The Java stack trace was 'Frame : 0 com.ibm.broker.axis2.MbSoapException: Failed to setup Axis2<<1731615155515
BIP9332I<<PolicyProject 'WS' has been reloaded successfully. <<1731615155515
BIP9332I<<PolicyProject 'WS2' has been reloaded successfully. <<1731615155515
BIP9332I<<Application 'SOAP_provider' has been reloaded successfully. <<1731615155515
BIP9333W<<Application 'WS_security' has been reloaded but contains errors which has prevented some resources from starting. <<1731615155515
BIP9326I<<The source 'WSproject.generated.bar' has been successfully deployed. <<1731615155515
WS>>WS>>Security>>ERROR>>1731615316691
BIP9328E<<The policy project 'WS' cannot be redeployed at this time as the non-dynamic policy 'Policy_2.wssecpolicy.xml' differs from what is currently deployed. To allow redeploying of this policy project use the 'restart-all-applications' option. <<1731615316691
BIP9325E<<The source 'WSproject.generated.bar' could not be deployed as it contains errors. No changes have been made to the integration server. <<1731615316691
WS>>WS>>Security>>SUCCESS>>1731615319346
BIP2379I<<Stopping all deployed resources as requested by the deploy operation. <<1731615319346
BIP2376I<<Restarting all deployed resources as requested by the deploy operation. <<1731615319346
BIP9332I<<PolicyProject 'WS' has been reloaded successfully. <<1731615319346
BIP9332I<<PolicyProject 'WS2' has been reloaded successfully. <<1731615319346
BIP9332I<<Application 'SOAP_provider' has been reloaded successfully. <<1731615319346
BIP9332I<<Application 'WS_security' has been reloaded successfully. <<1731615319346
BIP9326I<<The source 'WSproject.generated.bar' has been successfully deployed. <<1731615319346
WS>>WS>>Security>>ERROR>>1731617361526
BIP9328E<<The policy project 'WS' cannot be redeployed at this time as the non-dynamic policy 'Bindings_2.wssecbindings.xml' differs from what is currently deployed. To allow redeploying of this policy project use the 'restart-all-applications' option. <<1731617361526
BIP9325E<<The source 'WSproject.generated.bar' could not be deployed as it contains errors. No changes have been made to the integration server. <<1731617361526
WS>>WS>>Security>>SUCCESS>>1731617364227
BIP2379I<<Stopping all deployed resources as requested by the deploy operation. <<1731617364227
BIP2376I<<Restarting all deployed resources as requested by the deploy operation. <<1731617364227
BIP9332I<<PolicyProject 'WS' has been reloaded successfully. <<1731617364227
BIP9332I<<PolicyProject 'WS2' has been reloaded successfully. <<1731617364227
BIP9332I<<Application 'SOAP_provider' has been reloaded successfully. <<1731617364227
BIP9332I<<Application 'WS_security' has been reloaded successfully. <<1731617364227
BIP9326I<<The source 'WSproject.generated.bar' has been successfully deployed. <<1731617364227
WS_security_enc.bar>>WS>>Security>>WARNING>>1731618629493
BIP3663E<<The integration node registry runtime property 'brokerKeystorePass in mqsisetdbparms' required by the policy set or policy set binding '{WS}:Bindings_2' is not defined. <<1731618629493
BIP9320E<<Message Flow 'Json_transform', 'Json_transform' encountered a failure and could not start. <<1731618629493
BIP3726E<<Failed to setup SOAP transport for node SOAP Request. <<1731618629493
BIP3728E<<Configuration of WS-Security layer using policy set '{WS}:Policy_2' and policy set binding '{WS}:Bindings_2' failed. <<1731618629493
BIP3663E<<The integration node registry runtime property 'brokerKeystorePass in mqsisetdbparms' required by the policy set or policy set binding '{WS}:Bindings_2' is not defined. <<1731618629493
BIP9332I<<Application 'SOAP_provider' has been changed successfully. <<1731618629493
BIP9333W<<Application 'WS_security' has been changed but contains errors which has prevented some resources from starting. <<1731618629493
BIP1096E<<The source 'WS_security_enc.bar' has been deployed but there were one or more failures which may mean the deployed resources will be unable to execute. <<1731618629493
WS_security_enc.bar>>WS>>Security>>WARNING>>1731618703984
BIP3663E<<The integration node registry runtime property 'brokerKeystorePass in mqsisetdbparms' required by the policy set or policy set binding '{WS}:Bindings_2' is not defined. <<1731618703984
BIP9320E<<Message Flow 'Json_transform', 'Json_transform' encountered a failure and could not start. <<1731618703984
BIP3726E<<Failed to setup SOAP transport for node SOAP Request. <<1731618703984
BIP3728E<<Configuration of WS-Security layer using policy set '{WS}:Policy_2' and policy set binding '{WS}:Bindings_2' failed. <<1731618703984
BIP3663E<<The integration node registry runtime property 'brokerKeystorePass in mqsisetdbparms' required by the policy set or policy set binding '{WS}:Bindings_2' is not defined. <<1731618703984
BIP9332I<<Application 'SOAP_provider' has been changed successfully. <<1731618703984
BIP9333W<<Application 'WS_security' has been changed but contains errors which has prevented some resources from starting. <<1731618703984
BIP1096E<<The source 'WS_security_enc.bar' has been deployed but there were one or more failures which may mean the deployed resources will be unable to execute. <<1731618703984
WS>>WS>>Security>>ERROR>>1731618844020
BIP9328E<<The policy project 'WS' cannot be redeployed at this time as the non-dynamic policy 'Bindings_2.wssecbindings.xml' differs from what is currently deployed. To allow redeploying of this policy project use the 'restart-all-applications' option. <<1731618844020
BIP9328E<<The policy project 'WS' cannot be redeployed at this time as the non-dynamic policy 'Policy_2.wssecpolicy.xml' differs from what is currently deployed. To allow redeploying of this policy project use the 'restart-all-applications' option. <<1731618844020
BIP9325E<<The source 'WSproject.generated.bar' could not be deployed as it contains errors. No changes have been made to the integration server. <<1731618844020
WS>>WS>>Security>>SUCCESS>>1731618847187
BIP2379I<<Stopping all deployed resources as requested by the deploy operation. <<1731618847187
BIP2376I<<Restarting all deployed resources as requested by the deploy operation. <<1731618847187
BIP3663E<<The integration node registry runtime property 'brokerKeystorePass in mqsisetdbparms' required by the policy set or policy set binding '{WS}:Bindings_2' is not defined. <<1731618847187
BIP9320E<<Message Flow 'Json_transform', 'Json_transform' encountered a failure and could not start. <<1731618847187
BIP3726E<<Failed to setup SOAP transport for node SOAP Request. <<1731618847187
BIP3728E<<Configuration of WS-Security layer using policy set '{WS}:Policy_2' and policy set binding '{WS}:Bindings_2' failed. <<1731618847187
BIP3663E<<The integration node registry runtime property 'brokerKeystorePass in mqsisetdbparms' required by the policy set or policy set binding '{WS}:Bindings_2' is not defined. <<1731618847187
BIP9332I<<PolicyProject 'WS' has been reloaded successfully. <<1731618847187
BIP9332I<<PolicyProject 'WS2' has been reloaded successfully. <<1731618847187
BIP9332I<<Application 'SOAP_provider' has been reloaded successfully. <<1731618847187
BIP9333W<<Application 'WS_security' has been reloaded but contains errors which has prevented some resources from starting. <<1731618847187
BIP9326I<<The source 'WSproject.generated.bar' has been successfully deployed. <<1731618847187
WS>>WS>>ser>>SUCCESS>>1731619054411
BIP9332I<<PolicyProject 'WS' has been created successfully. <<1731619054411
BIP9326I<<The source 'WSproject.generated.bar' has been successfully deployed. <<1731619054411
WS_security_enc.bar>>WS>>ser>>WARNING>>1731619060100
BIP9320E<<Message Flow 'Json_transform', 'Json_transform' encountered a failure and could not start. <<1731619060100
BIP3726E<<Failed to setup SOAP transport for node SOAP Request. <<1731619060100
BIP3728E<<Configuration of WS-Security layer using policy set '{WS}:Policy_2' and policy set binding '{WS}:Bindings_2' failed. <<1731619060100
BIP3727E<<com.ibm.wsspi.wssecurity.core.SoapSecurityException: CWWSS7280E: Token Generator token type [http://docs.oasis-open.org/wss/2004/01/oasis-200401-wss-x509-token-profile-1.0#X509v3] does not match encryption token type defined in the policy. <<1731619060100
BIP3701E<<A Java exception was thrown whilst calling the Java JNI method 'method_com_ibm_broker_axis2_Axis2NodeRegistrationUtil_registerSyncRequestNode'. The Java exception was 'BIP3726E: com.ibm.broker.axis2.MbSoapException: Failed to setup Axis2'. The Java stack trace was 'Frame : 0 com.ibm.broker.axis2.MbSoapException: Failed to setup Axis2<<1731619060100
BIP9332I<<Application 'SOAP_provider' has been created successfully. <<1731619060100
BIP9333W<<Application 'WS_security' has been created but contains errors which has prevented some resources from starting. <<1731619060100
BIP1096E<<The source 'WS_security_enc.bar' has been deployed but there were one or more failures which may mean the deployed resources will be unable to execute. <<1731619060100
WS>>WS>>ser>>ERROR>>1731619094304
BIP9328E<<The policy project 'WS' cannot be redeployed at this time as the non-dynamic policy 'Policy_2.wssecpolicy.xml' differs from what is currently deployed. To allow redeploying of this policy project use the 'restart-all-applications' option. <<1731619094304
BIP9325E<<The source 'WSproject.generated.bar' could not be deployed as it contains errors. No changes have been made to the integration server. <<1731619094304
WS>>WS>>ser>>SUCCESS>>1731619098044
BIP2379I<<Stopping all deployed resources as requested by the deploy operation. <<1731619098044
BIP2376I<<Restarting all deployed resources as requested by the deploy operation. <<1731619098044
BIP9332I<<PolicyProject 'WS' has been reloaded successfully. <<1731619098044
BIP9332I<<Application 'SOAP_provider' has been reloaded successfully. <<1731619098044
BIP9332I<<Application 'WS_security' has been reloaded successfully. <<1731619098044
BIP9326I<<The source 'WSproject.generated.bar' has been successfully deployed. <<1731619098044
WS>>WS>>ser>>ERROR>>1731619143059
BIP9328E<<The policy project 'WS' cannot be redeployed at this time as the non-dynamic policy 'Bindings_2.wssecbindings.xml' differs from what is currently deployed. To allow redeploying of this policy project use the 'restart-all-applications' option. <<1731619143059
BIP9325E<<The source 'WSproject.generated.bar' could not be deployed as it contains errors. No changes have been made to the integration server. <<1731619143059
WS>>WS>>ser>>SUCCESS>>1731619145958
BIP2379I<<Stopping all deployed resources as requested by the deploy operation. <<1731619145958
BIP2376I<<Restarting all deployed resources as requested by the deploy operation. <<1731619145958
BIP9332I<<PolicyProject 'WS' has been reloaded successfully. <<1731619145958
BIP9332I<<Application 'SOAP_provider' has been reloaded successfully. <<1731619145958
BIP9332I<<Application 'WS_security' has been reloaded successfully. <<1731619145958
BIP9326I<<The source 'WSproject.generated.bar' has been successfully deployed. <<1731619145958
WS>>WS>>ser>>SUCCESS>>1731619269534
BIP9339W<<The values defined in the policy(s) 'Bindings_2.wssecbindings.xml, Policy_2.wssecpolicy.xml' in policy project 'WS' match the values of the existing policy(s). Any deployed resources using the policy(s) will not be affected by the redeploy of the policy project. <<1731619269534
BIP9326I<<The source 'WSproject.generated.bar' has been successfully deployed. <<1731619269534
WS>>WS>>ser>>ERROR>>1731619310130
BIP9328E<<The policy project 'WS' cannot be redeployed at this time as the non-dynamic policy 'Bindings_2.wssecbindings.xml' differs from what is currently deployed. To allow redeploying of this policy project use the 'restart-all-applications' option. <<1731619310130
BIP9325E<<The source 'WSproject.generated.bar' could not be deployed as it contains errors. No changes have been made to the integration server. <<1731619310130
WS>>WS>>ser>>SUCCESS>>1731619313029
BIP2379I<<Stopping all deployed resources as requested by the deploy operation. <<1731619313029
BIP2376I<<Restarting all deployed resources as requested by the deploy operation. <<1731619313029
BIP9332I<<PolicyProject 'WS' has been reloaded successfully. <<1731619313029
BIP9332I<<Application 'SOAP_provider' has been reloaded successfully. <<1731619313029
BIP9332I<<Application 'WS_security' has been reloaded successfully. <<1731619313029
BIP9326I<<The source 'WSproject.generated.bar' has been successfully deployed. <<1731619313029
WS>>WS>>ser>>ERROR>>1731620139377
BIP9328E<<The policy project 'WS' cannot be redeployed at this time as the non-dynamic policy 'Bindings_2.wssecbindings.xml' differs from what is currently deployed. To allow redeploying of this policy project use the 'restart-all-applications' option. <<1731620139377
BIP9325E<<The source 'WSproject.generated.bar' could not be deployed as it contains errors. No changes have been made to the integration server. <<1731620139377
WS>>WS>>ser>>SUCCESS>>1731620142224
BIP2379I<<Stopping all deployed resources as requested by the deploy operation. <<1731620142224
BIP2376I<<Restarting all deployed resources as requested by the deploy operation. <<1731620142224
BIP9332I<<PolicyProject 'WS' has been reloaded successfully. <<1731620142224
BIP9332I<<Application 'SOAP_provider' has been reloaded successfully. <<1731620142224
BIP9332I<<Application 'WS_security' has been reloaded successfully. <<1731620142224
BIP9326I<<The source 'WSproject.generated.bar' has been successfully deployed. <<1731620142224
WS>>WS>>ser>>ERROR>>1731620191128
BIP9328E<<The policy project 'WS' cannot be redeployed at this time as the non-dynamic policy 'Bindings_2.wssecbindings.xml' differs from what is currently deployed. To allow redeploying of this policy project use the 'restart-all-applications' option. <<1731620191128
BIP9325E<<The source 'WSproject.generated.bar' could not be deployed as it contains errors. No changes have been made to the integration server. <<1731620191128
WS>>WS>>ser>>SUCCESS>>1731620194008
BIP2379I<<Stopping all deployed resources as requested by the deploy operation. <<1731620194008
BIP2376I<<Restarting all deployed resources as requested by the deploy operation. <<1731620194008
BIP9332I<<PolicyProject 'WS' has been reloaded successfully. <<1731620194008
BIP9332I<<Application 'SOAP_provider' has been reloaded successfully. <<1731620194008
BIP9332I<<Application 'WS_security' has been reloaded successfully. <<1731620194008
BIP9326I<<The source 'WSproject.generated.bar' has been successfully deployed. <<1731620194008
WS_security_enc.bar>>WS>>ser>>SUCCESS>>1731621832767
BIP9332I<<Application 'SOAP_provider' has been changed successfully. <<1731621832767
BIP9332I<<Application 'WS_security' has been changed successfully. <<1731621832767
BIP9326I<<The source 'WS_security_enc.bar' has been successfully deployed. <<1731621832767
WS_security_enc.bar>>WS>>ser>>SUCCESS>>1731621844401
BIP9332I<<Application 'SOAP_provider' has been changed successfully. <<1731621844401
BIP9332I<<Application 'WS_security' has been changed successfully. <<1731621844401
BIP9326I<<The source 'WS_security_enc.bar' has been successfully deployed. <<1731621844401
WS>>WS>>ser>>ERROR>>1731621908865
BIP9328E<<The policy project 'WS' cannot be redeployed at this time as the non-dynamic policy 'Policy_2.wssecpolicy.xml' differs from what is currently deployed. To allow redeploying of this policy project use the 'restart-all-applications' option. <<1731621908865
BIP9325E<<The source 'WSproject.generated.bar' could not be deployed as it contains errors. No changes have been made to the integration server. <<1731621908865
WS>>WS>>ser>>SUCCESS>>1731621911015
BIP2379I<<Stopping all deployed resources as requested by the deploy operation. <<1731621911015
BIP2376I<<Restarting all deployed resources as requested by the deploy operation. <<1731621911015
BIP9332I<<PolicyProject 'WS' has been reloaded successfully. <<1731621911015
BIP9332I<<Application 'SOAP_provider' has been reloaded successfully. <<1731621911015
BIP9332I<<Application 'WS_security' has been reloaded successfully. <<1731621911015
BIP9326I<<The source 'WSproject.generated.bar' has been successfully deployed. <<1731621911015
WS>>WS>>ser>>ERROR>>1731621983122
BIP9328E<<The policy project 'WS' cannot be redeployed at this time as the non-dynamic policy 'Bindings_2.wssecbindings.xml' differs from what is currently deployed. To allow redeploying of this policy project use the 'restart-all-applications' option. <<1731621983122
BIP9328E<<The policy project 'WS' cannot be redeployed at this time as the non-dynamic policy 'Policy_2.wssecpolicy.xml' differs from what is currently deployed. To allow redeploying of this policy project use the 'restart-all-applications' option. <<1731621983122
BIP9325E<<The source 'WSproject.generated.bar' could not be deployed as it contains errors. No changes have been made to the integration server. <<1731621983122
WS>>WS>>ser>>SUCCESS>>1731621985722
BIP2379I<<Stopping all deployed resources as requested by the deploy operation. <<1731621985722
BIP2376I<<Restarting all deployed resources as requested by the deploy operation. <<1731621985722
BIP9332I<<PolicyProject 'WS' has been reloaded successfully. <<1731621985722
BIP9332I<<Application 'SOAP_provider' has been reloaded successfully. <<1731621985722
BIP9332I<<Application 'WS_security' has been reloaded successfully. <<1731621985722
BIP9326I<<The source 'WSproject.generated.bar' has been successfully deployed. <<1731621985722
WS_security_enc.bar>>WS>>ser>>SUCCESS>>1731622205486
BIP9332I<<Application 'SOAP_provider' has been changed successfully. <<1731622205486
BIP9332I<<Application 'WS_security' has been changed successfully. <<1731622205486
BIP9326I<<The source 'WS_security_enc.bar' has been successfully deployed. <<1731622205486
WS>>WS>>ser>>SUCCESS>>1731622213596
BIP9339W<<The values defined in the policy(s) 'Bindings_2.wssecbindings.xml, Policy_2.wssecpolicy.xml' in policy project 'WS' match the values of the existing policy(s). Any deployed resources using the policy(s) will not be affected by the redeploy of the policy project. <<1731622213596
BIP9326I<<The source 'WSproject.generated.bar' has been successfully deployed. <<1731622213596
WS_security_enc.bar>>WS>>ser>>SUCCESS>>1731622357631
BIP9332I<<Application 'SOAP_provider' has been changed successfully. <<1731622357631
BIP9332I<<Application 'WS_security' has been changed successfully. <<1731622357631
BIP9326I<<The source 'WS_security_enc.bar' has been successfully deployed. <<1731622357631
WS>>WS>>ser>>SUCCESS>>1731622369918
BIP9339W<<The values defined in the policy(s) 'Bindings_2.wssecbindings.xml, Policy_2.wssecpolicy.xml' in policy project 'WS' match the values of the existing policy(s). Any deployed resources using the policy(s) will not be affected by the redeploy of the policy project. <<1731622369918
BIP9326I<<The source 'WSproject.generated.bar' has been successfully deployed. <<1731622369918
WS>>WS>>ser>>ERROR>>1731622527129
BIP9328E<<The policy project 'WS' cannot be redeployed at this time as the non-dynamic policy 'Bindings_2.wssecbindings.xml' differs from what is currently deployed. To allow redeploying of this policy project use the 'restart-all-applications' option. <<1731622527129
BIP9328E<<The policy project 'WS' cannot be redeployed at this time as the non-dynamic policy 'Policy_2.wssecpolicy.xml' differs from what is currently deployed. To allow redeploying of this policy project use the 'restart-all-applications' option. <<1731622527129
BIP9325E<<The source 'WSproject.generated.bar' could not be deployed as it contains errors. No changes have been made to the integration server. <<1731622527129
WS>>WS>>ser>>SUCCESS>>1731622529566
BIP2379I<<Stopping all deployed resources as requested by the deploy operation. <<1731622529566
BIP2376I<<Restarting all deployed resources as requested by the deploy operation. <<1731622529566
BIP9332I<<PolicyProject 'WS' has been reloaded successfully. <<1731622529566
BIP9332I<<Application 'SOAP_provider' has been reloaded successfully. <<1731622529566
BIP9332I<<Application 'WS_security' has been reloaded successfully. <<1731622529566
BIP9326I<<The source 'WSproject.generated.bar' has been successfully deployed. <<1731622529566
WS>>WS>>ser>>SUCCESS>>1731623186625
BIP9339W<<The values defined in the policy(s) 'Bindings_2.wssecbindings.xml, Policy_2.wssecpolicy.xml' in policy project 'WS' match the values of the existing policy(s). Any deployed resources using the policy(s) will not be affected by the redeploy of the policy project. <<1731623186625
BIP9326I<<The source 'WSproject.generated.bar' has been successfully deployed. <<1731623186625
WS_security_enc.bar>>WS>>ser>>SUCCESS>>1731623193038
BIP9332I<<Application 'SOAP_provider' has been changed successfully. <<1731623193038
BIP9332I<<Application 'WS_security' has been changed successfully. <<1731623193038
BIP9326I<<The source 'WS_security_enc.bar' has been successfully deployed. <<1731623193038
WS>>WS>>ser>>SUCCESS>>1731625069254
BIP9339W<<The values defined in the policy(s) 'Bindings_2.wssecbindings.xml, Policy_2.wssecpolicy.xml' in policy project 'WS' match the values of the existing policy(s). Any deployed resources using the policy(s) will not be affected by the redeploy of the policy project. <<1731625069254
BIP9326I<<The source 'WSproject.generated.bar' has been successfully deployed. <<1731625069254
WS_security_enc.bar>>WS>>ser>>SUCCESS>>1731625076515
BIP9332I<<Application 'SOAP_provider' has been changed successfully. <<1731625076515
BIP9332I<<Application 'WS_security' has been changed successfully. <<1731625076515
BIP9326I<<The source 'WS_security_enc.bar' has been successfully deployed. <<1731625076515
WS>>WS>>ser>>ERROR>>1731626661633
BIP9328E<<The policy project 'WS' cannot be redeployed at this time as the non-dynamic policy 'Bindings_2.wssecbindings.xml' differs from what is currently deployed. To allow redeploying of this policy project use the 'restart-all-applications' option. <<1731626661633
BIP9325E<<The source 'WSproject.generated.bar' could not be deployed as it contains errors. No changes have been made to the integration server. <<1731626661633
WS>>WS>>ser>>SUCCESS>>1731626665211
BIP2379I<<Stopping all deployed resources as requested by the deploy operation. <<1731626665211
BIP2376I<<Restarting all deployed resources as requested by the deploy operation. <<1731626665211
BIP9332I<<PolicyProject 'WS' has been reloaded successfully. <<1731626665211
BIP9332I<<Application 'SOAP_provider' has been reloaded successfully. <<1731626665211
BIP9332I<<Application 'WS_security' has been reloaded successfully. <<1731626665211
BIP9326I<<The source 'WSproject.generated.bar' has been successfully deployed. <<1731626665211
provider>>WS_cli>>ser1>>SUCCESS>>1731691906343
BIP9332I<<PolicyProject 'provider' has been created successfully. <<1731691906343
BIP9326I<<The source 'providerproject.generated.bar' has been successfully deployed. <<1731691906343
Cons>>WS_ser>>ser2>>SUCCESS>>1731691914982
BIP9332I<<PolicyProject 'Cons' has been created successfully. <<1731691914982
BIP9326I<<The source 'Consproject.generated.bar' has been successfully deployed. <<1731691914982
provider.bar>>WS_cli>>ser1>>SUCCESS>>1731691923552
BIP9332I<<Application 'SOAP_provider' has been created successfully. <<1731691923552
BIP9326I<<The source 'provider.bar' has been successfully deployed. <<1731691923552
Consumer.bar>>WS_ser>>ser2>>WARNING>>1731691932154
BIP3663E<<The integration node registry runtime property 'brokerKeystorePass in mqsisetdbparms' required by the policy set or policy set binding '{Cons}:B1' is not defined. <<1731691932154
BIP9320E<<Message Flow 'Json_transform', 'Json_transform' encountered a failure and could not start. <<1731691932154
BIP3726E<<Failed to setup SOAP transport for node SOAP Request. <<1731691932154
BIP3728E<<Configuration of WS-Security layer using policy set '{Cons}:P1' and policy set binding '{Cons}:B1' failed. <<1731691932154
BIP3663E<<The integration node registry runtime property 'brokerKeystorePass in mqsisetdbparms' required by the policy set or policy set binding '{Cons}:B1' is not defined. <<1731691932154
BIP9333W<<Application 'WS_security' has been created but contains errors which has prevented some resources from starting. <<1731691932154
BIP1096E<<The source 'Consumer.bar' has been deployed but there were one or more failures which may mean the deployed resources will be unable to execute. <<1731691932154
Consumer.bar>>WS_ser>>ser2>>WARNING>>1731692341128
BIP3663E<<The integration node registry runtime property 'brokerKeystorePass in mqsisetdbparms' required by the policy set or policy set binding '{Cons}:B1' is not defined. <<1731692341128
BIP9320E<<Message Flow 'Json_transform', 'Json_transform' encountered a failure and could not start. <<1731692341128
BIP3726E<<Failed to setup SOAP transport for node SOAP Request. <<1731692341128
BIP3728E<<Configuration of WS-Security layer using policy set '{Cons}:P1' and policy set binding '{Cons}:B1' failed. <<1731692341128
BIP3663E<<The integration node registry runtime property 'brokerKeystorePass in mqsisetdbparms' required by the policy set or policy set binding '{Cons}:B1' is not defined. <<1731692341128
BIP9333W<<Application 'WS_security' has been changed but contains errors which has prevented some resources from starting. <<1731692341128
BIP1096E<<The source 'Consumer.bar' has been deployed but there were one or more failures which may mean the deployed resources will be unable to execute. <<1731692341128
Cons>>ws_ser>>ser2>>SUCCESS>>1731692847567
BIP9332I<<PolicyProject 'Cons' has been created successfully. <<1731692847567
BIP9326I<<The source 'Consproject.generated.bar' has been successfully deployed. <<1731692847567
Consumer.bar>>ws_ser>>ser2>>SUCCESS>>1731692856657
BIP9332I<<Application 'WS_security' has been created successfully. <<1731692856657
BIP9326I<<The source 'Consumer.bar' has been successfully deployed. <<1731692856657
Cons>>ws_ser>>ser2>>ERROR>>1731693107885
BIP9328E<<The policy project 'Cons' cannot be redeployed at this time as the non-dynamic policy 'B1.wssecbindings.xml' differs from what is currently deployed. To allow redeploying of this policy project use the 'restart-all-applications' option. <<1731693107885
BIP9328E<<The policy project 'Cons' cannot be redeployed at this time as the non-dynamic policy 'P1.wssecpolicy.xml' differs from what is currently deployed. To allow redeploying of this policy project use the 'restart-all-applications' option. <<1731693107885
BIP9325E<<The source 'Consproject.generated.bar' could not be deployed as it contains errors. No changes have been made to the integration server. <<1731693107885
Cons>>ws_ser>>ser2>>SUCCESS>>1731693110564
BIP2379I<<Stopping all deployed resources as requested by the deploy operation. <<1731693110564
BIP2376I<<Restarting all deployed resources as requested by the deploy operation. <<1731693110564
BIP9320E<<Message Flow 'Json_transform', 'Json_transform' encountered a failure and could not start. <<1731693110564
BIP3726E<<Failed to setup SOAP transport for node SOAP Request. <<1731693110564
BIP3728E<<Configuration of WS-Security layer using policy set '{Cons}:P1' and policy set binding '{Cons}:B1' failed. <<1731693110564
BIP3727E<<com.ibm.wsspi.wssecurity.core.SoapSecurityException: CWWSS5434E: Missing classname attribute com.ibm.ws.wssecurity.confimpl.PrivateCommonConfig$CallbackHandlerConfImpl(className=[null], keyStore=[null], keyInformation=[null], trustAnyCertificate=[false], provider=[null], pkixBuilderParams=[null], userId=[null], userPassword=[XXXXXXXX], properties=[{}]) in CallbackHandler. <<1731693110564
BIP3701E<<A Java exception was thrown whilst calling the Java JNI method 'method_com_ibm_broker_axis2_Axis2NodeRegistrationUtil_registerSyncRequestNode'. The Java exception was 'BIP3726E: com.ibm.broker.axis2.MbSoapException: Failed to setup Axis2'. The Java stack trace was 'Frame : 0 com.ibm.broker.axis2.MbSoapException: Failed to setup Axis2<<1731693110564
BIP9332I<<PolicyProject 'Cons' has been reloaded successfully. <<1731693110564
BIP9333W<<Application 'WS_security' has been reloaded but contains errors which has prevented some resources from starting. <<1731693110564
BIP9326I<<The source 'Consproject.generated.bar' has been successfully deployed. <<1731693110564
Cons>>ws_ser>>ser2>>ERROR>>1731693217483
BIP9328E<<The policy project 'Cons' cannot be redeployed at this time as the non-dynamic policy 'B1.wssecbindings.xml' differs from what is currently deployed. To allow redeploying of this policy project use the 'restart-all-applications' option. <<1731693217483
BIP9325E<<The source 'Consproject.generated.bar' could not be deployed as it contains errors. No changes have been made to the integration server. <<1731693217483
Cons>>ws_ser>>ser2>>SUCCESS>>1731693224911
BIP2379I<<Stopping all deployed resources as requested by the deploy operation. <<1731693224911
BIP2376I<<Restarting all deployed resources as requested by the deploy operation. <<1731693224911
BIP9332I<<PolicyProject 'Cons' has been reloaded successfully. <<1731693224911
BIP9332I<<Application 'WS_security' has been reloaded successfully. <<1731693224911
BIP9326I<<The source 'Consproject.generated.bar' has been successfully deployed. <<1731693224911
Consumer.bar>>ws_ser>>ser2>>SUCCESS>>1731693267613
BIP9332I<<Application 'WS_security' has been changed successfully. <<1731693267613
BIP9326I<<The source 'Consumer.bar' has been successfully deployed. <<1731693267613
provider>>WS_cli>>ser1>>ERROR>>1731694130072
BIP9328E<<The policy project 'provider' cannot be redeployed at this time as the non-dynamic policy 'B1.wssecbindings.xml' differs from what is currently deployed. To allow redeploying of this policy project use the 'restart-all-applications' option. <<1731694130072
BIP9328E<<The policy project 'provider' cannot be redeployed at this time as the non-dynamic policy 'P1.wssecpolicy.xml' differs from what is currently deployed. To allow redeploying of this policy project use the 'restart-all-applications' option. <<1731694130072
BIP9325E<<The source 'providerproject.generated.bar' could not be deployed as it contains errors. No changes have been made to the integration server. <<1731694130072
provider>>WS_cli>>ser1>>SUCCESS>>1731694137982
BIP2379I<<Stopping all deployed resources as requested by the deploy operation. <<1731694137982
BIP2376I<<Restarting all deployed resources as requested by the deploy operation. <<1731694137982
BIP9332I<<PolicyProject 'provider' has been reloaded successfully. <<1731694137982
BIP9332I<<Application 'SOAP_provider' has been reloaded successfully. <<1731694137982
BIP9326I<<The source 'providerproject.generated.bar' has been successfully deployed. <<1731694137982
provider.bar>>WS_cli>>ser1>>WARNING>>1731694247670
BIP3663E<<The integration node registry runtime property 'brokerKeystorePass in mqsisetdbparms' required by the policy set or policy set binding '{provider}:B1' is not defined. <<1731694247670
BIP9320E<<Message Flow 'soap_provider', 'soap_provider' encountered a failure and could not start. <<1731694247670
BIP3726E<<Failed to setup SOAP transport for node SOAP Input. <<1731694247670
BIP3728E<<Configuration of WS-Security layer using policy set '{provider}:P1' and policy set binding '{provider}:B1' failed. <<1731694247670
BIP3663E<<The integration node registry runtime property 'brokerKeystorePass in mqsisetdbparms' required by the policy set or policy set binding '{provider}:B1' is not defined. <<1731694247670
BIP9333W<<Application 'SOAP_provider' has been changed but contains errors which has prevented some resources from starting. <<1731694247670
BIP1096E<<The source 'provider.bar' has been deployed but there were one or more failures which may mean the deployed resources will be unable to execute. <<1731694247670
provider>>ws_cli>>sar>>SUCCESS>>1731694454593
BIP9332I<<PolicyProject 'provider' has been created successfully. <<1731694454593
BIP9326I<<The source 'providerproject.generated.bar' has been successfully deployed. <<1731694454593
provider.bar>>ws_cli>>sar>>SUCCESS>>1731694460518
BIP9332I<<Application 'SOAP_provider' has been created successfully. <<1731694460518
BIP9326I<<The source 'provider.bar' has been successfully deployed. <<1731694460518
Consumer.bar>>ws_cli>>sar>>SUCCESS>>1731694854561
BIP9332I<<Application 'WS_security' has been created successfully. <<1731694854561
BIP9326I<<The source 'Consumer.bar' has been successfully deployed. <<1731694854561
Consumer.bar>>ws_cli>>sar>>SUCCESS>>1731694992416
BIP9332I<<Application 'WS_security' has been changed successfully. <<1731694992416
BIP9326I<<The source 'Consumer.bar' has been successfully deployed. <<1731694992416
provider.bar>>ws_cli>>sar>>SUCCESS>>1731695165485
BIP9332I<<Application 'SOAP_provider' has been changed successfully. <<1731695165485
BIP9326I<<The source 'provider.bar' has been successfully deployed. <<1731695165485
Consumer.bar>>ws_ser>>ser2>>SUCCESS>>1731695209806
BIP9332I<<Application 'WS_security' has been changed successfully. <<1731695209806
BIP9326I<<The source 'Consumer.bar' has been successfully deployed. <<1731695209806
provider.bar>>ws_cli>>sar>>SUCCESS>>1731695256805
BIP9332I<<Application 'SOAP_provider' has been changed successfully. <<1731695256805
BIP9326I<<The source 'provider.bar' has been successfully deployed. <<1731695256805
provider.bar>>ws_cli>>sar>>SUCCESS>>1731699874658
BIP9332I<<Application 'SOAP_provider' has been changed successfully. <<1731699874658
BIP9326I<<The source 'provider.bar' has been successfully deployed. <<1731699874658
provider>>ws_cli>>sar>>ERROR>>1731699884438
BIP9328E<<The policy project 'provider' cannot be redeployed at this time as the non-dynamic policy 'B1.wssecbindings.xml' differs from what is currently deployed. To allow redeploying of this policy project use the 'restart-all-applications' option. <<1731699884438
BIP9325E<<The source 'providerproject.generated.bar' could not be deployed as it contains errors. No changes have been made to the integration server. <<1731699884438
provider>>ws_cli>>sar>>SUCCESS>>1731699887175
BIP2379I<<Stopping all deployed resources as requested by the deploy operation. <<1731699887175
BIP2376I<<Restarting all deployed resources as requested by the deploy operation. <<1731699887175
BIP9332I<<PolicyProject 'provider' has been reloaded successfully. <<1731699887175
BIP9332I<<Application 'SOAP_provider' has been reloaded successfully. <<1731699887175
BIP9332I<<Application 'WS_security' has been reloaded successfully. <<1731699887175
BIP9326I<<The source 'providerproject.generated.bar' has been successfully deployed. <<1731699887175
provider>>ws_cli>>sar>>ERROR>>1731699982435
BIP9328E<<The policy project 'provider' cannot be redeployed at this time as the non-dynamic policy 'P1.wssecpolicy.xml' differs from what is currently deployed. To allow redeploying of this policy project use the 'restart-all-applications' option. <<1731699982435
BIP9325E<<The source 'providerproject.generated.bar' could not be deployed as it contains errors. No changes have been made to the integration server. <<1731699982435
provider>>ws_cli>>sar>>SUCCESS>>1731699984587
BIP2379I<<Stopping all deployed resources as requested by the deploy operation. <<1731699984587
BIP2376I<<Restarting all deployed resources as requested by the deploy operation. <<1731699984587
BIP9320E<<Message Flow 'soap_provider', 'soap_provider' encountered a failure and could not start. <<1731699984587
BIP3726E<<Failed to setup SOAP transport for node SOAP Input. <<1731699984587
BIP3728E<<Configuration of WS-Security layer using policy set '{provider}:P1' and policy set binding '{provider}:B1' failed. <<1731699984587
BIP3727E<<com.ibm.wsspi.wssecurity.core.SoapSecurityException: CWWSS7280E: Token Generator token type [http://docs.oasis-open.org/wss/2004/01/oasis-200401-wss-x509-token-profile-1.0#X509v3] does not match encryption token type defined in the policy. <<1731699984587
BIP3701E<<A Java exception was thrown whilst calling the Java JNI method 'Axis2NodeRegistrationUtil_registerInputNode'. The Java exception was 'BIP3726E: com.ibm.broker.axis2.MbSoapException: Failed to setup Axis2'. The Java stack trace was 'Frame : 0 com.ibm.broker.axis2.MbSoapException: Failed to setup Axis2<<1731699984587
BIP9332I<<PolicyProject 'provider' has been reloaded successfully. <<1731699984587
BIP9333W<<Application 'SOAP_provider' has been reloaded but contains errors which has prevented some resources from starting. <<1731699984587
BIP9332I<<Application 'WS_security' has been reloaded successfully. <<1731699984587
BIP9326I<<The source 'providerproject.generated.bar' has been successfully deployed. <<1731699984587
provider>>ws_cli>>sar>>SUCCESS>>1731700007260
BIP9339W<<The values defined in the policy(s) 'B1.wssecbindings.xml, P1.wssecpolicy.xml' in policy project 'provider' match the values of the existing policy(s). Any deployed resources using the policy(s) will not be affected by the redeploy of the policy project. <<1731700007260
BIP9326I<<The source 'providerproject.generated.bar' has been successfully deployed. <<1731700007260
provider.bar>>ws_cli>>sar>>WARNING>>1731700013644
BIP9320E<<Message Flow 'soap_provider', 'soap_provider' encountered a failure and could not start. <<1731700013644
BIP3726E<<Failed to setup SOAP transport for node SOAP Input. <<1731700013644
BIP3728E<<Configuration of WS-Security layer using policy set '{provider}:P1' and policy set binding '{provider}:B1' failed. <<1731700013644
BIP3727E<<com.ibm.wsspi.wssecurity.core.SoapSecurityException: CWWSS7280E: Token Generator token type [http://docs.oasis-open.org/wss/2004/01/oasis-200401-wss-x509-token-profile-1.0#X509v3] does not match encryption token type defined in the policy. <<1731700013644
BIP3701E<<A Java exception was thrown whilst calling the Java JNI method 'Axis2NodeRegistrationUtil_registerInputNode'. The Java exception was 'BIP3726E: com.ibm.broker.axis2.MbSoapException: Failed to setup Axis2'. The Java stack trace was 'Frame : 0 com.ibm.broker.axis2.MbSoapException: Failed to setup Axis2<<1731700013644
BIP9333W<<Application 'SOAP_provider' has been changed but contains errors which has prevented some resources from starting. <<1731700013644
BIP1096E<<The source 'provider.bar' has been deployed but there were one or more failures which may mean the deployed resources will be unable to execute. <<1731700013644
provider>>ws_cli>>sar>>ERROR>>1731700053390
BIP9328E<<The policy project 'provider' cannot be redeployed at this time as the non-dynamic policy 'B1.wssecbindings.xml' differs from what is currently deployed. To allow redeploying of this policy project use the 'restart-all-applications' option. <<1731700053390
BIP9328E<<The policy project 'provider' cannot be redeployed at this time as the non-dynamic policy 'P1.wssecpolicy.xml' differs from what is currently deployed. To allow redeploying of this policy project use the 'restart-all-applications' option. <<1731700053390
BIP9325E<<The source 'providerproject.generated.bar' could not be deployed as it contains errors. No changes have been made to the integration server. <<1731700053390
provider>>ws_cli>>sar>>SUCCESS>>1731700055891
BIP2379I<<Stopping all deployed resources as requested by the deploy operation. <<1731700055891
BIP2376I<<Restarting all deployed resources as requested by the deploy operation. <<1731700055891
BIP9332I<<PolicyProject 'provider' has been reloaded successfully. <<1731700055891
BIP9332I<<Application 'SOAP_provider' has been reloaded successfully. <<1731700055891
BIP9332I<<Application 'WS_security' has been reloaded successfully. <<1731700055891
BIP9326I<<The source 'providerproject.generated.bar' has been successfully deployed. <<1731700055891
provider>>ws_cli>>sar>>ERROR>>1731700211151
BIP9328E<<The policy project 'provider' cannot be redeployed at this time as the non-dynamic policy 'B1.wssecbindings.xml' differs from what is currently deployed. To allow redeploying of this policy project use the 'restart-all-applications' option. <<1731700211151
BIP9328E<<The policy project 'provider' cannot be redeployed at this time as the non-dynamic policy 'P1.wssecpolicy.xml' differs from what is currently deployed. To allow redeploying of this policy project use the 'restart-all-applications' option. <<1731700211151
BIP9325E<<The source 'providerproject.generated.bar' could not be deployed as it contains errors. No changes have been made to the integration server. <<1731700211151
provider>>ws_cli>>sar>>SUCCESS>>1731700213530
BIP2379I<<Stopping all deployed resources as requested by the deploy operation. <<1731700213530
BIP2376I<<Restarting all deployed resources as requested by the deploy operation. <<1731700213530
BIP9332I<<PolicyProject 'provider' has been reloaded successfully. <<1731700213530
BIP9332I<<Application 'SOAP_provider' has been reloaded successfully. <<1731700213530
BIP9332I<<Application 'WS_security' has been reloaded successfully. <<1731700213530
BIP9326I<<The source 'providerproject.generated.bar' has been successfully deployed. <<1731700213530
provider>>ws_cli>>sar>>ERROR>>1731701435943
BIP9328E<<The policy project 'provider' cannot be redeployed at this time as the non-dynamic policy 'B1.wssecbindings.xml' differs from what is currently deployed. To allow redeploying of this policy project use the 'restart-all-applications' option. <<1731701435943
BIP9328E<<The policy project 'provider' cannot be redeployed at this time as the non-dynamic policy 'P1.wssecpolicy.xml' differs from what is currently deployed. To allow redeploying of this policy project use the 'restart-all-applications' option. <<1731701435943
BIP9325E<<The source 'providerproject.generated.bar' could not be deployed as it contains errors. No changes have been made to the integration server. <<1731701435943
provider>>ws_cli>>sar>>SUCCESS>>1731701438201
BIP2379I<<Stopping all deployed resources as requested by the deploy operation. <<1731701438201
BIP2376I<<Restarting all deployed resources as requested by the deploy operation. <<1731701438201
BIP3665E<<The policy set binding '{provider}:B1' is of the wrong type for the specified node. <<1731701438201
BIP9320E<<Message Flow 'soap_provider', 'soap_provider' encountered a failure and could not start. <<1731701438201
BIP3726E<<Failed to setup SOAP transport for node SOAP Input. <<1731701438201
BIP3728E<<Configuration of WS-Security layer using policy set '{provider}:P1' and policy set binding '{provider}:B1' failed. <<1731701438201
BIP3665E<<The policy set binding '{provider}:B1' is of the wrong type for the specified node. <<1731701438201
BIP9332I<<PolicyProject 'provider' has been reloaded successfully. <<1731701438201
BIP9333W<<Application 'SOAP_provider' has been reloaded but contains errors which has prevented some resources from starting. <<1731701438201
BIP9332I<<Application 'WS_security' has been reloaded successfully. <<1731701438201
BIP9326I<<The source 'providerproject.generated.bar' has been successfully deployed. <<1731701438201
provider>>ws_cli>>sar>>SUCCESS>>1731701466014
BIP9339W<<The values defined in the policy(s) 'B1.wssecbindings.xml, P1.wssecpolicy.xml' in policy project 'provider' match the values of the existing policy(s). Any deployed resources using the policy(s) will not be affected by the redeploy of the policy project. <<1731701466014
BIP9326I<<The source 'providerproject.generated.bar' has been successfully deployed. <<1731701466014
provider.bar>>ws_cli>>sar>>WARNING>>1731701480434
BIP3665E<<The policy set binding '{provider}:B1' is of the wrong type for the specified node. <<1731701480434
BIP9320E<<Message Flow 'soap_provider', 'soap_provider' encountered a failure and could not start. <<1731701480434
BIP3726E<<Failed to setup SOAP transport for node SOAP Input. <<1731701480434
BIP3728E<<Configuration of WS-Security layer using policy set '{provider}:P1' and policy set binding '{provider}:B1' failed. <<1731701480434
BIP3665E<<The policy set binding '{provider}:B1' is of the wrong type for the specified node. <<1731701480434
BIP9333W<<Application 'SOAP_provider' has been changed but contains errors which has prevented some resources from starting. <<1731701480434
BIP1096E<<The source 'provider.bar' has been deployed but there were one or more failures which may mean the deployed resources will be unable to execute. <<1731701480434
