mq>>override2>>over1>>SUCCESS>>1725557709627
BIP9332I<<Application 'mq' has been created successfully. <<1725557709627
BIP9326I<<The source 'mqproject.generated.bar' has been successfully deployed. <<1725557709627
mq>>override2>>over1>>SUCCESS>>1725557948133
BIP9332I<<Application 'mq' has been created successfully. <<1725557948133
BIP9326I<<The source 'mqproject.generated.bar' has been successfully deployed. <<1725557948133
mq>>override2>>over1>>SUCCESS>>1725558051905
BIP9332I<<Application 'mq' has been created successfully. <<1725558051905
BIP9326I<<The source 'mqproject.generated.bar' has been successfully deployed. <<1725558051905
mq>>override2>>over1>>SUCCESS>>1725558185604
BIP9332I<<Application 'mq' has been changed successfully. <<1725558185604
BIP9326I<<The source 'mqproject.generated.bar' has been successfully deployed. <<1725558185604
mq>>override2>>over1>>SUCCESS>>1725558216760
BIP9332I<<Application 'mq' has been created successfully. <<1725558216760
BIP9326I<<The source 'mqproject.generated.bar' has been successfully deployed. <<1725558216760
mq>>override2>>over1>>SUCCESS>>1725558252726
BIP9332I<<Application 'mq' has been created successfully. <<1725558252726
BIP9326I<<The source 'mqproject.generated.bar' has been successfully deployed. <<1725558252726
mq>>override2>>over1>>SUCCESS>>1725569587961
BIP9332I<<Application 'mq' has been changed successfully. <<1725569587961
BIP9326I<<The source 'mqproject.generated.bar' has been successfully deployed. <<1725569587961
mq>>override2>>over1>>SUCCESS>>1725569660557
BIP9332I<<Application 'mq' has been changed successfully. <<1725569660557
BIP9326I<<The source 'mqproject.generated.bar' has been successfully deployed. <<1725569660557
mq>>override2>>over1>>SUCCESS>>1725569773873
BIP9332I<<Application 'mq' has been created successfully. <<1725569773873
BIP9326I<<The source 'mqproject.generated.bar' has been successfully deployed. <<1725569773873
mq>>override2>>over1>>SUCCESS>>1725569843030
BIP9332I<<Application 'over1_DefaultApplication' has been created successfully. <<1725569843030
BIP9332I<<Application 'mq' has been changed successfully. <<1725569843030
BIP9326I<<The source 'mqproject.TestMode.bar' has been successfully deployed. <<1725569843030
mq>>r1>>rr1>>SUCCESS>>1725570187827
BIP9332I<<Application 'mq' has been created successfully. <<1725570187827
BIP9326I<<The source 'mqproject.generated.bar' has been successfully deployed. <<1725570187827
mq>>r1>>rr1>>SUCCESS>>1725570195190
BIP9332I<<Application 'rr1_DefaultApplication' has been created successfully. <<1725570195190
BIP9332I<<Application 'mq' has been changed successfully. <<1725570195190
BIP9326I<<The source 'mqproject.TestMode.bar' has been successfully deployed. <<1725570195190
mq>>r1>>rr1>>SUCCESS>>1725570326089
BIP9332I<<Application 'mq' has been created successfully. <<1725570326089
BIP9326I<<The source 'mqproject.generated.bar' has been successfully deployed. <<1725570326089
mq>>new1>>g1>>SUCCESS>>1725570374582
BIP9332I<<Application 'mq' has been created successfully. <<1725570374582
BIP9326I<<The source 'mqproject.generated.bar' has been successfully deployed. <<1725570374582
mq>>new1>>g1>>SUCCESS>>1725570517385
BIP9332I<<Application 'mq' has been changed successfully. <<1725570517385
BIP9326I<<The source 'mqproject.generated.bar' has been successfully deployed. <<1725570517385
property_overrride>>new1>>g1>>SUCCESS>>1725639072737
BIP9332I<<Application 'property_overrride' has been created successfully. <<1725639072737
BIP9326I<<The source 'property_overrrideproject.generated.bar' has been successfully deployed. <<1725639072737
property_overrride>>new1>>g1>>SUCCESS>>1725639176154
BIP9332I<<Application 'property_overrride' has been changed successfully. <<1725639176154
BIP9326I<<The source 'property_overrrideproject.generated.bar' has been successfully deployed. <<1725639176154
property_overrride>>new1>>g1>>SUCCESS>>1725639244968
BIP9332I<<Application 'property_overrride' has been changed successfully. <<1725639244968
BIP9326I<<The source 'property_overrrideproject.generated.bar' has been successfully deployed. <<1725639244968
property_overrride>>new1>>g1>>SUCCESS>>1725641431865
BIP9332I<<Application 'property_overrride' has been created successfully. <<1725641431865
BIP9326I<<The source 'property_overrrideproject.generated.bar' has been successfully deployed. <<1725641431865
property_overrride>>new1>>g1>>SUCCESS>>1725644503981
BIP9332I<<Application 'property_overrride' has been created successfully. <<1725644503981
BIP9326I<<The source 'property_overrrideproject.generated.bar' has been successfully deployed. <<1725644503981
property_overrride>>new1>>g1>>SUCCESS>>1725644680184
BIP9332I<<Application 'property_overrride' has been changed successfully. <<1725644680184
BIP9326I<<The source 'property_overrrideproject.generated.bar' has been successfully deployed. <<1725644680184
UPstream_localENV>>new1>>g1>>SUCCESS>>1725645477871
BIP9332I<<Application 'UPstream_localENV' has been created successfully. <<1725645477871
BIP9326I<<The source 'UPstream_localENVproject.generated.bar' has been successfully deployed. <<1725645477871
UPstream_localENV>>new1>>g1>>SUCCESS>>1725645601378
BIP9332I<<Application 'UPstream_localENV' has been changed successfully. <<1725645601378
BIP9326I<<The source 'UPstream_localENVproject.generated.bar' has been successfully deployed. <<1725645601378
property_overrride>>new1>>g1>>SUCCESS>>1725647708169
BIP9332I<<Application 'property_overrride' has been created successfully. <<1725647708169
BIP9326I<<The source 'property_overrrideproject.generated.bar' has been successfully deployed. <<1725647708169
UPstream_localENV>>new1>>g1>>SUCCESS>>1725651357501
BIP9332I<<Application 'UPstream_localENV' has been created successfully. <<1725651357501
BIP9326I<<The source 'UPstream_localENVproject.generated.bar' has been successfully deployed. <<1725651357501
Without_http_reply>>new1>>g1>>SUCCESS>>1725653185907
BIP9332I<<Application 'Without_http_reply' has been created successfully. <<1725653185907
BIP9326I<<The source 'Without_http_replyproject.generated.bar' has been successfully deployed. <<1725653185907
Without_http_reply>>new1>>g1>>SUCCESS>>1725653488280
BIP9332I<<Application 'Without_http_reply' has been changed successfully. <<1725653488280
BIP9326I<<The source 'Without_http_replyproject.generated.bar' has been successfully deployed. <<1725653488280
rest_api_pro>>new1>>g1>>SUCCESS>>1725897318476
BIP9332I<<RestAPI 'rest_api_pro' has been created successfully. <<1725897318476
BIP9326I<<The source 'rest_api_proproject.generated.bar' has been successfully deployed. <<1725897318476
rest_api>>new1>>g1>>SUCCESS>>1725897524220
BIP9332I<<Application 'rest_api' has been created successfully. <<1725897524220
BIP9326I<<The source 'rest_apiproject.generated.bar' has been successfully deployed. <<1725897524220
rest_api_pro>>new1>>g1>>SUCCESS>>1725898308100
BIP9332I<<RestAPI 'rest_api_pro' has been changed successfully. <<1725898308100
BIP9326I<<The source 'rest_api_proproject.generated.bar' has been successfully deployed. <<1725898308100
rest_api>>new1>>g1>>SUCCESS>>1725898325443
BIP9332I<<Application 'rest_api' has been changed successfully. <<1725898325443
BIP9326I<<The source 'rest_apiproject.generated.bar' has been successfully deployed. <<1725898325443
rest_api>>new1>>g1>>SUCCESS>>1725898504460
BIP9332I<<Application 'rest_api' has been changed successfully. <<1725898504460
BIP9326I<<The source 'rest_apiproject.generated.bar' has been successfully deployed. <<1725898504460
rest_api>>new1>>g1>>SUCCESS>>1725898614139
BIP9332I<<Application 'rest_api' has been changed successfully. <<1725898614139
BIP9326I<<The source 'rest_apiproject.generated.bar' has been successfully deployed. <<1725898614139
rest_api>>new1>>g1>>SUCCESS>>1725898922134
BIP9332I<<Application 'rest_api' has been changed successfully. <<1725898922134
BIP9326I<<The source 'rest_apiproject.generated.bar' has been successfully deployed. <<1725898922134
rest_api>>new1>>g1>>SUCCESS>>1725899458423
BIP9332I<<Application 'rest_api' has been changed successfully. <<1725899458423
BIP9326I<<The source 'rest_apiproject.generated.bar' has been successfully deployed. <<1725899458423
rest_api>>new1>>g1>>SUCCESS>>1725899607832
BIP9332I<<Application 'rest_api' has been changed successfully. <<1725899607832
BIP9326I<<The source 'rest_apiproject.generated.bar' has been successfully deployed. <<1725899607832
rest_api_pro>>new1>>g1>>SUCCESS>>1725899609909
BIP9332I<<RestAPI 'rest_api_pro' has been changed successfully. <<1725899609909
BIP9326I<<The source 'rest_api_proproject.generated.bar' has been successfully deployed. <<1725899609909
rest_api>>new1>>g1>>SUCCESS>>1725899685444
BIP9332I<<Application 'rest_api' has been changed successfully. <<1725899685444
BIP9326I<<The source 'rest_apiproject.generated.bar' has been successfully deployed. <<1725899685444
rest_api_pro>>new1>>g1>>SUCCESS>>1725899688427
BIP9332I<<RestAPI 'rest_api_pro' has been changed successfully. <<1725899688427
BIP9326I<<The source 'rest_api_proproject.generated.bar' has been successfully deployed. <<1725899688427
Logging_Log4JLogs>>new2>>g2>>SUCCESS>>1725911013245
BIP9332I<<Application 'Logging_Log4JLogs' has been created successfully. <<1725911013245
BIP9326I<<The source 'Logging_Log4JLogsproject.generated.bar' has been successfully deployed. <<1725911013245
Logging_Log4JLogs>>new2>>g2>>SUCCESS>>1725911091854
BIP9332I<<Application 'Logging_Log4JLogs' has been changed successfully. <<1725911091854
BIP9326I<<The source 'Logging_Log4JLogsproject.generated.bar' has been successfully deployed. <<1725911091854
Logging_Log4JLogs>>new2>>g2>>SUCCESS>>1725911173099
BIP9332I<<Application 'Logging_Log4JLogs' has been changed successfully. <<1725911173099
BIP9326I<<The source 'Logging_Log4JLogsproject.generated.bar' has been successfully deployed. <<1725911173099
Logging_Log4JLogs>>new2>>g2>>SUCCESS>>1725911453332
BIP9332I<<Application 'Logging_Log4JLogs' has been changed successfully. <<1725911453332
BIP9326I<<The source 'Logging_Log4JLogsproject.generated.bar' has been successfully deployed. <<1725911453332
Logging_Log4JLogs>>new2>>g2>>SUCCESS>>1725911900223
BIP9332I<<Application 'Logging_Log4JLogs' has been changed successfully. <<1725911900223
BIP9326I<<The source 'Logging_Log4JLogsproject.generated.bar' has been successfully deployed. <<1725911900223
Logging_Log4JLogs>>new2>>g2>>SUCCESS>>1725912170713
BIP9332I<<Application 'Logging_Log4JLogs' has been changed successfully. <<1725912170713
BIP9326I<<The source 'Logging_Log4JLogsproject.generated.bar' has been successfully deployed. <<1725912170713
Logging_Log4JLogs>>new2>>g2>>SUCCESS>>1725912373709
BIP9332I<<Application 'Logging_Log4JLogs' has been changed successfully. <<1725912373709
BIP9326I<<The source 'Logging_Log4JLogsproject.generated.bar' has been successfully deployed. <<1725912373709
Logging_Log4JLogs>>new2>>g2>>SUCCESS>>1725912415533
BIP9332I<<Application 'Logging_Log4JLogs' has been changed successfully. <<1725912415533
BIP9326I<<The source 'Logging_Log4JLogsproject.generated.bar' has been successfully deployed. <<1725912415533
Sub_msg_flow>>new2>>g2>>SUCCESS>>1725988622695
BIP9332I<<Application 'Sub_msg_flow' has been created successfully. <<1725988622695
BIP9326I<<The source 'Sub_msg_flowproject.generated.bar' has been successfully deployed. <<1725988622695
Sub_msg_flow>>new2>>g2>>SUCCESS>>1725989053185
BIP9332I<<Application 'Sub_msg_flow' has been changed successfully. <<1725989053185
BIP9326I<<The source 'Sub_msg_flowproject.generated.bar' has been successfully deployed. <<1725989053185
Database_node>>DB1>>conn>>WARNING>>1725989684327
BIP9318E<<Request to 'PreSetupValidate' resource 'Database_node', 'Database_node' of type 'Application' failed. <<1725989684327
BIP2420E<<(.client_Compute.CopyEntireMessage, 14.100) : Invalid or incompatible data types for '||' operator. <<1725989684327
BIP9333W<<Application 'Database_node' has been created but contains errors which has prevented some resources from starting. <<1725989684327
BIP1096E<<The source 'Database_nodeproject.generated.bar' has been deployed but there were one or more failures which may mean the deployed resources will be unable to execute. <<1725989684327
Database_node>>DB1>>conn>>SUCCESS>>1725989738082
BIP9332I<<Application 'Database_node' has been changed successfully. <<1725989738082
BIP9326I<<The source 'Database_nodeproject.generated.bar' has been successfully deployed. <<1725989738082
Database_node>>DB1>>conn>>SUCCESS>>1725989926890
BIP9332I<<Application 'Database_node' has been changed successfully. <<1725989926890
BIP9326I<<The source 'Database_nodeproject.generated.bar' has been successfully deployed. <<1725989926890
Database_node>>DB1>>conn>>SUCCESS>>1725990082769
BIP9332I<<Application 'Database_node' has been changed successfully. <<1725990082769
BIP9326I<<The source 'Database_nodeproject.generated.bar' has been successfully deployed. <<1725990082769
Database_node>>DB1>>conn>>SUCCESS>>1725990223234
BIP9332I<<Application 'Database_node' has been changed successfully. <<1725990223234
BIP9326I<<The source 'Database_nodeproject.generated.bar' has been successfully deployed. <<1725990223234
Database_node>>DB1>>conn>>SUCCESS>>1725990269448
BIP9332I<<Application 'Database_node' has been changed successfully. <<1725990269448
BIP9326I<<The source 'Database_nodeproject.generated.bar' has been successfully deployed. <<1725990269448
Database_node>>DB1>>conn>>SUCCESS>>1725990795303
BIP9332I<<Application 'Database_node' has been changed successfully. <<1725990795303
BIP9326I<<The source 'Database_nodeproject.generated.bar' has been successfully deployed. <<1725990795303
Database_node>>DB1>>conn>>SUCCESS>>1725990859157
BIP9332I<<Application 'Database_node' has been changed successfully. <<1725990859157
BIP9326I<<The source 'Database_nodeproject.generated.bar' has been successfully deployed. <<1725990859157
Database_node>>DB1>>conn>>SUCCESS>>1725990908402
BIP9332I<<Application 'Database_node' has been changed successfully. <<1725990908402
BIP9326I<<The source 'Database_nodeproject.generated.bar' has been successfully deployed. <<1725990908402
Database_node>>DB1>>conn>>SUCCESS>>1725992064799
BIP9332I<<Application 'Database_node' has been created successfully. <<1725992064799
BIP9326I<<The source 'Database_nodeproject.generated.bar' has been successfully deployed. <<1725992064799
Database_node>>DB1>>conn>>SUCCESS>>1725997681429
BIP9332I<<Application 'Database_node' has been changed successfully. <<1725997681429
BIP9326I<<The source 'Database_nodeproject.generated.bar' has been successfully deployed. <<1725997681429
Database_node>>DB1>>conn>>SUCCESS>>1725997872439
BIP9332I<<Application 'Database_node' has been changed successfully. <<1725997872439
BIP9326I<<The source 'Database_nodeproject.generated.bar' has been successfully deployed. <<1725997872439
Database_node>>DB1>>conn>>SUCCESS>>1725997906400
BIP9332I<<Application 'Database_node' has been changed successfully. <<1725997906400
BIP9326I<<The source 'Database_nodeproject.generated.bar' has been successfully deployed. <<1725997906400
Database_node>>DB1>>conn>>SUCCESS>>1725998002197
BIP9332I<<Application 'Database_node' has been changed successfully. <<1725998002197
BIP9326I<<The source 'Database_nodeproject.generated.bar' has been successfully deployed. <<1725998002197
Database_node>>DB1>>conn>>SUCCESS>>1726000024098
BIP9332I<<Application 'Database_node' has been changed successfully. <<1726000024098
BIP9326I<<The source 'Database_nodeproject.generated.bar' has been successfully deployed. <<1726000024098
Database_node>>DB1>>conn>>SUCCESS>>1726002620299
BIP9332I<<Application 'Database_node' has been created successfully. <<1726002620299
BIP9326I<<The source 'Database_nodeproject.generated.bar' has been successfully deployed. <<1726002620299
Database_node>>DB1>>conn>>SUCCESS>>1726002733551
BIP9332I<<Application 'Database_node' has been created successfully. <<1726002733551
BIP9326I<<The source 'Database_nodeproject.generated.bar' has been successfully deployed. <<1726002733551
Database_node>>DB1>>conn>>SUCCESS>>1726002754198
BIP9332I<<Application 'Database_node' has been changed successfully. <<1726002754198
BIP9326I<<The source 'Database_nodeproject.generated.bar' has been successfully deployed. <<1726002754198
Database_using_mappaing>>DB1>>conn>>SUCCESS>>1726002791535
BIP9332I<<Application 'Database_using_mappaing' has been created successfully. <<1726002791535
BIP9326I<<The source 'Database_using_mappaingproject.generated.bar' has been successfully deployed. <<1726002791535
Database_using_mappaing>>DB1>>conn>>SUCCESS>>1726004375521
BIP9332I<<Application 'Database_using_mappaing' has been changed successfully. <<1726004375521
BIP9326I<<The source 'Database_using_mappaingproject.generated.bar' has been successfully deployed. <<1726004375521
all_app>>DB1>>conn>>SUCCESS>>1726007429130
BIP9332I<<Application 'all_app' has been created successfully. <<1726007429130
BIP9326I<<The source 'all_appproject.generated.bar' has been successfully deployed. <<1726007429130
jdbc>>DB1>>conn>>SUCCESS>>1726008916955
BIP9332I<<PolicyProject 'jdbc' has been created successfully. <<1726008916955
BIP9326I<<The source 'jdbcproject.generated.bar' has been successfully deployed. <<1726008916955
Database_using_mappaing>>DB1>>conn>>SUCCESS>>1726009206739
BIP9332I<<Application 'Database_using_mappaing' has been created successfully. <<1726009206739
BIP9326I<<The source 'Database_using_mappaingproject.generated.bar' has been successfully deployed. <<1726009206739
Database_using_mappaing>>>>TEST_SERVER>>SUCCESS>>1726009837787
BIP9332I<<Application 'Database_using_mappaing' has been created successfully. <<1726009837787
BIP9326I<<The source 'Database_using_mappaingproject.generated.bar' has been successfully deployed. <<1726009837787
jdbc>>>>TEST_SERVER>>SUCCESS>>1726009901594
BIP9332I<<PolicyProject 'jdbc' has been created successfully. <<1726009901594
BIP9326I<<The source 'jdbcproject.generated.bar' has been successfully deployed. <<1726009901594
Database_using_mappaing>>>>TEST_SERVER>>SUCCESS>>1726009922036
BIP9332I<<Application 'Database_using_mappaing' has been changed successfully. <<1726009922036
BIP9326I<<The source 'Database_using_mappaingproject.generated.bar' has been successfully deployed. <<1726009922036
Database_using_mappaing>>>>TEST_SERVER>>SUCCESS>>1726010250399
BIP9332I<<Application 'Database_using_mappaing' has been changed successfully. <<1726010250399
BIP9326I<<The source 'Database_using_mappaingproject.generated.bar' has been successfully deployed. <<1726010250399
jdbc>>>>TEST_SERVER>>SUCCESS>>1726010266490
BIP9339W<<The values defined in the policy(s) 'JDBC_Provider_ policy' in policy project 'jdbc' match the values of the existing policy(s). Any deployed resources using the policy(s) will not be affected by the redeploy of the policy project. <<1726010266490
BIP9326I<<The source 'jdbcproject.generated.bar' has been successfully deployed. <<1726010266490
Database_using_mappaing>>>>TEST_SERVER>>SUCCESS>>1726010304424
BIP9332I<<Application 'Database_using_mappaing' has been changed successfully. <<1726010304424
BIP9326I<<The source 'Database_using_mappaingproject.generated.bar' has been successfully deployed. <<1726010304424
orcl>>DB1>>conn>>SUCCESS>>1726010990150
BIP9332I<<PolicyProject 'orcl' has been created successfully. <<1726010990150
BIP9326I<<The source 'orclproject.generated.bar' has been successfully deployed. <<1726010990150
Database_using_mappaing>>DB1>>conn>>SUCCESS>>1726011003066
BIP9332I<<Application 'Database_using_mappaing' has been created successfully. <<1726011003066
BIP9326I<<The source 'Database_using_mappaingproject.generated.bar' has been successfully deployed. <<1726011003066
orcl>>>>TEST_SERVER>>SUCCESS>>1726011154906
BIP9332I<<PolicyProject 'orcl' has been created successfully. <<1726011154906
BIP9326I<<The source 'orclproject.generated.bar' has been successfully deployed. <<1726011154906
Database_using_mappaing>>>>TEST_SERVER>>SUCCESS>>1726011167198
BIP9332I<<Application 'Database_using_mappaing' has been created successfully. <<1726011167198
BIP9326I<<The source 'Database_using_mappaingproject.generated.bar' has been successfully deployed. <<1726011167198
rest_api_pro>>>>TEST_SERVER>>SUCCESS>>1726088101609
BIP9332I<<RestAPI 'rest_api_pro' has been created successfully. <<1726088101609
BIP9326I<<The source 'rest_api_proproject.generated.bar' has been successfully deployed. <<1726088101609
rest_api>>>>TEST_SERVER>>SUCCESS>>1726088117192
BIP9332I<<Application 'rest_api' has been created successfully. <<1726088117192
BIP9326I<<The source 'rest_apiproject.generated.bar' has been successfully deployed. <<1726088117192
rest_api>>new2>>g2>>SUCCESS>>1726088190109
BIP9332I<<Application 'rest_api' has been created successfully. <<1726088190109
BIP9326I<<The source 'rest_apiproject.generated.bar' has been successfully deployed. <<1726088190109
rest_api>>new2>>g2>>SUCCESS>>1726088570240
BIP9332I<<Application 'rest_api' has been changed successfully. <<1726088570240
BIP9326I<<The source 'rest_apiproject.generated.bar' has been successfully deployed. <<1726088570240
rest_api>>new2>>g2>>SUCCESS>>1726088666221
BIP9332I<<Application 'rest_api' has been changed successfully. <<1726088666221
BIP9326I<<The source 'rest_apiproject.generated.bar' has been successfully deployed. <<1726088666221
Database_nodes>>DB1>>conn>>WARNING>>1726171059978
BIP9318E<<Request to 'PreSetupValidate' resource 'Database_nodes', 'Database_nodes' of type 'Application' failed. <<1726171059978
BIP2432E<<(.route_Database.Main, 6.7) : The correlation name 'OutputRoot.JSON.Data' is not valid. Those in scope are: Environment, LocalEnvironment, Root, Body, Properties, ExceptionList, DestinationList. <<1726171059978
BIP9333W<<Application 'Database_nodes' has been created but contains errors which has prevented some resources from starting. <<1726171059978
BIP1096E<<The source 'Database_nodesproject.generated.bar' has been deployed but there were one or more failures which may mean the deployed resources will be unable to execute. <<1726171059978
Database_nodes>>DB1>>conn>>WARNING>>1726171134006
BIP9318E<<Request to 'PreSetupValidate' resource 'Database_nodes', 'Database_nodes' of type 'Application' failed. <<1726171134006
BIP2432E<<(.route_Database.Main, 6.7) : The correlation name 'OutputRoot.JSON.Data' is not valid. Those in scope are: Environment, LocalEnvironment, Root, Body, Properties, ExceptionList, DestinationList. <<1726171134006
BIP9333W<<Application 'Database_nodes' has been changed but contains errors which has prevented some resources from starting. <<1726171134006
BIP1096E<<The source 'Database_nodesproject.generated.bar' has been deployed but there were one or more failures which may mean the deployed resources will be unable to execute. <<1726171134006
Database_nodes>>DB1>>conn>>SUCCESS>>1726171223053
BIP9332I<<Application 'Database_nodes' has been changed successfully. <<1726171223053
BIP9326I<<The source 'Database_nodesproject.generated.bar' has been successfully deployed. <<1726171223053
Database_nodes>>DB1>>conn>>SUCCESS>>1726171313214
BIP9332I<<Application 'Database_nodes' has been changed successfully. <<1726171313214
BIP9326I<<The source 'Database_nodesproject.generated.bar' has been successfully deployed. <<1726171313214
Exception_using_while_loop>>DB1>>conn>>SUCCESS>>1726174837990
BIP9332I<<Application 'Exception_using_while_loop' has been created successfully. <<1726174837990
BIP9326I<<The source 'Exception_using_while_loopproject.generated.bar' has been successfully deployed. <<1726174837990
Exception_using_while_loop>>DB1>>conn>>SUCCESS>>1726177386526
BIP9332I<<Application 'Exception_using_while_loop' has been changed successfully. <<1726177386526
BIP9326I<<The source 'Exception_using_while_loopproject.generated.bar' has been successfully deployed. <<1726177386526
Exception_using_while_loop>>DB1>>conn>>SUCCESS>>1726177581861
BIP9332I<<Application 'Exception_using_while_loop' has been changed successfully. <<1726177581861
BIP9326I<<The source 'Exception_using_while_loopproject.generated.bar' has been successfully deployed. <<1726177581861
Exception_using_while_loop>>DB1>>conn>>SUCCESS>>1726177747053
BIP9332I<<Application 'Exception_using_while_loop' has been changed successfully. <<1726177747053
BIP9326I<<The source 'Exception_using_while_loopproject.generated.bar' has been successfully deployed. <<1726177747053
Exception_using_while_loop>>DB1>>conn>>SUCCESS>>1726177864753
BIP9332I<<Application 'Exception_using_while_loop' has been changed successfully. <<1726177864753
BIP9326I<<The source 'Exception_using_while_loopproject.generated.bar' has been successfully deployed. <<1726177864753
rest_api_pro>>new2>>g2>>SUCCESS>>1726178968304
BIP9332I<<RestAPI 'rest_api_pro' has been created successfully. <<1726178968304
BIP9326I<<The source 'rest_api_proproject.generated.bar' has been successfully deployed. <<1726178968304
rest_api>>DB1>>conn>>WARNING>>1726179011364
BIP9320E<<Message Flow 'rest1_mf', 'rest1_mf' encountered a failure and could not start. <<1726179011364
BIP3144S<<An error has occurred during HTTP listener startup: the specified TCPIP port (7801) is already in use. <<1726179011364
BIP9320E<<Message Flow 'rest_async', 'rest_async' encountered a failure and could not start. <<1726179011364
BIP3144S<<An error has occurred during HTTP listener startup: the specified TCPIP port (7801) is already in use. <<1726179011364
BIP9333W<<Application 'rest_api' has been created but contains errors which has prevented some resources from starting. <<1726179011364
BIP1096E<<The source 'rest_apiproject.generated.bar' has been deployed but there were one or more failures which may mean the deployed resources will be unable to execute. <<1726179011364
rest_api>>new1>>g1>>SUCCESS>>1726179111371
BIP9332I<<Application 'rest_api' has been created successfully. <<1726179111371
BIP9326I<<The source 'rest_apiproject.generated.bar' has been successfully deployed. <<1726179111371
rest_api>>new1>>g1>>SUCCESS>>1726179230277
BIP9332I<<Application 'rest_api' has been changed successfully. <<1726179230277
BIP9326I<<The source 'rest_apiproject.generated.bar' has been successfully deployed. <<1726179230277
ap2>>new2>>g2>>SUCCESS>>1726179615209
BIP9332I<<Application 'ap2' has been created successfully. <<1726179615209
BIP9326I<<The source 'ap2project.generated.bar' has been successfully deployed. <<1726179615209
ap1>>new1>>g1>>SUCCESS>>1726179661894
BIP9332I<<Application 'ap1' has been created successfully. <<1726179661894
BIP9326I<<The source 'ap1project.generated.bar' has been successfully deployed. <<1726179661894
ap2>>new2>>g2>>SUCCESS>>1726179740683
BIP9332I<<Application 'ap2' has been changed successfully. <<1726179740683
BIP9326I<<The source 'ap2project.generated.bar' has been successfully deployed. <<1726179740683
xml_validation2>>new2>>g2>>SUCCESS>>1726185623801
BIP9332I<<Application 'xml_validation2' has been created successfully. <<1726185623801
BIP9326I<<The source 'xml_validation2project.generated.bar' has been successfully deployed. <<1726185623801
xml_validation2>>new2>>g2>>SUCCESS>>1726185677887
BIP9332I<<Application 'xml_validation2' has been changed successfully. <<1726185677887
BIP9326I<<The source 'xml_validation2project.generated.bar' has been successfully deployed. <<1726185677887
xml_validation2>>new2>>g2>>SUCCESS>>1726185763480
BIP9332I<<Application 'xml_validation2' has been changed successfully. <<1726185763480
BIP9326I<<The source 'xml_validation2project.generated.bar' has been successfully deployed. <<1726185763480
all_app>>new2>>g2>>SUCCESS>>1726244237963
BIP9332I<<Application 'all_app' has been created successfully. <<1726244237963
BIP9326I<<The source 'all_appproject.generated.bar' has been successfully deployed. <<1726244237963
all_app>>new2>>g2>>SUCCESS>>1726245057061
BIP9332I<<Application 'all_app' has been created successfully. <<1726245057061
BIP9326I<<The source 'all_appproject.generated.bar' has been successfully deployed. <<1726245057061
Retrive_project>>new2>>g2>>SUCCESS>>1726247280880
BIP9332I<<PolicyProject 'Retrive_project' has been created successfully. <<1726247280880
BIP9326I<<The source 'Retrive_projectproject.generated.bar' has been successfully deployed. <<1726247280880
App_DatabaseNode>>new2>>g2>>WARNING>>1726247288512
BIP9320E<<Message Flow 'MF_DatabaseRoute', 'MF_DatabaseRoute' encountered a failure and could not start. <<1726247288512
BIP6278E<<Node 'Database Route' is unable to create a connection with the datasource represented by JDBCProviders policy name '{Retrive_project}:Retrive_policy', because of incomplete configuration settings. The JDBCProviders policy has been configured with securityIdentity property value 'ODBC1', which has not been defined by using the mqsisetdbparms or mqsicredentials command. <<1726247288512
BIP9320E<<Message Flow 'MF_RetriveNode', 'MF_RetriveNode' encountered a failure and could not start. <<1726247288512
BIP6278E<<Node 'Database Retrieve' is unable to create a connection with the datasource represented by JDBCProviders policy name '{Retrive_project}:Retrive_policy', because of incomplete configuration settings. The JDBCProviders policy has been configured with securityIdentity property value 'ODBC1', which has not been defined by using the mqsisetdbparms or mqsicredentials command. <<1726247288512
BIP9333W<<Application 'App_DatabaseNode' has been created but contains errors which has prevented some resources from starting. <<1726247288512
BIP1096E<<The source 'App_DatabaseNodeproject.generated.bar' has been deployed but there were one or more failures which may mean the deployed resources will be unable to execute. <<1726247288512
App_DatabaseNode>>new2>>g2>>WARNING>>1726247342130
BIP9320E<<Message Flow 'MF_DatabaseRoute', 'MF_DatabaseRoute' encountered a failure and could not start. <<1726247342130
BIP6278E<<Node 'Database Route' is unable to create a connection with the datasource represented by JDBCProviders policy name '{Retrive_project}:Retrive_policy', because of incomplete configuration settings. The JDBCProviders policy has been configured with securityIdentity property value 'ODBC1', which has not been defined by using the mqsisetdbparms or mqsicredentials command. <<1726247342130
BIP9320E<<Message Flow 'MF_RetriveNode', 'MF_RetriveNode' encountered a failure and could not start. <<1726247342130
BIP6278E<<Node 'Database Retrieve' is unable to create a connection with the datasource represented by JDBCProviders policy name '{Retrive_project}:Retrive_policy', because of incomplete configuration settings. The JDBCProviders policy has been configured with securityIdentity property value 'ODBC1', which has not been defined by using the mqsisetdbparms or mqsicredentials command. <<1726247342130
BIP9333W<<Application 'App_DatabaseNode' has been changed but contains errors which has prevented some resources from starting. <<1726247342130
BIP1096E<<The source 'App_DatabaseNodeproject.generated.bar' has been deployed but there were one or more failures which may mean the deployed resources will be unable to execute. <<1726247342130
App_DatabaseNode>>DB1>>conn>>WARNING>>1726247436448
BIP9320E<<Message Flow 'MF_DatabaseRoute', 'MF_DatabaseRoute' encountered a failure and could not start. <<1726247436448
BIP6253E<<Error in node: Database Route. Could not locate JDBC Provider policy '{Retrive_project}:Retrive_policy', in the specified or default policy project, for the data source name property on this node. <<1726247436448
BIP9320E<<Message Flow 'MF_RetriveNode', 'MF_RetriveNode' encountered a failure and could not start. <<1726247436448
BIP6253E<<Error in node: Database Retrieve. Could not locate JDBC Provider policy '{Retrive_project}:Retrive_policy', in the specified or default policy project, for the data source name property on this node. <<1726247436448
BIP9333W<<Application 'App_DatabaseNode' has been created but contains errors which has prevented some resources from starting. <<1726247436448
BIP1096E<<The source 'App_DatabaseNodeproject.generated.bar' has been deployed but there were one or more failures which may mean the deployed resources will be unable to execute. <<1726247436448
Retrive_project>>DB1>>conn>>SUCCESS>>1726247474924
BIP9332I<<PolicyProject 'Retrive_project' has been created successfully. <<1726247474924
BIP9326I<<The source 'Retrive_projectproject.generated.bar' has been successfully deployed. <<1726247474924
App_DatabaseNode>>DB1>>conn>>SUCCESS>>1726247482259
BIP9332I<<Application 'App_DatabaseNode' has been changed successfully. <<1726247482259
BIP9326I<<The source 'App_DatabaseNodeproject.generated.bar' has been successfully deployed. <<1726247482259
Retrive_project>>DB1>>conn>>ERROR>>1726248044837
BIP9328E<<The policy project 'Retrive_project' cannot be redeployed at this time as the non-dynamic policy 'Retrive_policy' differs from what is currently deployed. To allow redeploying of this policy project use the 'restart-all-applications' option. <<1726248044837
BIP9325E<<The source 'Retrive_projectproject.generated.bar' could not be deployed as it contains errors. No changes have been made to the integration server. <<1726248044837
Retrive_project>>DB1>>conn>>SUCCESS>>1726248064880
BIP2379I<<Stopping all deployed resources as requested by the deploy operation. <<1726248064880
BIP2376I<<Restarting all deployed resources as requested by the deploy operation. <<1726248064880
BIP9332I<<PolicyProject 'Retrive_project' has been reloaded successfully. <<1726248064880
BIP9332I<<Application 'App_DatabaseNode' has been reloaded successfully. <<1726248064880
BIP9326I<<The source 'Retrive_projectproject.generated.bar' has been successfully deployed. <<1726248064880
Retrive_project>>DB1>>conn>>ERROR>>1726248470737
BIP9328E<<The policy project 'Retrive_project' cannot be redeployed at this time as the non-dynamic policy 'Retrive_policy' differs from what is currently deployed. To allow redeploying of this policy project use the 'restart-all-applications' option. <<1726248470737
BIP9325E<<The source 'Retrive_projectproject.generated.bar' could not be deployed as it contains errors. No changes have been made to the integration server. <<1726248470737
Retrive_project>>DB1>>conn>>SUCCESS>>1726248473297
BIP2379I<<Stopping all deployed resources as requested by the deploy operation. <<1726248473297
BIP2376I<<Restarting all deployed resources as requested by the deploy operation. <<1726248473297
BIP9332I<<PolicyProject 'Retrive_project' has been reloaded successfully. <<1726248473297
BIP9332I<<Application 'App_DatabaseNode' has been reloaded successfully. <<1726248473297
BIP9326I<<The source 'Retrive_projectproject.generated.bar' has been successfully deployed. <<1726248473297
Retrive_project>>DB1>>conn>>ERROR>>1726248703551
BIP9328E<<The policy project 'Retrive_project' cannot be redeployed at this time as the non-dynamic policy 'Retrive_policy' differs from what is currently deployed. To allow redeploying of this policy project use the 'restart-all-applications' option. <<1726248703551
BIP9325E<<The source 'Retrive_projectproject.generated.bar' could not be deployed as it contains errors. No changes have been made to the integration server. <<1726248703551
Retrive_project>>DB1>>conn>>SUCCESS>>1726248706516
BIP2379I<<Stopping all deployed resources as requested by the deploy operation. <<1726248706516
BIP2376I<<Restarting all deployed resources as requested by the deploy operation. <<1726248706516
BIP9332I<<PolicyProject 'Retrive_project' has been reloaded successfully. <<1726248706516
BIP9332I<<Application 'App_DatabaseNode' has been reloaded successfully. <<1726248706516
BIP9326I<<The source 'Retrive_projectproject.generated.bar' has been successfully deployed. <<1726248706516
Retrive_project>>DB1>>conn>>SUCCESS>>1726251056481
BIP9332I<<PolicyProject 'Retrive_project' has been created successfully. <<1726251056481
BIP9326I<<The source 'Retrive_projectproject.generated.bar' has been successfully deployed. <<1726251056481
App_DatabaseNode>>DB1>>conn>>SUCCESS>>1726251071402
BIP9332I<<Application 'App_DatabaseNode' has been created successfully. <<1726251071402
BIP9326I<<The source 'App_DatabaseNodeproject.generated.bar' has been successfully deployed. <<1726251071402
Retrive_project>>DB1>>conn>>SUCCESS>>1726251395946
BIP9339W<<The values defined in the policy(s) 'Retrive_policy' in policy project 'Retrive_project' match the values of the existing policy(s). Any deployed resources using the policy(s) will not be affected by the redeploy of the policy project. <<1726251395946
BIP9326I<<The source 'Retrive_projectproject.generated.bar' has been successfully deployed. <<1726251395946
App_DatabaseNode>>DB1>>conn>>SUCCESS>>1726251415102
BIP9332I<<Application 'App_DatabaseNode' has been changed successfully. <<1726251415102
BIP9326I<<The source 'App_DatabaseNodeproject.generated.bar' has been successfully deployed. <<1726251415102
Retrive_project>>DB1>>conn>>SUCCESS>>1726251893226
BIP9332I<<PolicyProject 'Retrive_project' has been created successfully. <<1726251893226
BIP9326I<<The source 'Retrive_projectproject.generated.bar' has been successfully deployed. <<1726251893226
App_DatabaseNode>>DB1>>conn>>SUCCESS>>1726251899275
BIP9332I<<Application 'App_DatabaseNode' has been created successfully. <<1726251899275
BIP9326I<<The source 'App_DatabaseNodeproject.generated.bar' has been successfully deployed. <<1726251899275
Retrive_project>>DB1>>conn>>SUCCESS>>1726252102380
BIP9339W<<The values defined in the policy(s) 'Retrive_policy' in policy project 'Retrive_project' match the values of the existing policy(s). Any deployed resources using the policy(s) will not be affected by the redeploy of the policy project. <<1726252102380
BIP9326I<<The source 'Retrive_projectproject.generated.bar' has been successfully deployed. <<1726252102380
App_DatabaseNode>>DB1>>conn>>SUCCESS>>1726252109839
BIP9332I<<Application 'App_DatabaseNode' has been changed successfully. <<1726252109839
BIP9326I<<The source 'App_DatabaseNodeproject.generated.bar' has been successfully deployed. <<1726252109839
Retrive_project>>DB1>>conn>>SUCCESS>>1726253575884
BIP9339W<<The values defined in the policy(s) 'Retrive_policy' in policy project 'Retrive_project' match the values of the existing policy(s). Any deployed resources using the policy(s) will not be affected by the redeploy of the policy project. <<1726253575884
BIP9326I<<The source 'Retrive_projectproject.generated.bar' has been successfully deployed. <<1726253575884
App_DatabaseNode>>DB1>>conn>>SUCCESS>>1726253592541
BIP9332I<<Application 'App_DatabaseNode' has been changed successfully. <<1726253592541
BIP9326I<<The source 'App_DatabaseNodeproject.generated.bar' has been successfully deployed. <<1726253592541
Retrive_project>>DB1>>conn>>ERROR>>1726254422523
BIP9328E<<The policy project 'Retrive_project' cannot be redeployed at this time as the non-dynamic policy 'Retrive_policy' differs from what is currently deployed. To allow redeploying of this policy project use the 'restart-all-applications' option. <<1726254422523
BIP9325E<<The source 'Retrive_projectproject.generated.bar' could not be deployed as it contains errors. No changes have been made to the integration server. <<1726254422523
Retrive_project>>DB1>>conn>>SUCCESS>>1726254427258
BIP2379I<<Stopping all deployed resources as requested by the deploy operation. <<1726254427258
BIP2376I<<Restarting all deployed resources as requested by the deploy operation. <<1726254427258
BIP9332I<<PolicyProject 'Retrive_project' has been reloaded successfully. <<1726254427258
BIP9332I<<Application 'App_DatabaseNode' has been reloaded successfully. <<1726254427258
BIP9326I<<The source 'Retrive_projectproject.generated.bar' has been successfully deployed. <<1726254427258
12dfd1223>>override2>>over1>>SUCCESS>>1726506967987
BIP9332I<<Application '12dfd1223' has been created successfully. <<1726506967987
BIP9326I<<The source '12dfd1223project.generated.bar' has been successfully deployed. <<1726506967987
12dfd1223>>override2>>over1>>SUCCESS>>1726507006574
BIP9332I<<Application '12dfd1223' has been changed successfully. <<1726507006574
BIP9326I<<The source '12dfd1223project.generated.bar' has been successfully deployed. <<1726507006574
12dfd1223>>override2>>over1>>SUCCESS>>1726507175456
BIP9332I<<Application '12dfd1223' has been changed successfully. <<1726507175456
BIP9326I<<The source '12dfd1223project.generated.bar' has been successfully deployed. <<1726507175456
12dfd1223>>override2>>over1>>SUCCESS>>1726507343341
BIP9332I<<Application '12dfd1223' has been changed successfully. <<1726507343341
BIP9326I<<The source '12dfd1223project.generated.bar' has been successfully deployed. <<1726507343341
12dfd1223>>override2>>over1>>SUCCESS>>1726508325478
BIP9332I<<Application '12dfd1223' has been changed successfully. <<1726508325478
BIP9326I<<The source '12dfd1223project.generated.bar' has been successfully deployed. <<1726508325478
12dfd1223>>override2>>over1>>SUCCESS>>1726508482773
BIP9332I<<Application '12dfd1223' has been changed successfully. <<1726508482773
BIP9326I<<The source '12dfd1223project.generated.bar' has been successfully deployed. <<1726508482773
12dfd1223>>override2>>over1>>SUCCESS>>1726509099799
BIP9332I<<Application '12dfd1223' has been changed successfully. <<1726509099799
BIP9326I<<The source '12dfd1223project.generated.bar' has been successfully deployed. <<1726509099799
12dfd1223>>override2>>over1>>SUCCESS>>1726509214560
BIP9332I<<Application '12dfd1223' has been changed successfully. <<1726509214560
BIP9326I<<The source '12dfd1223project.generated.bar' has been successfully deployed. <<1726509214560
12dfd1223>>override2>>over1>>SUCCESS>>1726509275720
BIP9332I<<Application '12dfd1223' has been changed successfully. <<1726509275720
BIP9326I<<The source '12dfd1223project.generated.bar' has been successfully deployed. <<1726509275720
12b2>>override2>>over1>>SUCCESS>>1726509990754
BIP9332I<<Application '12b2' has been created successfully. <<1726509990754
BIP9326I<<The source '12b2project.generated.bar' has been successfully deployed. <<1726509990754
12b1>>override2>>over1>>SUCCESS>>1726509991022
BIP9332I<<Application '12b1' has been created successfully. <<1726509991022
BIP9326I<<The source '12b1project.generated.bar' has been successfully deployed. <<1726509991022
12dfd1223>>override2>>over1>>SUCCESS>>1726510011312
BIP9332I<<Application '12dfd1223' has been changed successfully. <<1726510011312
BIP9326I<<The source '12dfd1223project.generated.bar' has been successfully deployed. <<1726510011312
12dfd1223>>override2>>over1>>SUCCESS>>1726510156021
BIP9332I<<Application '12dfd1223' has been changed successfully. <<1726510156021
BIP9326I<<The source '12dfd1223project.generated.bar' has been successfully deployed. <<1726510156021
12dfd1223>>override2>>over1>>SUCCESS>>1726510226053
BIP9332I<<Application '12dfd1223' has been changed successfully. <<1726510226053
BIP9326I<<The source '12dfd1223project.generated.bar' has been successfully deployed. <<1726510226053
12b2>>override2>>over1>>SUCCESS>>1726510236351
BIP9332I<<Application '12b2' has been changed successfully. <<1726510236351
BIP9326I<<The source '12b2project.generated.bar' has been successfully deployed. <<1726510236351
12b1>>override2>>over1>>SUCCESS>>1726510237507
BIP9332I<<Application '12b1' has been changed successfully. <<1726510237507
BIP9326I<<The source '12b1project.generated.bar' has been successfully deployed. <<1726510237507
12dfd1223>>override2>>over1>>SUCCESS>>1726510533095
BIP9332I<<Application '12dfd1223' has been changed successfully. <<1726510533095
BIP9326I<<The source '12dfd1223project.generated.bar' has been successfully deployed. <<1726510533095
12b2>>override2>>over1>>SUCCESS>>1726510542806
BIP9332I<<Application '12b2' has been changed successfully. <<1726510542806
BIP9326I<<The source '12b2project.generated.bar' has been successfully deployed. <<1726510542806
12b1>>override2>>over1>>SUCCESS>>1726510547087
BIP9332I<<Application '12b1' has been changed successfully. <<1726510547087
BIP9326I<<The source '12b1project.generated.bar' has been successfully deployed. <<1726510547087
12dfd1223>>override2>>over1>>SUCCESS>>1726516635030
BIP9332I<<Application '12dfd1223' has been changed successfully. <<1726516635030
BIP9326I<<The source '12dfd1223project.generated.bar' has been successfully deployed. <<1726516635030
12b2>>override2>>over1>>SUCCESS>>1726516640535
BIP9332I<<Application '12b2' has been changed successfully. <<1726516640535
BIP9326I<<The source '12b2project.generated.bar' has been successfully deployed. <<1726516640535
12b1>>override2>>over1>>SUCCESS>>1726516645285
BIP9332I<<Application '12b1' has been changed successfully. <<1726516645285
BIP9326I<<The source '12b1project.generated.bar' has been successfully deployed. <<1726516645285
AggregationUisngHTTPApp>>override2>>over1>>SUCCESS>>1726517031787
BIP9332I<<Application 'AggregationUisngHTTPApp' has been created successfully. <<1726517031787
BIP9326I<<The source 'AggregationUisngHTTPAppproject.generated.bar' has been successfully deployed. <<1726517031787
AggregationUisngHTTPApp>>override2>>over1>>SUCCESS>>1726517048811
BIP9332I<<Application 'AggregationUisngHTTPApp' has been created successfully. <<1726517048811
BIP9326I<<The source 'AggregationUisngHTTPAppproject.generated.bar' has been successfully deployed. <<1726517048811
Aggreaction_node>>override2>>over1>>WARNING>>1726525487623
BIP9320E<<Message Flow 'fan_in', 'fan_in' encountered a failure and could not start. <<1726525487623
BIP3647S<<An attempt was made to deploy two HTTPAsyncResponse, RESTAsyncResponse, or SOAPAsyncResponse nodes with the same unique identifier 'u1' to the same integration server <<1726525487623
BIP9320E<<Message Flow 'fan_out', 'fan_out' encountered a failure and could not start. <<1726525487623
BIP3644S<<An attempt was made to deploy two HTTPAsyncRequest, RESTAsyncRequest, or SOAPAsyncRequest nodes with the same unique identifier 'u1' to the same integration server <<1726525487623
BIP9333W<<Application 'Aggreaction_node' has been created but contains errors which has prevented some resources from starting. <<1726525487623
BIP1096E<<The source 'Aggreaction_nodeproject.generated.bar' has been deployed but there were one or more failures which may mean the deployed resources will be unable to execute. <<1726525487623
Aggreaction_node>>override2>>over1>>SUCCESS>>1726525526827
BIP9332I<<Application 'Aggreaction_node' has been changed successfully. <<1726525526827
BIP9326I<<The source 'Aggreaction_nodeproject.generated.bar' has been successfully deployed. <<1726525526827
Aggreaction_node>>override2>>over1>>SUCCESS>>1726525882270
BIP9332I<<Application 'Aggreaction_node' has been changed successfully. <<1726525882270
BIP9326I<<The source 'Aggreaction_nodeproject.generated.bar' has been successfully deployed. <<1726525882270
Aggreaction_node>>override2>>over1>>SUCCESS>>1726528222935
BIP9332I<<Application 'Aggreaction_node' has been changed successfully. <<1726528222935
BIP9326I<<The source 'Aggreaction_nodeproject.generated.bar' has been successfully deployed. <<1726528222935
Aggreaction_node>>override2>>over1>>SUCCESS>>1726528609196
BIP9332I<<Application 'Aggreaction_node' has been created successfully. <<1726528609196
BIP9326I<<The source 'Aggreaction_nodeproject.generated.bar' has been successfully deployed. <<1726528609196
Aggreaction_node>>override2>>over1>>SUCCESS>>1726528790216
BIP9332I<<Application 'Aggreaction_node' has been changed successfully. <<1726528790216
BIP9326I<<The source 'Aggreaction_nodeproject.generated.bar' has been successfully deployed. <<1726528790216
Aggreaction_node>>override2>>over1>>SUCCESS>>1726528847030
BIP9332I<<Application 'Aggreaction_node' has been changed successfully. <<1726528847030
BIP9326I<<The source 'Aggreaction_nodeproject.generated.bar' has been successfully deployed. <<1726528847030
Aggreaction_node>>override2>>over1>>SUCCESS>>1726528994492
BIP9332I<<Application 'Aggreaction_node' has been changed successfully. <<1726528994492
BIP9326I<<The source 'Aggreaction_nodeproject.generated.bar' has been successfully deployed. <<1726528994492
Aggreaction_node>>override2>>over1>>SUCCESS>>1726529292967
BIP9332I<<Application 'Aggreaction_node' has been changed successfully. <<1726529292967
BIP9326I<<The source 'Aggreaction_nodeproject.generated.bar' has been successfully deployed. <<1726529292967
Aggreaction_node>>override2>>over1>>SUCCESS>>1726529398605
BIP9332I<<Application 'Aggreaction_node' has been changed successfully. <<1726529398605
BIP9326I<<The source 'Aggreaction_nodeproject.generated.bar' has been successfully deployed. <<1726529398605
Grouping_collector>>override2>>over1>>SUCCESS>>1726529940564
BIP9332I<<Application 'Grouping_collector' has been created successfully. <<1726529940564
BIP9326I<<The source 'Grouping_collectorproject.generated.bar' has been successfully deployed. <<1726529940564
Grouping_collector>>override2>>over1>>SUCCESS>>1726530100348
BIP9332I<<Application 'Grouping_collector' has been changed successfully. <<1726530100348
BIP9326I<<The source 'Grouping_collectorproject.generated.bar' has been successfully deployed. <<1726530100348
Grouping_collector>>override2>>over1>>SUCCESS>>1726532144016
BIP9332I<<Application 'Grouping_collector' has been created successfully. <<1726532144016
BIP9326I<<The source 'Grouping_collectorproject.generated.bar' has been successfully deployed. <<1726532144016
Grouping_collector>>override2>>over1>>SUCCESS>>1726532364462
BIP9332I<<Application 'Grouping_collector' has been changed successfully. <<1726532364462
BIP9326I<<The source 'Grouping_collectorproject.generated.bar' has been successfully deployed. <<1726532364462
Grouping_collector>>override2>>over1>>SUCCESS>>1726532520550
BIP9332I<<Application 'Grouping_collector' has been changed successfully. <<1726532520550
BIP9326I<<The source 'Grouping_collectorproject.generated.bar' has been successfully deployed. <<1726532520550
Grouping_collector>>override2>>over1>>SUCCESS>>1726532697335
BIP9332I<<Application 'Grouping_collector' has been changed successfully. <<1726532697335
BIP9326I<<The source 'Grouping_collectorproject.generated.bar' has been successfully deployed. <<1726532697335
12swder3rdv4>>override2>>over1>>SUCCESS>>1726536421975
BIP9332I<<Application '12swder3rdv4' has been created successfully. <<1726536421975
BIP9326I<<The source '12swder3rdv4project.generated.bar' has been successfully deployed. <<1726536421975
12swder3rdv4>>override2>>over1>>SUCCESS>>1726536685958
BIP9332I<<Application '12swder3rdv4' has been changed successfully. <<1726536685958
BIP9326I<<The source '12swder3rdv4project.generated.bar' has been successfully deployed. <<1726536685958
12swder3rdv4>>override2>>over1>>SUCCESS>>1726537065898
BIP9332I<<Application '12swder3rdv4' has been created successfully. <<1726537065898
BIP9326I<<The source '12swder3rdv4project.generated.bar' has been successfully deployed. <<1726537065898
12swder3rdv4>>override2>>over1>>SUCCESS>>1726537214659
BIP9332I<<Application '12swder3rdv4' has been changed successfully. <<1726537214659
BIP9326I<<The source '12swder3rdv4project.generated.bar' has been successfully deployed. <<1726537214659
12app_qwed12>>override2>>over1>>SUCCESS>>1726537548460
BIP9332I<<Application '12app_qwed12' has been created successfully. <<1726537548460
BIP9326I<<The source '12app_qwed12project.generated.bar' has been successfully deployed. <<1726537548460
Aggreaction_node>>override2>>over1>>SUCCESS>>1726589876975
BIP9332I<<Application 'Aggreaction_node' has been created successfully. <<1726589876975
BIP9326I<<The source 'Aggreaction_nodeproject.generated.bar' has been successfully deployed. <<1726589876975
Aggreaction_node>>override2>>over1>>SUCCESS>>1726590737063
BIP9332I<<Application 'Aggreaction_node' has been created successfully. <<1726590737063
BIP9326I<<The source 'Aggreaction_nodeproject.generated.bar' has been successfully deployed. <<1726590737063
123groupint>>override2>>over1>>SUCCESS>>1726595560908
BIP9332I<<Application '123groupint' has been created successfully. <<1726595560908
BIP9326I<<The source '123groupintproject.generated.bar' has been successfully deployed. <<1726595560908
123groupint>>override2>>over1>>SUCCESS>>1726595798905
BIP9332I<<Application '123groupint' has been changed successfully. <<1726595798905
BIP9326I<<The source '123groupintproject.generated.bar' has been successfully deployed. <<1726595798905
123groupint>>override2>>over1>>SUCCESS>>1726595875749
BIP9332I<<Application '123groupint' has been changed successfully. <<1726595875749
BIP9326I<<The source '123groupintproject.generated.bar' has been successfully deployed. <<1726595875749
123groupint>>override2>>over1>>SUCCESS>>1726596380550
BIP9332I<<Application '123groupint' has been changed successfully. <<1726596380550
BIP9326I<<The source '123groupintproject.generated.bar' has been successfully deployed. <<1726596380550
Aggreaction_node>>override2>>over1>>SUCCESS>>1726603972744
BIP9332I<<Application 'Aggreaction_node' has been created successfully. <<1726603972744
BIP9326I<<The source 'Aggreaction_nodeproject.generated.bar' has been successfully deployed. <<1726603972744
123groupint>>override2>>over1>>SUCCESS>>1726604026209
BIP9332I<<Application '123groupint' has been created successfully. <<1726604026209
BIP9326I<<The source '123groupintproject.generated.bar' has been successfully deployed. <<1726604026209
123groupint>>override2>>over1>>SUCCESS>>1726604366384
BIP9332I<<Application '123groupint' has been changed successfully. <<1726604366384
BIP9326I<<The source '123groupintproject.generated.bar' has been successfully deployed. <<1726604366384
123groupint>>override2>>over1>>SUCCESS>>1726604461253
BIP9332I<<Application '123groupint' has been changed successfully. <<1726604461253
BIP9326I<<The source '123groupintproject.generated.bar' has been successfully deployed. <<1726604461253
AggregationUisngHTTPApp>>override2>>over1>>SUCCESS>>1726621157401
BIP9332I<<Application 'AggregationUisngHTTPApp' has been created successfully. <<1726621157401
BIP9326I<<The source 'AggregationUisngHTTPAppproject.generated.bar' has been successfully deployed. <<1726621157401
2331rlmnsdg9>>override2>>over1>>SUCCESS>>1726675004546
BIP9332I<<Application '2331rlmnsdg9' has been created successfully. <<1726675004546
BIP9326I<<The source '2331rlmnsdg9project.generated.bar' has been successfully deployed. <<1726675004546
2331rlmnsdg9>>override2>>over1>>SUCCESS>>1726676501773
BIP9332I<<Application '2331rlmnsdg9' has been created successfully. <<1726676501773
BIP9326I<<The source '2331rlmnsdg9project.generated.bar' has been successfully deployed. <<1726676501773
2331rlmnsdg9>>override2>>over1>>SUCCESS>>1726677143511
BIP9332I<<Application '2331rlmnsdg9' has been created successfully. <<1726677143511
BIP9326I<<The source '2331rlmnsdg9project.generated.bar' has been successfully deployed. <<1726677143511
APP_JMSNodes>>override2>>over1>>SUCCESS>>1726679685011
BIP9332I<<Application 'APP_JMSNodes' has been created successfully. <<1726679685011
BIP9326I<<The source 'APP_JMSNodesproject.generated.bar' has been successfully deployed. <<1726679685011
APP_JMSNodes>>override2>>over1>>SUCCESS>>1726679901368
BIP9332I<<Application 'APP_JMSNodes' has been changed successfully. <<1726679901368
BIP9326I<<The source 'APP_JMSNodesproject.generated.bar' has been successfully deployed. <<1726679901368
APP_JMSNodes>>override2>>over1>>SUCCESS>>1726680030409
BIP9332I<<Application 'APP_JMSNodes' has been changed successfully. <<1726680030409
BIP9326I<<The source 'APP_JMSNodesproject.generated.bar' has been successfully deployed. <<1726680030409
APP_JMSNodes>>override2>>over1>>SUCCESS>>1726680585735
BIP9332I<<Application 'APP_JMSNodes' has been changed successfully. <<1726680585735
BIP9326I<<The source 'APP_JMSNodesproject.generated.bar' has been successfully deployed. <<1726680585735
APP_JMSNodes>>override2>>over1>>SUCCESS>>1726681667498
BIP9332I<<Application 'APP_JMSNodes' has been created successfully. <<1726681667498
BIP9326I<<The source 'APP_JMSNodesproject.generated.bar' has been successfully deployed. <<1726681667498
APP_JMSNodes>>override2>>over1>>SUCCESS>>1726682427272
BIP9332I<<Application 'APP_JMSNodes' has been created successfully. <<1726682427272
BIP9326I<<The source 'APP_JMSNodesproject.generated.bar' has been successfully deployed. <<1726682427272
Kafka_node_con_pro>>override2>>over1>>SUCCESS>>1726684163720
BIP9332I<<Application 'Kafka_node_con_pro' has been created successfully. <<1726684163720
BIP9326I<<The source 'Kafka_node_con_proproject.generated.bar' has been successfully deployed. <<1726684163720
Kafka_node_con_pro>>override2>>over1>>SUCCESS>>1726684385911
BIP9332I<<Application 'Kafka_node_con_pro' has been changed successfully. <<1726684385911
BIP9326I<<The source 'Kafka_node_con_proproject.generated.bar' has been successfully deployed. <<1726684385911
Kafka_node_con_pro>>override2>>over1>>SUCCESS>>1726684454975
BIP9332I<<Application 'Kafka_node_con_pro' has been changed successfully. <<1726684454975
BIP9326I<<The source 'Kafka_node_con_proproject.generated.bar' has been successfully deployed. <<1726684454975
Kafka_node_con_pro>>override2>>over1>>SUCCESS>>1726688958644
BIP9332I<<Application 'Kafka_node_con_pro' has been changed successfully. <<1726688958644
BIP9326I<<The source 'Kafka_node_con_proproject.generated.bar' has been successfully deployed. <<1726688958644
Kafka_node_con_pro>>override2>>over1>>SUCCESS>>1726689256330
BIP9332I<<Application 'Kafka_node_con_pro' has been changed successfully. <<1726689256330
BIP9326I<<The source 'Kafka_node_con_proproject.generated.bar' has been successfully deployed. <<1726689256330
Kafka_node_con_pro>>override2>>over1>>SUCCESS>>1726689410417
BIP9332I<<Application 'Kafka_node_con_pro' has been changed successfully. <<1726689410417
BIP9326I<<The source 'Kafka_node_con_proproject.generated.bar' has been successfully deployed. <<1726689410417
Kafka_node_con_pro>>override2>>over1>>SUCCESS>>1726689800144
BIP9332I<<Application 'Kafka_node_con_pro' has been changed successfully. <<1726689800144
BIP9326I<<The source 'Kafka_node_con_proproject.generated.bar' has been successfully deployed. <<1726689800144
Kafka_node_con_pro>>override2>>over1>>SUCCESS>>1726689851331
BIP9332I<<Application 'Kafka_node_con_pro' has been changed successfully. <<1726689851331
BIP9326I<<The source 'Kafka_node_con_proproject.generated.bar' has been successfully deployed. <<1726689851331
Kafka_node_con_pro>>override2>>over1>>SUCCESS>>1726690293806
BIP9332I<<Application 'Kafka_node_con_pro' has been changed successfully. <<1726690293806
BIP9326I<<The source 'Kafka_node_con_proproject.generated.bar' has been successfully deployed. <<1726690293806
Kafka_node_con_pro>>override2>>over1>>SUCCESS>>1726690684079
BIP9332I<<Application 'Kafka_node_con_pro' has been changed successfully. <<1726690684079
BIP9326I<<The source 'Kafka_node_con_proproject.generated.bar' has been successfully deployed. <<1726690684079
Kafka_node_con_pro>>override2>>over1>>SUCCESS>>1726690844512
BIP9332I<<Application 'Kafka_node_con_pro' has been changed successfully. <<1726690844512
BIP9326I<<The source 'Kafka_node_con_proproject.generated.bar' has been successfully deployed. <<1726690844512
Kafka_node_con_pro>>override2>>over1>>SUCCESS>>1726690906324
BIP9332I<<Application 'Kafka_node_con_pro' has been changed successfully. <<1726690906324
BIP9326I<<The source 'Kafka_node_con_proproject.generated.bar' has been successfully deployed. <<1726690906324
Kafka_node_con_pro>>override2>>over1>>SUCCESS>>1726691120127
BIP9332I<<Application 'Kafka_node_con_pro' has been changed successfully. <<1726691120127
BIP9326I<<The source 'Kafka_node_con_proproject.generated.bar' has been successfully deployed. <<1726691120127
Kafka_node_con_pro>>override2>>over1>>SUCCESS>>1726691199795
BIP9332I<<Application 'Kafka_node_con_pro' has been changed successfully. <<1726691199795
BIP9326I<<The source 'Kafka_node_con_proproject.generated.bar' has been successfully deployed. <<1726691199795
GroupIng_GroupNode>>override2>>over1>>SUCCESS>>1726694812557
BIP9332I<<Application 'GroupIng_GroupNode' has been created successfully. <<1726694812557
BIP9326I<<The source 'GroupIng_GroupNodeproject.generated.bar' has been successfully deployed. <<1726694812557
Kafka_node_con_pro>>override2>>over1>>SUCCESS>>1726704935099
BIP9332I<<Application 'Kafka_node_con_pro' has been created successfully. <<1726704935099
BIP9326I<<The source 'Kafka_node_con_proproject.generated.bar' has been successfully deployed. <<1726704935099
Kafka_node_con_pro>>override2>>over1>>SUCCESS>>1726705139848
BIP9332I<<Application 'Kafka_node_con_pro' has been changed successfully. <<1726705139848
BIP9326I<<The source 'Kafka_node_con_proproject.generated.bar' has been successfully deployed. <<1726705139848
Kafka_node_con_pro>>override2>>over1>>SUCCESS>>1726705196929
BIP9332I<<Application 'Kafka_node_con_pro' has been changed successfully. <<1726705196929
BIP9326I<<The source 'Kafka_node_con_proproject.generated.bar' has been successfully deployed. <<1726705196929
Kafka_node_con_pro>>override2>>over1>>SUCCESS>>1726705308377
BIP9332I<<Application 'Kafka_node_con_pro' has been changed successfully. <<1726705308377
BIP9326I<<The source 'Kafka_node_con_proproject.generated.bar' has been successfully deployed. <<1726705308377
Kafka_node_con_pro>>override2>>over1>>SUCCESS>>1726705465926
BIP9332I<<Application 'Kafka_node_con_pro' has been changed successfully. <<1726705465926
BIP9326I<<The source 'Kafka_node_con_proproject.generated.bar' has been successfully deployed. <<1726705465926
Kafka_node_con_pro>>override2>>over1>>SUCCESS>>1726705719300
BIP9332I<<Application 'Kafka_node_con_pro' has been changed successfully. <<1726705719300
BIP9326I<<The source 'Kafka_node_con_proproject.generated.bar' has been successfully deployed. <<1726705719300
Kafka_node_con_pro>>override2>>over1>>SUCCESS>>1726705824688
BIP9332I<<Application 'Kafka_node_con_pro' has been changed successfully. <<1726705824688
BIP9326I<<The source 'Kafka_node_con_proproject.generated.bar' has been successfully deployed. <<1726705824688
Kafka_Nodes>>override2>>over1>>SUCCESS>>1726706518710
BIP9332I<<Application 'Kafka_Nodes' has been created successfully. <<1726706518710
BIP9326I<<The source 'Kafka_Nodesproject.generated.bar' has been successfully deployed. <<1726706518710
Kafka_node_con_pro>>override2>>over1>>SUCCESS>>1726706600994
BIP9332I<<Application 'Kafka_node_con_pro' has been changed successfully. <<1726706600994
BIP9326I<<The source 'Kafka_node_con_proproject.generated.bar' has been successfully deployed. <<1726706600994
12app_qwed12>>DB1>>conn>>SUCCESS>>1726861161624
BIP9332I<<Application '12app_qwed12' has been created successfully. <<1726861161624
BIP9326I<<The source '12app_qwed12project.generated.bar' has been successfully deployed. <<1726861161624
12app_qwed12>>DB1>>conn>>SUCCESS>>1726861246958
BIP9332I<<Application '12app_qwed12' has been changed successfully. <<1726861246958
BIP9326I<<The source '12app_qwed12project.generated.bar' has been successfully deployed. <<1726861246958
12app_qwed12>>DB1>>conn>>SUCCESS>>1726861297833
BIP9332I<<Application '12app_qwed12' has been changed successfully. <<1726861297833
BIP9326I<<The source '12app_qwed12project.generated.bar' has been successfully deployed. <<1726861297833
12app_qwed12>>override2>>over1>>SUCCESS>>1726865434041
BIP9332I<<Application '12app_qwed12' has been created successfully. <<1726865434041
BIP9326I<<The source '12app_qwed12project.generated.bar' has been successfully deployed. <<1726865434041
12app_qwed12>>override2>>over1>>SUCCESS>>1726865491764
BIP9332I<<Application '12app_qwed12' has been created successfully. <<1726865491764
BIP9326I<<The source '12app_qwed12project.generated.bar' has been successfully deployed. <<1726865491764
12app_qwed12>>override2>>over1>>SUCCESS>>1726865590929
BIP9332I<<Application '12app_qwed12' has been changed successfully. <<1726865590929
BIP9326I<<The source '12app_qwed12project.generated.bar' has been successfully deployed. <<1726865590929
12app_qwed12>>override2>>over1>>SUCCESS>>1726865794220
BIP9332I<<Application '12app_qwed12' has been created successfully. <<1726865794220
BIP9326I<<The source '12app_qwed12project.generated.bar' has been successfully deployed. <<1726865794220
12app_qwed12>>override2>>over1>>SUCCESS>>1726867727971
BIP9332I<<Application '12app_qwed12' has been changed successfully. <<1726867727971
BIP9326I<<The source '12app_qwed12project.generated.bar' has been successfully deployed. <<1726867727971
12app_qwed12>>override2>>over1>>SUCCESS>>1726868003072
BIP9332I<<Application '12app_qwed12' has been changed successfully. <<1726868003072
BIP9326I<<The source '12app_qwed12project.TestMode.bar' has been successfully deployed. <<1726868003072
12app_qwed12>>override2>>over1>>SUCCESS>>1726868086134
BIP9332I<<Application '12app_qwed12' has been changed successfully. <<1726868086134
BIP9326I<<The source '12app_qwed12project.TestMode.bar' has been successfully deployed. <<1726868086134
1111dfwefsdcdg454214>>b1>>con1>>SUCCESS>>1727107055618
BIP9332I<<Application '1111dfwefsdcdg454214' has been created successfully. <<1727107055618
BIP9326I<<The source '1111dfwefsdcdg454214project.generated.bar' has been successfully deployed. <<1727107055618
1111dfwefsdcdg454214>>b1>>con1>>SUCCESS>>1727107214807
BIP9332I<<Application '1111dfwefsdcdg454214' has been changed successfully. <<1727107214807
BIP9326I<<The source '1111dfwefsdcdg454214project.generated.bar' has been successfully deployed. <<1727107214807
12app_qwed12>>override2>>over1>>SUCCESS>>1727108967417
BIP9332I<<Application '12app_qwed12' has been created successfully. <<1727108967417
BIP9326I<<The source '12app_qwed12project.generated.bar' has been successfully deployed. <<1727108967417
12app_qwed12>>override2>>over1>>SUCCESS>>1727109388868
BIP9332I<<Application '12app_qwed12' has been changed successfully. <<1727109388868
BIP9326I<<The source '12app_qwed12project.TestMode.bar' has been successfully deployed. <<1727109388868
12app_qwed12>>override2>>over1>>SUCCESS>>1727110162974
BIP9332I<<Application '12app_qwed12' has been changed successfully. <<1727110162974
BIP9326I<<The source '12app_qwed12project.generated.bar' has been successfully deployed. <<1727110162974
12app_qwed12>>override2>>over1>>SUCCESS>>1727110171630
BIP9332I<<Application '12app_qwed12' has been changed successfully. <<1727110171630
BIP9326I<<The source '12app_qwed12project.TestMode.bar' has been successfully deployed. <<1727110171630
12app_qwed12>>override2>>over1>>SUCCESS>>1727110390513
BIP9332I<<Application '12app_qwed12' has been changed successfully. <<1727110390513
BIP9326I<<The source '12app_qwed12project.generated.bar' has been successfully deployed. <<1727110390513
12app_qwed12>>override2>>over1>>SUCCESS>>1727110460298
BIP9332I<<Application '12app_qwed12' has been changed successfully. <<1727110460298
BIP9326I<<The source '12app_qwed12project.generated.bar' has been successfully deployed. <<1727110460298
12app_qwed12>>override2>>over1>>SUCCESS>>1727110540009
BIP9332I<<Application '12app_qwed12' has been changed successfully. <<1727110540009
BIP9326I<<The source '12app_qwed12project.generated.bar' has been successfully deployed. <<1727110540009
12app_qwed12>>override2>>over1>>SUCCESS>>1727110566962
BIP9332I<<Application '12app_qwed12' has been changed successfully. <<1727110566962
BIP9326I<<The source '12app_qwed12project.generated.bar' has been successfully deployed. <<1727110566962
12app_qwed12>>override2>>over1>>SUCCESS>>1727110731274
BIP9332I<<Application '12app_qwed12' has been changed successfully. <<1727110731274
BIP9326I<<The source '12app_qwed12project.generated.bar' has been successfully deployed. <<1727110731274
12app_qwed12>>override2>>over1>>SUCCESS>>1727110979957
BIP9332I<<Application '12app_qwed12' has been changed successfully. <<1727110979957
BIP9326I<<The source '12app_qwed12project.generated.bar' has been successfully deployed. <<1727110979957
121212dnvbfadmnfd>>override2>>over1>>SUCCESS>>1727122809215
BIP9332I<<Application '121212dnvbfadmnfd' has been created successfully. <<1727122809215
BIP9326I<<The source '121212dnvbfadmnfdproject.generated.bar' has been successfully deployed. <<1727122809215
121212dnvbfadmnfd>>override2>>over1>>SUCCESS>>1727122920302
BIP9332I<<Application '121212dnvbfadmnfd' has been changed successfully. <<1727122920302
BIP9326I<<The source '121212dnvbfadmnfdproject.generated.bar' has been successfully deployed. <<1727122920302
121212dnvbfadmnfd>>override2>>over1>>SUCCESS>>1727122987687
BIP9332I<<Application '121212dnvbfadmnfd' has been changed successfully. <<1727122987687
BIP9326I<<The source '121212dnvbfadmnfdproject.generated.bar' has been successfully deployed. <<1727122987687
121212dnvbfadmnfd>>override2>>over1>>SUCCESS>>1727123257763
BIP9332I<<Application '121212dnvbfadmnfd' has been changed successfully. <<1727123257763
BIP9326I<<The source '121212dnvbfadmnfdproject.generated.bar' has been successfully deployed. <<1727123257763
111212sckjsdhfoeiwyf>>override2>>over1>>SUCCESS>>1727124622363
BIP9332I<<Application '111212sckjsdhfoeiwyf' has been created successfully. <<1727124622363
BIP9326I<<The source '111212sckjsdhfoeiwyfproject.generated.bar' has been successfully deployed. <<1727124622363
111212sckjsdhfoeiwyf>>override2>>over1>>SUCCESS>>1727124776100
BIP9332I<<Application '111212sckjsdhfoeiwyf' has been changed successfully. <<1727124776100
BIP9326I<<The source '111212sckjsdhfoeiwyfproject.generated.bar' has been successfully deployed. <<1727124776100
111212sckjsdhfoeiwyf>>override2>>over1>>SUCCESS>>1727125136883
BIP9332I<<Application '111212sckjsdhfoeiwyf' has been changed successfully. <<1727125136883
BIP9326I<<The source '111212sckjsdhfoeiwyfproject.generated.bar' has been successfully deployed. <<1727125136883
111212sckjsdhfoeiwyf>>override2>>over1>>SUCCESS>>1727125229159
BIP9332I<<Application '111212sckjsdhfoeiwyf' has been changed successfully. <<1727125229159
BIP9326I<<The source '111212sckjsdhfoeiwyfproject.generated.bar' has been successfully deployed. <<1727125229159
12app_qwed12>>override2>>over1>>SUCCESS>>1727125919513
BIP9332I<<Application '12app_qwed12' has been created successfully. <<1727125919513
BIP9326I<<The source '12app_qwed12project.generated.bar' has been successfully deployed. <<1727125919513
12app_qwed12>>override2>>over1>>SUCCESS>>1727126012774
BIP9332I<<Application '12app_qwed12' has been changed successfully. <<1727126012774
BIP9326I<<The source '12app_qwed12project.generated.bar' has been successfully deployed. <<1727126012774
12app_qwed12>>override2>>over1>>SUCCESS>>1727126258168
BIP9332I<<Application '12app_qwed12' has been changed successfully. <<1727126258168
BIP9326I<<The source '12app_qwed12project.generated.bar' has been successfully deployed. <<1727126258168
12app_qwed12>>override2>>over1>>SUCCESS>>1727126311114
BIP9332I<<Application '12app_qwed12' has been created successfully. <<1727126311114
BIP9326I<<The source '12app_qwed12project.generated.bar' has been successfully deployed. <<1727126311114
12app_qwed12>>override2>>over1>>SUCCESS>>1727126349281
BIP9332I<<Application '12app_qwed12' has been created successfully. <<1727126349281
BIP9326I<<The source '12app_qwed12project.generated.bar' has been successfully deployed. <<1727126349281
12app_qwed12>>override2>>over1>>SUCCESS>>1727127119724
BIP9332I<<Application '12app_qwed12' has been created successfully. <<1727127119724
BIP9326I<<The source '12app_qwed12project.generated.bar' has been successfully deployed. <<1727127119724
12app_qwed12>>override2>>over1>>SUCCESS>>1727127234699
BIP9332I<<Application '12app_qwed12' has been created successfully. <<1727127234699
BIP9326I<<The source '12app_qwed12project.generated.bar' has been successfully deployed. <<1727127234699
12app_qwed12>>override2>>over1>>SUCCESS>>1727128076184
BIP9332I<<Application '12app_qwed12' has been changed successfully. <<1727128076184
BIP9326I<<The source '12app_qwed12project.generated.bar' has been successfully deployed. <<1727128076184
12app_qwed12>>override2>>over1>>SUCCESS>>1727128137466
BIP9332I<<Application '12app_qwed12' has been created successfully. <<1727128137466
BIP9326I<<The source '12app_qwed12project.generated.bar' has been successfully deployed. <<1727128137466
12app_qwed12>>override2>>over1>>SUCCESS>>1727128437273
BIP9332I<<Application '12app_qwed12' has been created successfully. <<1727128437273
BIP9326I<<The source '12app_qwed12project.generated.bar' has been successfully deployed. <<1727128437273
12app_qwed12>>override2>>over1>>SUCCESS>>1727128830334
BIP9332I<<Application '12app_qwed12' has been created successfully. <<1727128830334
BIP9326I<<The source '12app_qwed12project.generated.bar' has been successfully deployed. <<1727128830334
12app_qwed12>>override2>>over1>>SUCCESS>>1727129038827
BIP9332I<<Application '12app_qwed12' has been changed successfully. <<1727129038827
BIP9326I<<The source '12app_qwed12project.generated.bar' has been successfully deployed. <<1727129038827
1212121212computeode>>override2>>over1>>SUCCESS>>1727134943367
BIP9332I<<Application '1212121212computeode' has been created successfully. <<1727134943367
BIP9326I<<The source '1212121212computeodeproject.generated.bar' has been successfully deployed. <<1727134943367
1212121212computeode>>override2>>over1>>SUCCESS>>1727136073216
BIP9332I<<Application '1212121212computeode' has been changed successfully. <<1727136073216
BIP9326I<<The source '1212121212computeodeproject.generated.bar' has been successfully deployed. <<1727136073216
1212121212computeode>>override2>>over1>>SUCCESS>>1727136097947
BIP9332I<<Application '1212121212computeode' has been changed successfully. <<1727136097947
BIP9326I<<The source '1212121212computeodeproject.generated.bar' has been successfully deployed. <<1727136097947
1212121212computeode>>override2>>over1>>SUCCESS>>1727136223390
BIP9332I<<Application '1212121212computeode' has been changed successfully. <<1727136223390
BIP9326I<<The source '1212121212computeodeproject.generated.bar' has been successfully deployed. <<1727136223390
1212121212computeode>>override2>>over1>>SUCCESS>>1727193433439
BIP9332I<<Application '1212121212computeode' has been changed successfully. <<1727193433439
BIP9326I<<The source '1212121212computeodeproject.TestMode.bar' has been successfully deployed. <<1727193433439
1212121212computeode>>override2>>over1>>SUCCESS>>1727193824883
BIP9332I<<Application '1212121212computeode' has been changed successfully. <<1727193824883
BIP9326I<<The source '1212121212computeodeproject.TestMode.bar' has been successfully deployed. <<1727193824883
1212121212computeode>>override2>>over1>>SUCCESS>>1727193942227
BIP9332I<<Application '1212121212computeode' has been changed successfully. <<1727193942227
BIP9326I<<The source '1212121212computeodeproject.TestMode.bar' has been successfully deployed. <<1727193942227
1212121212computeode>>override2>>over1>>SUCCESS>>1727194548090
BIP9332I<<Application '1212121212computeode' has been changed successfully. <<1727194548090
BIP9326I<<The source '1212121212computeodeproject.TestMode.bar' has been successfully deployed. <<1727194548090
1212121212computeode>>override2>>over1>>SUCCESS>>1727194580243
BIP9332I<<Application '1212121212computeode' has been changed successfully. <<1727194580243
BIP9326I<<The source '1212121212computeodeproject.TestMode.bar' has been successfully deployed. <<1727194580243
1212121212computeode>>override2>>over1>>SUCCESS>>1727194673946
BIP9332I<<Application '1212121212computeode' has been changed successfully. <<1727194673946
BIP9326I<<The source '1212121212computeodeproject.generated.bar' has been successfully deployed. <<1727194673946
1212121212computeode>>override2>>over1>>SUCCESS>>1727195688717
BIP9332I<<Application '1212121212computeode' has been changed successfully. <<1727195688717
BIP9326I<<The source '1212121212computeodeproject.TestMode.bar' has been successfully deployed. <<1727195688717
1212121212computeode>>override2>>over1>>SUCCESS>>1727195942107
BIP9332I<<Application '1212121212computeode' has been changed successfully. <<1727195942107
BIP9326I<<The source '1212121212computeodeproject.TestMode.bar' has been successfully deployed. <<1727195942107
1212121212computeode>>override2>>over1>>SUCCESS>>1727196166072
BIP9332I<<Application '1212121212computeode' has been changed successfully. <<1727196166072
BIP9326I<<The source '1212121212computeodeproject.TestMode.bar' has been successfully deployed. <<1727196166072
1212121212computeode>>override2>>over1>>SUCCESS>>1727199187138
BIP9332I<<Application '1212121212computeode' has been changed successfully. <<1727199187138
BIP9326I<<The source '1212121212computeodeproject.TestMode.bar' has been successfully deployed. <<1727199187138
1212121212computeode>>override2>>over1>>SUCCESS>>1727199721307
BIP9332I<<Application '1212121212computeode' has been changed successfully. <<1727199721307
BIP9326I<<The source '1212121212computeodeproject.TestMode.bar' has been successfully deployed. <<1727199721307
1212121212computeode>>override2>>over1>>SUCCESS>>1727200094970
BIP9332I<<Application '1212121212computeode' has been changed successfully. <<1727200094970
BIP9326I<<The source '1212121212computeodeproject.TestMode.bar' has been successfully deployed. <<1727200094970
1212121212computeode>>b1>>con1>>SUCCESS>>1727200238546
BIP9332I<<Application '1212121212computeode' has been created successfully. <<1727200238546
BIP9326I<<The source '1212121212computeodeproject.generated.bar' has been successfully deployed. <<1727200238546
1212121212computeode>>b1>>con1>>SUCCESS>>1727200384476
BIP9332I<<Application '1212121212computeode' has been changed successfully. <<1727200384476
BIP9326I<<The source '1212121212computeodeproject.generated.bar' has been successfully deployed. <<1727200384476
1212121212computeode>>b1>>con1>>SUCCESS>>1727200625845
BIP9332I<<Application '1212121212computeode' has been changed successfully. <<1727200625845
BIP9326I<<The source '1212121212computeodeproject.generated.bar' has been successfully deployed. <<1727200625845
MyDB2>>DB1>>conn>>SUCCESS>>1727213211243
BIP9332I<<PolicyProject 'MyDB2' has been created successfully. <<1727213211243
BIP9326I<<The source 'MyDB2project.generated.bar' has been successfully deployed. <<1727213211243
1212121hgfwdhgqwdjh12e12>>DB1>>conn>>SUCCESS>>1727213212439
BIP9332I<<Application '1212121hgfwdhgqwdjh12e12' has been created successfully. <<1727213212439
BIP9326I<<The source '1212121hgfwdhgqwdjh12e12project.generated.bar' has been successfully deployed. <<1727213212439
1212121hgfwdhgqwdjh12e12>>DB1>>conn>>SUCCESS>>1727213335531
BIP9332I<<Application '1212121hgfwdhgqwdjh12e12' has been changed successfully. <<1727213335531
BIP9326I<<The source '1212121hgfwdhgqwdjh12e12project.TestMode.bar' has been successfully deployed. <<1727213335531
1212121hgfwdhgqwdjh12e12>>DB1>>conn>>SUCCESS>>1727213505131
BIP9332I<<Application '1212121hgfwdhgqwdjh12e12' has been changed successfully. <<1727213505131
BIP9326I<<The source '1212121hgfwdhgqwdjh12e12project.generated.bar' has been successfully deployed. <<1727213505131
1212121hgfwdhgqwdjh12e12>>DB1>>conn>>SUCCESS>>1727213626995
BIP9332I<<Application '1212121hgfwdhgqwdjh12e12' has been changed successfully. <<1727213626995
BIP9326I<<The source '1212121hgfwdhgqwdjh12e12project.generated.bar' has been successfully deployed. <<1727213626995
1212121hgfwdhgqwdjh12e12>>DB1>>conn>>SUCCESS>>1727213864786
BIP9332I<<Application '1212121hgfwdhgqwdjh12e12' has been changed successfully. <<1727213864786
BIP9326I<<The source '1212121hgfwdhgqwdjh12e12project.generated.bar' has been successfully deployed. <<1727213864786
1212121hgfwdhgqwdjh12e12>>DB1>>conn>>SUCCESS>>1727213945472
BIP9332I<<Application '1212121hgfwdhgqwdjh12e12' has been changed successfully. <<1727213945472
BIP9326I<<The source '1212121hgfwdhgqwdjh12e12project.generated.bar' has been successfully deployed. <<1727213945472
1212121hgfwdhgqwdjh12e12>>DB1>>conn>>SUCCESS>>1727215129224
BIP9332I<<Application '1212121hgfwdhgqwdjh12e12' has been changed successfully. <<1727215129224
BIP9326I<<The source '1212121hgfwdhgqwdjh12e12project.generated.bar' has been successfully deployed. <<1727215129224
1212121hgfwdhgqwdjh12e12>>DB1>>conn>>SUCCESS>>1727215441775
BIP9332I<<Application '1212121hgfwdhgqwdjh12e12' has been changed successfully. <<1727215441775
BIP9326I<<The source '1212121hgfwdhgqwdjh12e12project.generated.bar' has been successfully deployed. <<1727215441775
1212121hgfwdhgqwdjh12e12>>DB1>>conn>>SUCCESS>>1727215493331
BIP9332I<<Application '1212121hgfwdhgqwdjh12e12' has been changed successfully. <<1727215493331
BIP9326I<<The source '1212121hgfwdhgqwdjh12e12project.TestMode.bar' has been successfully deployed. <<1727215493331
1212121hgfwdhgqwdjh12e12>>DB1>>conn>>SUCCESS>>1727215761129
BIP9332I<<Application '1212121hgfwdhgqwdjh12e12' has been changed successfully. <<1727215761129
BIP9326I<<The source '1212121hgfwdhgqwdjh12e12project.generated.bar' has been successfully deployed. <<1727215761129
1212121hgfwdhgqwdjh12e12>>DB1>>conn>>SUCCESS>>1727215943021
BIP9332I<<Application '1212121hgfwdhgqwdjh12e12' has been changed successfully. <<1727215943021
BIP9326I<<The source '1212121hgfwdhgqwdjh12e12project.generated.bar' has been successfully deployed. <<1727215943021
1212121hgfwdhgqwdjh12e12>>DB1>>conn>>SUCCESS>>1727216168402
BIP9332I<<Application '1212121hgfwdhgqwdjh12e12' has been created successfully. <<1727216168402
BIP9326I<<The source '1212121hgfwdhgqwdjh12e12project.generated.bar' has been successfully deployed. <<1727216168402
mapping_practice>>new1>>g1>>SUCCESS>>1727219807889
BIP9332I<<Application 'mapping_practice' has been created successfully. <<1727219807889
BIP9326I<<The source 'mapping_practiceproject.TestMode.bar' has been successfully deployed. <<1727219807889
mapping_practice>>new1>>g1>>SUCCESS>>1727219930473
BIP9332I<<Application 'mapping_practice' has been changed successfully. <<1727219930473
BIP9326I<<The source 'mapping_practiceproject.generated.bar' has been successfully deployed. <<1727219930473
mapping_practice>>new1>>g1>>SUCCESS>>1727220049599
BIP9332I<<Application 'mapping_practice' has been changed successfully. <<1727220049599
BIP9326I<<The source 'mapping_practiceproject.generated.bar' has been successfully deployed. <<1727220049599
mapping_practice>>new1>>g1>>SUCCESS>>1727220155323
BIP9332I<<Application 'mapping_practice' has been changed successfully. <<1727220155323
BIP9326I<<The source 'mapping_practiceproject.generated.bar' has been successfully deployed. <<1727220155323
12121etfjgdscsdf>>new1>>g1>>SUCCESS>>1727220438158
BIP9332I<<Application '12121etfjgdscsdf' has been created successfully. <<1727220438158
BIP9326I<<The source '12121etfjgdscsdfproject.generated.bar' has been successfully deployed. <<1727220438158
12121etfjgdscsdf>>new1>>g1>>SUCCESS>>1727220630551
BIP9332I<<Application '12121etfjgdscsdf' has been changed successfully. <<1727220630551
BIP9326I<<The source '12121etfjgdscsdfproject.generated.bar' has been successfully deployed. <<1727220630551
12121etfjgdscsdf>>new1>>g1>>SUCCESS>>1727220769029
BIP9332I<<Application '12121etfjgdscsdf' has been changed successfully. <<1727220769029
BIP9326I<<The source '12121etfjgdscsdfproject.generated.bar' has been successfully deployed. <<1727220769029
12121etfjgdscsdf>>new1>>g1>>SUCCESS>>1727220890565
BIP9332I<<Application '12121etfjgdscsdf' has been changed successfully. <<1727220890565
BIP9326I<<The source '12121etfjgdscsdfproject.generated.bar' has been successfully deployed. <<1727220890565
JavaComputeNode_Globle_Cache>>new1>>g1>>SUCCESS>>1727222557816
BIP9332I<<Application 'JavaComputeNode_Globle_Cache' has been created successfully. <<1727222557816
BIP9326I<<The source 'JavaComputeNode_Globle_Cacheproject.generated.bar' has been successfully deployed. <<1727222557816
JavaComputeNode_Globle_Cache>>new1>>g1>>SUCCESS>>1727223482580
BIP9332I<<Application 'JavaComputeNode_Globle_Cache' has been changed successfully. <<1727223482580
BIP9326I<<The source 'JavaComputeNode_Globle_Cacheproject.generated.bar' has been successfully deployed. <<1727223482580
JavaComputeNode_Globle_Cache>>new1>>g1>>SUCCESS>>1727223500428
BIP9332I<<Application 'JavaComputeNode_Globle_Cache' has been changed successfully. <<1727223500428
BIP9326I<<The source 'JavaComputeNode_Globle_Cacheproject.generated.bar' has been successfully deployed. <<1727223500428
JavaComputeNode_Globle_Cache>>new1>>g1>>SUCCESS>>1727223736604
BIP9332I<<Application 'JavaComputeNode_Globle_Cache' has been changed successfully. <<1727223736604
BIP9326I<<The source 'JavaComputeNode_Globle_Cacheproject.generated.bar' has been successfully deployed. <<1727223736604
1232161267512fhbcmsdnvf>>new1>>g1>>SUCCESS>>1727227109077
BIP9332I<<Application '1232161267512fhbcmsdnvf' has been created successfully. <<1727227109077
BIP9326I<<The source '1232161267512fhbcmsdnvfproject.generated.bar' has been successfully deployed. <<1727227109077
JavaComputeNode_DataBase_conn_ODBC>>new1>>g1>>SUCCESS>>1727227267824
BIP9332I<<Application 'JavaComputeNode_DataBase_conn_ODBC' has been created successfully. <<1727227267824
BIP9326I<<The source 'JavaComputeNode_DataBase_conn_ODBCproject.generated.bar' has been successfully deployed. <<1727227267824
JavaComputeNode_DataBase_conn_ODBC>>new1>>g1>>SUCCESS>>1727227960621
BIP9332I<<Application 'JavaComputeNode_DataBase_conn_ODBC' has been created successfully. <<1727227960621
BIP9326I<<The source 'JavaComputeNode_DataBase_conn_ODBCproject.generated.bar' has been successfully deployed. <<1727227960621
1232161267512fhbcmsdnvf>>new1>>g1>>SUCCESS>>1727227981390
BIP9332I<<Application '1232161267512fhbcmsdnvf' has been created successfully. <<1727227981390
BIP9326I<<The source '1232161267512fhbcmsdnvfproject.generated.bar' has been successfully deployed. <<1727227981390
1232161267512fhbcmsdnvf>>new1>>g1>>SUCCESS>>1727278861424
BIP9332I<<Application '1232161267512fhbcmsdnvf' has been created successfully. <<1727278861424
BIP9326I<<The source '1232161267512fhbcmsdnvfproject.generated.bar' has been successfully deployed. <<1727278861424
1232161267512fhbcmsdnvf>>new1>>g1>>SUCCESS>>1727279055302
BIP9332I<<Application '1232161267512fhbcmsdnvf' has been changed successfully. <<1727279055302
BIP9326I<<The source '1232161267512fhbcmsdnvfproject.generated.bar' has been successfully deployed. <<1727279055302
1232161267512fhbcmsdnvf>>new1>>g1>>SUCCESS>>1727281196205
BIP9332I<<Application '1232161267512fhbcmsdnvf' has been changed successfully. <<1727281196205
BIP9326I<<The source '1232161267512fhbcmsdnvfproject.generated.bar' has been successfully deployed. <<1727281196205
1232161267512fhbcmsdnvf>>new1>>g1>>SUCCESS>>1727281233770
BIP9332I<<Application '1232161267512fhbcmsdnvf' has been changed successfully. <<1727281233770
BIP9326I<<The source '1232161267512fhbcmsdnvfproject.generated.bar' has been successfully deployed. <<1727281233770
1232161267512fhbcmsdnvf>>new1>>g1>>SUCCESS>>1727282745169
BIP9332I<<Application '1232161267512fhbcmsdnvf' has been changed successfully. <<1727282745169
BIP9326I<<The source '1232161267512fhbcmsdnvfproject.generated.bar' has been successfully deployed. <<1727282745169
1232161267512fhbcmsdnvf>>new1>>g1>>SUCCESS>>1727282825051
BIP9332I<<Application '1232161267512fhbcmsdnvf' has been changed successfully. <<1727282825051
BIP9326I<<The source '1232161267512fhbcmsdnvfproject.generated.bar' has been successfully deployed. <<1727282825051
1232161267512fhbcmsdnvf>>new1>>g1>>SUCCESS>>1727282899064
BIP9332I<<Application '1232161267512fhbcmsdnvf' has been changed successfully. <<1727282899064
BIP9326I<<The source '1232161267512fhbcmsdnvfproject.generated.bar' has been successfully deployed. <<1727282899064
1232161267512fhbcmsdnvf>>new1>>g1>>SUCCESS>>1727282999640
BIP9332I<<Application '1232161267512fhbcmsdnvf' has been changed successfully. <<1727282999640
BIP9326I<<The source '1232161267512fhbcmsdnvfproject.generated.bar' has been successfully deployed. <<1727282999640
1232161267512fhbcmsdnvf>>new1>>g1>>SUCCESS>>1727283227455
BIP9332I<<Application '1232161267512fhbcmsdnvf' has been changed successfully. <<1727283227455
BIP9326I<<The source '1232161267512fhbcmsdnvfproject.generated.bar' has been successfully deployed. <<1727283227455
1232161267512fhbcmsdnvf>>new1>>g1>>SUCCESS>>1727283319710
BIP9332I<<Application '1232161267512fhbcmsdnvf' has been changed successfully. <<1727283319710
BIP9326I<<The source '1232161267512fhbcmsdnvfproject.generated.bar' has been successfully deployed. <<1727283319710
1232161267512fhbcmsdnvf>>new1>>g1>>SUCCESS>>1727283361391
BIP9332I<<Application '1232161267512fhbcmsdnvf' has been changed successfully. <<1727283361391
BIP9326I<<The source '1232161267512fhbcmsdnvfproject.generated.bar' has been successfully deployed. <<1727283361391
1232161267512fhbcmsdnvf>>new1>>g1>>SUCCESS>>1727283559166
BIP9332I<<Application '1232161267512fhbcmsdnvf' has been changed successfully. <<1727283559166
BIP9326I<<The source '1232161267512fhbcmsdnvfproject.generated.bar' has been successfully deployed. <<1727283559166
1232161267512fhbcmsdnvf>>new1>>g1>>SUCCESS>>1727283900049
BIP9332I<<Application '1232161267512fhbcmsdnvf' has been changed successfully. <<1727283900049
BIP9326I<<The source '1232161267512fhbcmsdnvfproject.generated.bar' has been successfully deployed. <<1727283900049
1232161267512fhbcmsdnvf>>new1>>g1>>SUCCESS>>1727284000593
BIP9332I<<Application '1232161267512fhbcmsdnvf' has been changed successfully. <<1727284000593
BIP9326I<<The source '1232161267512fhbcmsdnvfproject.generated.bar' has been successfully deployed. <<1727284000593
1232161267512fhbcmsdnvf>>new1>>g1>>SUCCESS>>1727284308118
BIP9332I<<Application '1232161267512fhbcmsdnvf' has been changed successfully. <<1727284308118
BIP9326I<<The source '1232161267512fhbcmsdnvfproject.generated.bar' has been successfully deployed. <<1727284308118
1232161267512fhbcmsdnvf>>new1>>g1>>SUCCESS>>1727284408779
BIP9332I<<Application '1232161267512fhbcmsdnvf' has been changed successfully. <<1727284408779
BIP9326I<<The source '1232161267512fhbcmsdnvfproject.generated.bar' has been successfully deployed. <<1727284408779
111kjsgdf1ekjdhwuifvjh>>new1>>g1>>SUCCESS>>1727284900071
BIP9332I<<Application '111kjsgdf1ekjdhwuifvjh' has been created successfully. <<1727284900071
BIP9326I<<The source '111kjsgdf1ekjdhwuifvjhproject.generated.bar' has been successfully deployed. <<1727284900071
111kjsgdf1ekjdhwuifvjh>>new1>>g1>>SUCCESS>>1727285085343
BIP9332I<<Application '111kjsgdf1ekjdhwuifvjh' has been changed successfully. <<1727285085343
BIP9326I<<The source '111kjsgdf1ekjdhwuifvjhproject.generated.bar' has been successfully deployed. <<1727285085343
111kjsgdf1ekjdhwuifvjh>>new1>>g1>>SUCCESS>>1727285114870
BIP9332I<<Application '111kjsgdf1ekjdhwuifvjh' has been created successfully. <<1727285114870
BIP9326I<<The source '111kjsgdf1ekjdhwuifvjhproject.generated.bar' has been successfully deployed. <<1727285114870
111kjsgdf1ekjdhwuifvjh>>new1>>g1>>SUCCESS>>1727285627785
BIP9332I<<Application '111kjsgdf1ekjdhwuifvjh' has been changed successfully. <<1727285627785
BIP9326I<<The source '111kjsgdf1ekjdhwuifvjhproject.generated.bar' has been successfully deployed. <<1727285627785
111kjsgdf1ekjdhwuifvjh>>new1>>g1>>SUCCESS>>1727285756656
BIP9332I<<Application '111kjsgdf1ekjdhwuifvjh' has been changed successfully. <<1727285756656
BIP9326I<<The source '111kjsgdf1ekjdhwuifvjhproject.generated.bar' has been successfully deployed. <<1727285756656
12121wfw86twejf;oasuf89ew6r>>DB1>>conn>>WARNING>>1727294542604
BIP9318E<<Request to 'PreSetupValidate' resource '12121wfw86twejf;oasuf89ew6r', '12121wfw86twejf;oasuf89ew6r' of type 'Application' failed. <<1727294542604
BIP2432E<<(.wqertghj_Compute.CopyEntireMessage, 4.45) : The correlation name 'Select * from EMPLOYEES' is not valid. Those in scope are: Environment, InputLocalEnvironment, OutputLocalEnvironment, InputRoot, InputBody, InputProperties, OutputRoot, InputExceptionList, OutputExceptionList, InputDestinationList, OutputDestinationList. <<1727294542604
BIP9333W<<Application '12121wfw86twejf;oasuf89ew6r' has been created but contains errors which has prevented some resources from starting. <<1727294542604
BIP1096E<<The source '12121wfw86twejf;oasuf89ew6rproject.generated.bar' has been deployed but there were one or more failures which may mean the deployed resources will be unable to execute. <<1727294542604
12121wfw86twejf;oasuf89ew6r>>DB1>>conn>>SUCCESS>>1727294653165
BIP9332I<<Application '12121wfw86twejf;oasuf89ew6r' has been changed successfully. <<1727294653165
BIP9326I<<The source '12121wfw86twejf;oasuf89ew6rproject.generated.bar' has been successfully deployed. <<1727294653165
12121wfw86twejf;oasuf89ew6r>>m1>>msar>>SUCCESS>>1727297556452
BIP9332I<<Application '12121wfw86twejf;oasuf89ew6r' has been created successfully. <<1727297556452
BIP9326I<<The source '12121wfw86twejf;oasuf89ew6rproject.generated.bar' has been successfully deployed. <<1727297556452
12121wfw86twejf;oasuf89ew6r>>m1>>msar>>SUCCESS>>1727297644385
BIP9332I<<Application '12121wfw86twejf;oasuf89ew6r' has been changed successfully. <<1727297644385
BIP9326I<<The source '12121wfw86twejf;oasuf89ew6rproject.generated.bar' has been successfully deployed. <<1727297644385
12121wfw86twejf;oasuf89ew6r>>new1>>g1>>SUCCESS>>1727297712516
BIP9332I<<Application '12121wfw86twejf;oasuf89ew6r' has been created successfully. <<1727297712516
BIP9326I<<The source '12121wfw86twejf;oasuf89ew6rproject.generated.bar' has been successfully deployed. <<1727297712516
12121wfw86twejf;oasuf89ew6r>>m1>>msar>>SUCCESS>>1727298047259
BIP9332I<<Application '12121wfw86twejf;oasuf89ew6r' has been changed successfully. <<1727298047259
BIP9326I<<The source '12121wfw86twejf;oasuf89ew6rproject.generated.bar' has been successfully deployed. <<1727298047259
12121wfw86twejf;oasuf89ew6r>>new1>>g1>>SUCCESS>>1727298099240
BIP9332I<<Application '12121wfw86twejf;oasuf89ew6r' has been changed successfully. <<1727298099240
BIP9326I<<The source '12121wfw86twejf;oasuf89ew6rproject.generated.bar' has been successfully deployed. <<1727298099240
12121wfw86twejf;oasuf89ew6r>>new1>>g1>>SUCCESS>>1727298134849
BIP9332I<<Application '12121wfw86twejf;oasuf89ew6r' has been changed successfully. <<1727298134849
BIP9326I<<The source '12121wfw86twejf;oasuf89ew6rproject.generated.bar' has been successfully deployed. <<1727298134849
12121wfw86twejf;oasuf89ew6r>>new1>>g1>>SUCCESS>>1727298362498
BIP9332I<<Application '12121wfw86twejf;oasuf89ew6r' has been changed successfully. <<1727298362498
BIP9326I<<The source '12121wfw86twejf;oasuf89ew6rproject.generated.bar' has been successfully deployed. <<1727298362498
12121wfw86twejf;oasuf89ew6r>>new1>>g1>>SUCCESS>>1727298518775
BIP9332I<<Application '12121wfw86twejf;oasuf89ew6r' has been changed successfully. <<1727298518775
BIP9326I<<The source '12121wfw86twejf;oasuf89ew6rproject.generated.bar' has been successfully deployed. <<1727298518775
12121wfw86twejf;oasuf89ew6r>>new1>>g1>>SUCCESS>>1727299125902
BIP9332I<<Application '12121wfw86twejf;oasuf89ew6r' has been changed successfully. <<1727299125902
BIP9326I<<The source '12121wfw86twejf;oasuf89ew6rproject.generated.bar' has been successfully deployed. <<1727299125902
12121wfw86twejf;oasuf89ew6r>>new1>>g1>>SUCCESS>>1727299711221
BIP9332I<<Application '12121wfw86twejf;oasuf89ew6r' has been changed successfully. <<1727299711221
BIP9326I<<The source '12121wfw86twejf;oasuf89ew6rproject.generated.bar' has been successfully deployed. <<1727299711221
111kjsgdf1ekjdhwuifvjh>>m1>>msar>>SUCCESS>>1727311167836
BIP9332I<<Application '111kjsgdf1ekjdhwuifvjh' has been created successfully. <<1727311167836
BIP9326I<<The source '111kjsgdf1ekjdhwuifvjhproject.generated.bar' has been successfully deployed. <<1727311167836
111kjsgdf1ekjdhwuifvjh>>m1>>msar>>SUCCESS>>1727311207189
BIP9332I<<Application '111kjsgdf1ekjdhwuifvjh' has been changed successfully. <<1727311207189
BIP9326I<<The source '111kjsgdf1ekjdhwuifvjhproject.generated.bar' has been successfully deployed. <<1727311207189
111kjsgdf1ekjdhwuifvjh>>m1>>msar>>SUCCESS>>1727311369796
BIP9332I<<Application '111kjsgdf1ekjdhwuifvjh' has been changed successfully. <<1727311369796
BIP9326I<<The source '111kjsgdf1ekjdhwuifvjhproject.generated.bar' has been successfully deployed. <<1727311369796
111kjsgdf1ekjdhwuifvjh>>m1>>msar>>SUCCESS>>1727311644307
BIP9332I<<Application '111kjsgdf1ekjdhwuifvjh' has been changed successfully. <<1727311644307
BIP9326I<<The source '111kjsgdf1ekjdhwuifvjhproject.generated.bar' has been successfully deployed. <<1727311644307
SSL_data_send_broker(M1)>>m1>>msar>>SUCCESS>>1727367237950
BIP9332I<<Application 'SSL_data_send_broker(M1)' has been created successfully. <<1727367237950
BIP9326I<<The source 'SSL_data_send_broker(M1)project.generated.bar' has been successfully deployed. <<1727367237950
SSL_data_send_broker(M1)>>m1>>msar>>SUCCESS>>1727374964352
BIP9332I<<Application 'SSL_data_send_broker(M1)' has been changed successfully. <<1727374964352
BIP9326I<<The source 'SSL_data_send_broker(M1)project.generated.bar' has been successfully deployed. <<1727374964352
SSL_data_send_broker(M1)>>m1>>msar>>SUCCESS>>1727455884704
BIP9332I<<Application 'SSL_data_send_broker(M1)' has been changed successfully. <<1727455884704
BIP9326I<<The source 'SSL_data_send_broker(M1)project.generated.bar' has been successfully deployed. <<1727455884704
Database_using_mappaing>>m1>>msar>>SUCCESS>>1727461597912
BIP9332I<<Application 'Database_using_mappaing' has been created successfully. <<1727461597912
BIP9326I<<The source 'Database_using_mappaingproject.generated.bar' has been successfully deployed. <<1727461597912
Database_using_mappaing>>m1>>msar>>SUCCESS>>1727466522649
BIP9332I<<Application 'Database_using_mappaing' has been changed successfully. <<1727466522649
BIP9326I<<The source 'Database_using_mappaingproject.generated.bar' has been successfully deployed. <<1727466522649
Sub_msg_flow_exception_handle>>m1>>msar>>SUCCESS>>1727466813138
BIP9332I<<Application 'Sub_msg_flow_exception_handle' has been created successfully. <<1727466813138
BIP9326I<<The source 'Sub_msg_flow_exception_handleproject.generated.bar' has been successfully deployed. <<1727466813138
1321321231sdfghjdsfbny6t>>sh1>>sha>>SUCCESS>>1727468373064
BIP9332I<<Application '1321321231sdfghjdsfbny6t' has been created successfully. <<1727468373064
BIP9326I<<The source '1321321231sdfghjdsfbny6tproject.generated.bar' has been successfully deployed. <<1727468373064
1321321231sdfghjdsfbny6t>>sh1>>sha>>SUCCESS>>1727472620776
BIP9332I<<Application '1321321231sdfghjdsfbny6t' has been created successfully. <<1727472620776
BIP9326I<<The source '1321321231sdfghjdsfbny6tproject.generated.bar' has been successfully deployed. <<1727472620776
12312312hjgdduyfbvafuyfs>>new1>>g1>>SUCCESS>>1727740911869
BIP9332I<<Application '12312312hjgdduyfbvafuyfs' has been created successfully. <<1727740911869
BIP9326I<<The source '12312312hjgdduyfbvafuyfsproject.generated.bar' has been successfully deployed. <<1727740911869
12312312hjgdduyfbvafuyfs>>new1>>g1>>SUCCESS>>1727740824646
BIP9332I<<Application '12312312hjgdduyfbvafuyfs' has been changed successfully. <<1727740824646
BIP9326I<<The source '12312312hjgdduyfbvafuyfsproject.generated.bar' has been successfully deployed. <<1727740824646
12312312hjgdduyfbvafuyfs>>new1>>g1>>SUCCESS>>1727740843091
BIP9332I<<Application '12312312hjgdduyfbvafuyfs' has been changed successfully. <<1727740843091
BIP9326I<<The source '12312312hjgdduyfbvafuyfsproject.generated.bar' has been successfully deployed. <<1727740843091
12312312hjgdduyfbvafuyfs>>new1>>g1>>SUCCESS>>1727741129107
BIP9332I<<Application '12312312hjgdduyfbvafuyfs' has been changed successfully. <<1727741129107
BIP9326I<<The source '12312312hjgdduyfbvafuyfsproject.generated.bar' has been successfully deployed. <<1727741129107
12312312hjgdduyfbvafuyfs>>new1>>g1>>SUCCESS>>1727741335114
BIP9332I<<Application '12312312hjgdduyfbvafuyfs' has been changed successfully. <<1727741335114
BIP9326I<<The source '12312312hjgdduyfbvafuyfsproject.generated.bar' has been successfully deployed. <<1727741335114
12312312hjgdduyfbvafuyfs>>new1>>g1>>SUCCESS>>1727741582020
BIP9332I<<Application '12312312hjgdduyfbvafuyfs' has been changed successfully. <<1727741582020
BIP9326I<<The source '12312312hjgdduyfbvafuyfsproject.generated.bar' has been successfully deployed. <<1727741582020
12312312hjgdduyfbvafuyfs>>new1>>g1>>SUCCESS>>1727742974925
BIP9332I<<Application '12312312hjgdduyfbvafuyfs' has been changed successfully. <<1727742974925
BIP9326I<<The source '12312312hjgdduyfbvafuyfsproject.generated.bar' has been successfully deployed. <<1727742974925
12312312hjgdduyfbvafuyfs>>new1>>g1>>SUCCESS>>1727743233134
BIP9332I<<Application '12312312hjgdduyfbvafuyfs' has been changed successfully. <<1727743233134
BIP9326I<<The source '12312312hjgdduyfbvafuyfsproject.generated.bar' has been successfully deployed. <<1727743233134
12312312hjgdduyfbvafuyfs>>new1>>g1>>SUCCESS>>1727743270591
BIP9332I<<Application '12312312hjgdduyfbvafuyfs' has been changed successfully. <<1727743270591
BIP9326I<<The source '12312312hjgdduyfbvafuyfsproject.generated.bar' has been successfully deployed. <<1727743270591
12312312hjgdduyfbvafuyfs>>new1>>g1>>SUCCESS>>1727796140476
BIP9332I<<Application '12312312hjgdduyfbvafuyfs' has been created successfully. <<1727796140476
BIP9326I<<The source '12312312hjgdduyfbvafuyfsproject.generated.bar' has been successfully deployed. <<1727796140476
12312312hjgdduyfbvafuyfs>>new1>>g1>>SUCCESS>>1727796215436
BIP9332I<<Application '12312312hjgdduyfbvafuyfs' has been changed successfully. <<1727796215436
BIP9326I<<The source '12312312hjgdduyfbvafuyfsproject.generated.bar' has been successfully deployed. <<1727796215436
12312312hjgdduyfbvafuyfs>>new1>>g1>>SUCCESS>>1727796457225
BIP9332I<<Application '12312312hjgdduyfbvafuyfs' has been changed successfully. <<1727796457225
BIP9326I<<The source '12312312hjgdduyfbvafuyfsproject.generated.bar' has been successfully deployed. <<1727796457225
12312312hjgdduyfbvafuyfs>>new1>>g1>>SUCCESS>>1727796544603
BIP9332I<<Application '12312312hjgdduyfbvafuyfs' has been changed successfully. <<1727796544603
BIP9326I<<The source '12312312hjgdduyfbvafuyfsproject.generated.bar' has been successfully deployed. <<1727796544603
12312312hjgdduyfbvafuyfs>>new1>>g1>>SUCCESS>>1727797304657
BIP9332I<<Application '12312312hjgdduyfbvafuyfs' has been changed successfully. <<1727797304657
BIP9326I<<The source '12312312hjgdduyfbvafuyfsproject.generated.bar' has been successfully deployed. <<1727797304657
12312312hjgdduyfbvafuyfs>>new1>>g1>>SUCCESS>>1727800284245
BIP9332I<<Application '12312312hjgdduyfbvafuyfs' has been changed successfully. <<1727800284245
BIP9326I<<The source '12312312hjgdduyfbvafuyfsproject.generated.bar' has been successfully deployed. <<1727800284245
12312312hjgdduyfbvafuyfs>>new1>>g1>>SUCCESS>>1727800346178
BIP9332I<<Application '12312312hjgdduyfbvafuyfs' has been changed successfully. <<1727800346178
BIP9326I<<The source '12312312hjgdduyfbvafuyfsproject.generated.bar' has been successfully deployed. <<1727800346178
12312312hjgdduyfbvafuyfs>>new1>>g1>>SUCCESS>>1727800896147
BIP9332I<<Application '12312312hjgdduyfbvafuyfs' has been changed successfully. <<1727800896147
BIP9326I<<The source '12312312hjgdduyfbvafuyfsproject.generated.bar' has been successfully deployed. <<1727800896147
12312312hjgdduyfbvafuyfs>>new1>>g1>>SUCCESS>>1727802155822
BIP9332I<<Application '12312312hjgdduyfbvafuyfs' has been changed successfully. <<1727802155822
BIP9326I<<The source '12312312hjgdduyfbvafuyfsproject.generated.bar' has been successfully deployed. <<1727802155822
12312312hjgdduyfbvafuyfs>>new1>>g1>>SUCCESS>>1727802230823
BIP9332I<<Application '12312312hjgdduyfbvafuyfs' has been changed successfully. <<1727802230823
BIP9326I<<The source '12312312hjgdduyfbvafuyfsproject.generated.bar' has been successfully deployed. <<1727802230823
123edROUTINE>>m1>>msar>>WARNING>>1727814346971
BIP9318E<<Request to 'PreSetupValidate' resource '123edROUTINE', '123edROUTINE' of type 'Application' failed. <<1727814346971
BIP3202E<<(.encrypt, 1.1) : An error occurred when trying to resolve the Java class or method 'Cipher.base64.add.addd' which is referred to by the routine 'encrypt'. <<1727814346971
BIP2943E<<The Java Method 'Cipher.base64.add.addd' could not be found as its containing class could not be found in the deployed bar file or in the 'workpath/shared-classes/' directory. <<1727814346971
BIP9333W<<Application '123edROUTINE' has been created but contains errors which has prevented some resources from starting. <<1727814346971
BIP1096E<<The source '123edROUTINEproject.generated.bar' has been deployed but there were one or more failures which may mean the deployed resources will be unable to execute. <<1727814346971
JAVA_rotine.bar>>m1>>msar>>WARNING>>1727814595654
BIP9320E<<Message Flow 'Encreaption_data', 'Encreaption_data' encountered a failure and could not start. <<1727814595654
BIP4001E<<Syntax error in SQL statements in node '{0}'. <<1727814595654
BIP3202E<<(.encrypt, 1.12) : An error occurred when trying to resolve the Java class or method 'Cipher.base64.add.addd' which is referred to by the routine 'encrypt'. <<1727814595654
BIP2943E<<The Java Method 'Cipher.base64.add.addd' could not be found as its containing class could not be found in the deployed bar file or in the 'workpath/shared-classes/' directory. <<1727814595654
BIP9333W<<Application '123edROUTINE' has been created but contains errors which has prevented some resources from starting. <<1727814595654
BIP1096E<<The source 'JAVA_rotine.bar' has been deployed but there were one or more failures which may mean the deployed resources will be unable to execute. <<1727814595654
123edROUTINE>>m1>>msar>>WARNING>>1727820648573
BIP9318E<<Request to 'PreSetupValidate' resource '123edROUTINE', '123edROUTINE' of type 'Application' failed. <<1727820648573
BIP3202E<<(.encrypt, 1.1) : An error occurred when trying to resolve the Java class or method 'Cipher.base64.add.addd' which is referred to by the routine 'encrypt'. <<1727820648573
BIP2943E<<The Java Method 'Cipher.base64.add.addd' could not be found as its containing class could not be found in the deployed bar file or in the 'workpath/shared-classes/' directory. <<1727820648573
BIP9333W<<Application '123edROUTINE' has been changed but contains errors which has prevented some resources from starting. <<1727820648573
BIP1096E<<The source '123edROUTINEproject.generated.bar' has been deployed but there were one or more failures which may mean the deployed resources will be unable to execute. <<1727820648573
123edROUTINE>>m1>>msar>>WARNING>>1727820700395
BIP9318E<<Request to 'PreSetupValidate' resource '123edROUTINE', '123edROUTINE' of type 'Application' failed. <<1727820700395
BIP3202E<<(.encrypt, 1.1) : An error occurred when trying to resolve the Java class or method 'base64.add.addd' which is referred to by the routine 'encrypt'. <<1727820700395
BIP2946E<<The Java method 'base64.add.addd' could not be found <<1727820700395
BIP9333W<<Application '123edROUTINE' has been changed but contains errors which has prevented some resources from starting. <<1727820700395
BIP1096E<<The source '123edROUTINEproject.generated.bar' has been deployed but there were one or more failures which may mean the deployed resources will be unable to execute. <<1727820700395
123edROUTINE>>m1>>msar>>WARNING>>1727821319390
BIP9318E<<Request to 'PreSetupValidate' resource '123edROUTINE', '123edROUTINE' of type 'Application' failed. <<1727821319390
BIP3202E<<(.encrypt, 1.1) : An error occurred when trying to resolve the Java class or method 'base64.add.addd' which is referred to by the routine 'encrypt'. <<1727821319390
BIP2943E<<The Java Method 'base64.add.addd' could not be found as its containing class could not be found in the deployed bar file or in the 'workpath/shared-classes/' directory. <<1727821319390
BIP9333W<<Application '123edROUTINE' has been created but contains errors which has prevented some resources from starting. <<1727821319390
BIP1096E<<The source '123edROUTINEproject.generated.bar' has been deployed but there were one or more failures which may mean the deployed resources will be unable to execute. <<1727821319390
123edROUTINE>>m1>>msar>>WARNING>>1727823314517
BIP9318E<<Request to 'PreSetupValidate' resource '123edROUTINE', '123edROUTINE' of type 'Application' failed. <<1727823314517
BIP3202E<<(.encrypt, 1.1) : An error occurred when trying to resolve the Java class or method 'base64.add.addd' which is referred to by the routine 'encrypt'. <<1727823314517
BIP2943E<<The Java Method 'base64.add.addd' could not be found as its containing class could not be found in the deployed bar file or in the 'workpath/shared-classes/' directory. <<1727823314517
BIP9333W<<Application '123edROUTINE' has been changed but contains errors which has prevented some resources from starting. <<1727823314517
BIP1096E<<The source '123edROUTINEproject.generated.bar' has been deployed but there were one or more failures which may mean the deployed resources will be unable to execute. <<1727823314517
123edROUTINE>>m1>>msar>>WARNING>>1727823327833
BIP9318E<<Request to 'PreSetupValidate' resource '123edROUTINE', '123edROUTINE' of type 'Application' failed. <<1727823327833
BIP3202E<<(.encrypt, 1.1) : An error occurred when trying to resolve the Java class or method 'base64.add.addd' which is referred to by the routine 'encrypt'. <<1727823327833
BIP2943E<<The Java Method 'base64.add.addd' could not be found as its containing class could not be found in the deployed bar file or in the 'workpath/shared-classes/' directory. <<1727823327833
BIP9333W<<Application '123edROUTINE' has been created but contains errors which has prevented some resources from starting. <<1727823327833
BIP1096E<<The source '123edROUTINEproject.generated.bar' has been deployed but there were one or more failures which may mean the deployed resources will be unable to execute. <<1727823327833
123edROUTINE>>m1>>msar>>WARNING>>1727827488935
BIP9318E<<Request to 'PreSetupValidate' resource '123edROUTINE', '123edROUTINE' of type 'Application' failed. <<1727827488935
BIP3202E<<(.encrypt, 1.1) : An error occurred when trying to resolve the Java class or method 'base64.add.addd' which is referred to by the routine 'encrypt'. <<1727827488935
BIP2943E<<The Java Method 'base64.add.addd' could not be found as its containing class could not be found in the deployed bar file or in the 'workpath/shared-classes/' directory. <<1727827488935
BIP9333W<<Application '123edROUTINE' has been changed but contains errors which has prevented some resources from starting. <<1727827488935
BIP1096E<<The source '123edROUTINEproject.generated.bar' has been deployed but there were one or more failures which may mean the deployed resources will be unable to execute. <<1727827488935
0000123012eRotinsdv>>m1>>msar>>WARNING>>1727828755122
BIP9318E<<Request to 'PreSetupValidate' resource '0000123012eRotinsdv', '0000123012eRotinsdv' of type 'Application' failed. <<1727828755122
BIP3202E<<(.encrypt, 1.1) : An error occurred when trying to resolve the Java class or method 'base64.addition.add' which is referred to by the routine 'encrypt'. <<1727828755122
BIP2943E<<The Java Method 'base64.addition.add' could not be found as its containing class could not be found in the deployed bar file or in the 'workpath/shared-classes/' directory. <<1727828755122
BIP9333W<<Application '0000123012eRotinsdv' has been created but contains errors which has prevented some resources from starting. <<1727828755122
BIP1096E<<The source '0000123012eRotinsdvproject.generated.bar' has been deployed but there were one or more failures which may mean the deployed resources will be unable to execute. <<1727828755122
0000123012eRotinsdv>>m1>>msar>>WARNING>>1727828792832
BIP9318E<<Request to 'PreSetupValidate' resource '0000123012eRotinsdv', '0000123012eRotinsdv' of type 'Application' failed. <<1727828792832
BIP3202E<<(.encrypt, 1.1) : An error occurred when trying to resolve the Java class or method 'pak.addition.add' which is referred to by the routine 'encrypt'. <<1727828792832
BIP2946E<<The Java method 'pak.addition.add' could not be found <<1727828792832
BIP9333W<<Application '0000123012eRotinsdv' has been changed but contains errors which has prevented some resources from starting. <<1727828792832
BIP1096E<<The source '0000123012eRotinsdvproject.generated.bar' has been deployed but there were one or more failures which may mean the deployed resources will be unable to execute. <<1727828792832
0000123012eRotinsdv>>m1>>msar>>WARNING>>1727828870774
BIP9318E<<Request to 'PreSetupValidate' resource '0000123012eRotinsdv', '0000123012eRotinsdv' of type 'Application' failed. <<1727828870774
BIP3202E<<(.encrypt, 1.1) : An error occurred when trying to resolve the Java class or method 'java.daku.pak.addition.add' which is referred to by the routine 'encrypt'. <<1727828870774
BIP2943E<<The Java Method 'java.daku.pak.addition.add' could not be found as its containing class could not be found in the deployed bar file or in the 'workpath/shared-classes/' directory. <<1727828870774
BIP9333W<<Application '0000123012eRotinsdv' has been created but contains errors which has prevented some resources from starting. <<1727828870774
BIP1096E<<The source '0000123012eRotinsdvproject.generated.bar' has been deployed but there were one or more failures which may mean the deployed resources will be unable to execute. <<1727828870774
0000123012eRotinsdv>>m1>>msar>>WARNING>>1727828892671
BIP9318E<<Request to 'PreSetupValidate' resource '0000123012eRotinsdv', '0000123012eRotinsdv' of type 'Application' failed. <<1727828892671
BIP3202E<<(.addd, 1.1) : An error occurred when trying to resolve the Java class or method 'java.daku.pak.addition.add' which is referred to by the routine 'addd'. <<1727828892671
BIP2943E<<The Java Method 'java.daku.pak.addition.add' could not be found as its containing class could not be found in the deployed bar file or in the 'workpath/shared-classes/' directory. <<1727828892671
BIP9333W<<Application '0000123012eRotinsdv' has been changed but contains errors which has prevented some resources from starting. <<1727828892671
BIP1096E<<The source '0000123012eRotinsdvproject.generated.bar' has been deployed but there were one or more failures which may mean the deployed resources will be unable to execute. <<1727828892671
0000123012eRotinsdv>>m1>>msar>>WARNING>>1727829297314
BIP9318E<<Request to 'PreSetupValidate' resource '0000123012eRotinsdv', '0000123012eRotinsdv' of type 'Application' failed. <<1727829297314
BIP3202E<<(.addd, 1.1) : An error occurred when trying to resolve the Java class or method 'daku.pak.addition.add' which is referred to by the routine 'addd'. <<1727829297314
BIP2943E<<The Java Method 'daku.pak.addition.add' could not be found as its containing class could not be found in the deployed bar file or in the 'workpath/shared-classes/' directory. <<1727829297314
BIP9333W<<Application '0000123012eRotinsdv' has been changed but contains errors which has prevented some resources from starting. <<1727829297314
BIP1096E<<The source '0000123012eRotinsdvproject.generated.bar' has been deployed but there were one or more failures which may mean the deployed resources will be unable to execute. <<1727829297314
0000123012eRotinsdv>>m1>>msar>>WARNING>>1727829314669
BIP9318E<<Request to 'PreSetupValidate' resource '0000123012eRotinsdv', '0000123012eRotinsdv' of type 'Application' failed. <<1727829314669
BIP3202E<<(.addd, 1.1) : An error occurred when trying to resolve the Java class or method 'pak.addition.add' which is referred to by the routine 'addd'. <<1727829314669
BIP2946E<<The Java method 'pak.addition.add' could not be found <<1727829314669
BIP9333W<<Application '0000123012eRotinsdv' has been changed but contains errors which has prevented some resources from starting. <<1727829314669
BIP1096E<<The source '0000123012eRotinsdvproject.generated.bar' has been deployed but there were one or more failures which may mean the deployed resources will be unable to execute. <<1727829314669
0000123012eRotinsdv>>m1>>msar>>WARNING>>1727830695476
BIP9318E<<Request to 'PreSetupValidate' resource '0000123012eRotinsdv', '0000123012eRotinsdv' of type 'Application' failed. <<1727830695476
BIP3202E<<(.addd, 1.1) : An error occurred when trying to resolve the Java class or method 'com.my.last.Addition.add' which is referred to by the routine 'addd'. <<1727830695476
BIP3248E<<The Java Method 'com.my.last.Addition.add' could not be loaded due to a linkage error. It depends on the class 'JVMCFRE199E bad major version 55.0 of class=com/my/last/Addition, the maximum supported major version is 52.0; offset=6' which could not be found in the deployed bar file or in the 'workpath/shared-classes/' directory. <<1727830695476
BIP9333W<<Application '0000123012eRotinsdv' has been changed but contains errors which has prevented some resources from starting. <<1727830695476
BIP1096E<<The source '0000123012eRotinsdvproject.generated.bar' has been deployed but there were one or more failures which may mean the deployed resources will be unable to execute. <<1727830695476
0000123012eRotinsdv>>m1>>msar>>WARNING>>1727830764123
BIP9318E<<Request to 'PreSetupValidate' resource '0000123012eRotinsdv', '0000123012eRotinsdv' of type 'Application' failed. <<1727830764123
BIP3202E<<(.addd, 1.1) : An error occurred when trying to resolve the Java class or method 'com.my.last.Addition' which is referred to by the routine 'addd'. <<1727830764123
BIP2943E<<The Java Method 'com.my.last.Addition' could not be found as its containing class could not be found in the deployed bar file or in the 'workpath/shared-classes/' directory. <<1727830764123
BIP9333W<<Application '0000123012eRotinsdv' has been changed but contains errors which has prevented some resources from starting. <<1727830764123
BIP1096E<<The source '0000123012eRotinsdvproject.generated.bar' has been deployed but there were one or more failures which may mean the deployed resources will be unable to execute. <<1727830764123
0000123012eRotinsdv>>m1>>msar>>WARNING>>1727830885934
BIP9318E<<Request to 'PreSetupValidate' resource '0000123012eRotinsdv', '0000123012eRotinsdv' of type 'Application' failed. <<1727830885934
BIP3202E<<(.addd, 1.1) : An error occurred when trying to resolve the Java class or method 'com.my.last.Addition.add' which is referred to by the routine 'addd'. <<1727830885934
BIP3248E<<The Java Method 'com.my.last.Addition.add' could not be loaded due to a linkage error. It depends on the class 'JVMCFRE199E bad major version 55.0 of class=com/my/last/Addition, the maximum supported major version is 52.0; offset=6' which could not be found in the deployed bar file or in the 'workpath/shared-classes/' directory. <<1727830885934
BIP9333W<<Application '0000123012eRotinsdv' has been changed but contains errors which has prevented some resources from starting. <<1727830885934
BIP1096E<<The source '0000123012eRotinsdvproject.generated.bar' has been deployed but there were one or more failures which may mean the deployed resources will be unable to execute. <<1727830885934
rest_api>>m1>>msar>>SUCCESS>>1727970033653
BIP9332I<<Application 'rest_api' has been created successfully. <<1727970033653
BIP9326I<<The source 'rest_apiproject.generated.bar' has been successfully deployed. <<1727970033653
rest_api_pro>>m1>>msar>>SUCCESS>>1727970040076
BIP9332I<<RestAPI 'rest_api_pro' has been created successfully. <<1727970040076
BIP9326I<<The source 'rest_api_proproject.generated.bar' has been successfully deployed. <<1727970040076
rest_api>>m1>>msar>>SUCCESS>>1727970121280
BIP9332I<<Application 'rest_api' has been changed successfully. <<1727970121280
BIP9326I<<The source 'rest_apiproject.generated.bar' has been successfully deployed. <<1727970121280
0000123012eRotinsdv>>m1>>msar>>WARNING>>1727970984345
BIP9318E<<Request to 'PreSetupValidate' resource '0000123012eRotinsdv', '0000123012eRotinsdv' of type 'Application' failed. <<1727970984345
BIP3202E<<(.addd, 1.1) : An error occurred when trying to resolve the Java class or method 'com.my.last.Addition.add' which is referred to by the routine 'addd'. <<1727970984345
BIP3248E<<The Java Method 'com.my.last.Addition.add' could not be loaded due to a linkage error. It depends on the class 'JVMCFRE199E bad major version 55.0 of class=com/my/last/Addition, the maximum supported major version is 52.0; offset=6' which could not be found in the deployed bar file or in the 'workpath/shared-classes/' directory. <<1727970984345
BIP9333W<<Application '0000123012eRotinsdv' has been created but contains errors which has prevented some resources from starting. <<1727970984345
BIP1096E<<The source '0000123012eRotinsdvproject.generated.bar' has been deployed but there were one or more failures which may mean the deployed resources will be unable to execute. <<1727970984345
0000123012eRotinsdv>>m1>>msar>>WARNING>>1727971247592
BIP9318E<<Request to 'PreSetupValidate' resource '0000123012eRotinsdv', '0000123012eRotinsdv' of type 'Application' failed. <<1727971247592
BIP3202E<<(.addd, 1.1) : An error occurred when trying to resolve the Java class or method 'com.my.last.Addition.add' which is referred to by the routine 'addd'. <<1727971247592
BIP3248E<<The Java Method 'com.my.last.Addition.add' could not be loaded due to a linkage error. It depends on the class 'JVMCFRE199E bad major version 55.0 of class=com/my/last/Addition, the maximum supported major version is 52.0; offset=6' which could not be found in the deployed bar file or in the 'workpath/shared-classes/' directory. <<1727971247592
BIP9333W<<Application '0000123012eRotinsdv' has been changed but contains errors which has prevented some resources from starting. <<1727971247592
BIP1096E<<The source '0000123012eRotinsdvproject.generated.bar' has been deployed but there were one or more failures which may mean the deployed resources will be unable to execute. <<1727971247592
0000123012eRotinsdv>>m1>>msar>>WARNING>>1727971285744
BIP9318E<<Request to 'PreSetupValidate' resource '0000123012eRotinsdv', '0000123012eRotinsdv' of type 'Application' failed. <<1727971285744
BIP3202E<<(.addd, 1.1) : An error occurred when trying to resolve the Java class or method 'com.my.last.Addition.add' which is referred to by the routine 'addd'. <<1727971285744
BIP3248E<<The Java Method 'com.my.last.Addition.add' could not be loaded due to a linkage error. It depends on the class 'JVMCFRE199E bad major version 55.0 of class=com/my/last/Addition, the maximum supported major version is 52.0; offset=6' which could not be found in the deployed bar file or in the 'workpath/shared-classes/' directory. <<1727971285744
BIP9333W<<Application '0000123012eRotinsdv' has been created but contains errors which has prevented some resources from starting. <<1727971285744
BIP1096E<<The source '0000123012eRotinsdvproject.generated.bar' has been deployed but there were one or more failures which may mean the deployed resources will be unable to execute. <<1727971285744
0000123012eRotinsdv>>m1>>msar>>WARNING>>1727971947690
BIP9318E<<Request to 'PreSetupValidate' resource '0000123012eRotinsdv', '0000123012eRotinsdv' of type 'Application' failed. <<1727971947690
BIP3202E<<(.sum, 1.1) : An error occurred when trying to resolve the Java class or method 'java_rout.Addition.add' which is referred to by the routine 'sum'. <<1727971947690
BIP2946E<<The Java method 'java_rout.Addition.add' could not be found <<1727971947690
BIP9333W<<Application '0000123012eRotinsdv' has been changed but contains errors which has prevented some resources from starting. <<1727971947690
BIP1096E<<The source '0000123012eRotinsdvproject.generated.bar' has been deployed but there were one or more failures which may mean the deployed resources will be unable to execute. <<1727971947690
0000123012eRotinsdv>>m1>>msar>>WARNING>>1727972141812
BIP9318E<<Request to 'PreSetupValidate' resource '0000123012eRotinsdv', '0000123012eRotinsdv' of type 'Application' failed. <<1727972141812
BIP3202E<<(.sum, 1.1) : An error occurred when trying to resolve the Java class or method ' com.java_rout.sum.Addition.add' which is referred to by the routine 'sum'. <<1727972141812
BIP2943E<<The Java Method ' com.java_rout.sum.Addition.add' could not be found as its containing class could not be found in the deployed bar file or in the 'workpath/shared-classes/' directory. <<1727972141812
BIP9333W<<Application '0000123012eRotinsdv' has been changed but contains errors which has prevented some resources from starting. <<1727972141812
BIP1096E<<The source '0000123012eRotinsdvproject.generated.bar' has been deployed but there were one or more failures which may mean the deployed resources will be unable to execute. <<1727972141812
0000123012eRotinsdv>>m1>>msar>>WARNING>>1727972199524
BIP9318E<<Request to 'PreSetupValidate' resource '0000123012eRotinsdv', '0000123012eRotinsdv' of type 'Application' failed. <<1727972199524
BIP3202E<<(.sum, 1.1) : An error occurred when trying to resolve the Java class or method 'com.java_rout.sum.Addition.add' which is referred to by the routine 'sum'. <<1727972199524
BIP2946E<<The Java method 'com.java_rout.sum.Addition.add' could not be found <<1727972199524
BIP9333W<<Application '0000123012eRotinsdv' has been changed but contains errors which has prevented some resources from starting. <<1727972199524
BIP1096E<<The source '0000123012eRotinsdvproject.generated.bar' has been deployed but there were one or more failures which may mean the deployed resources will be unable to execute. <<1727972199524
0000123012eRotinsdv>>m1>>msar>>WARNING>>1727972373813
BIP9318E<<Request to 'PreSetupValidate' resource '0000123012eRotinsdv', '0000123012eRotinsdv' of type 'Application' failed. <<1727972373813
BIP3202E<<(.sum, 1.1) : An error occurred when trying to resolve the Java class or method 'com.java_rout.sum.Addition.add' which is referred to by the routine 'sum'. <<1727972373813
BIP2946E<<The Java method 'com.java_rout.sum.Addition.add' could not be found <<1727972373813
BIP9333W<<Application '0000123012eRotinsdv' has been changed but contains errors which has prevented some resources from starting. <<1727972373813
BIP1096E<<The source '0000123012eRotinsdvproject.generated.bar' has been deployed but there were one or more failures which may mean the deployed resources will be unable to execute. <<1727972373813
0000123012eRotinsdv>>m1>>msar>>WARNING>>1727974096145
BIP9318E<<Request to 'PreSetupValidate' resource '0000123012eRotinsdv', '0000123012eRotinsdv' of type 'Application' failed. <<1727974096145
BIP3202E<<(.askfjasjkff_Compute.sum, 1.1) : An error occurred when trying to resolve the Java class or method 'com.java_rout.sum.Addition.add' which is referred to by the routine 'sum'. <<1727974096145
BIP2946E<<The Java method 'com.java_rout.sum.Addition.add' could not be found <<1727974096145
BIP9333W<<Application '0000123012eRotinsdv' has been changed but contains errors which has prevented some resources from starting. <<1727974096145
BIP1096E<<The source '0000123012eRotinsdvproject.generated.bar' has been deployed but there were one or more failures which may mean the deployed resources will be unable to execute. <<1727974096145
0000123012eRotinsdv>>m1>>msar>>WARNING>>1727974348417
BIP9318E<<Request to 'PreSetupValidate' resource '0000123012eRotinsdv', '0000123012eRotinsdv' of type 'Application' failed. <<1727974348417
BIP3202E<<(.sum2, 1.1) : An error occurred when trying to resolve the Java class or method 'sum.Berij.add' which is referred to by the routine 'sum2'. <<1727974348417
BIP2946E<<The Java method 'sum.Berij.add' could not be found <<1727974348417
BIP9333W<<Application '0000123012eRotinsdv' has been changed but contains errors which has prevented some resources from starting. <<1727974348417
BIP1096E<<The source '0000123012eRotinsdvproject.generated.bar' has been deployed but there were one or more failures which may mean the deployed resources will be unable to execute. <<1727974348417
0000123012eRotinsdv>>m1>>msar>>WARNING>>1727974383656
BIP9318E<<Request to 'PreSetupValidate' resource '0000123012eRotinsdv', '0000123012eRotinsdv' of type 'Application' failed. <<1727974383656
BIP3202E<<(.sum2, 1.1) : An error occurred when trying to resolve the Java class or method 'sum.Berij.add' which is referred to by the routine 'sum2'. <<1727974383656
BIP2946E<<The Java method 'sum.Berij.add' could not be found <<1727974383656
BIP9333W<<Application '0000123012eRotinsdv' has been changed but contains errors which has prevented some resources from starting. <<1727974383656
BIP1096E<<The source '0000123012eRotinsdvproject.generated.bar' has been deployed but there were one or more failures which may mean the deployed resources will be unable to execute. <<1727974383656
0000123012eRotinsdv>>m1>>msar>>WARNING>>1727974700513
BIP9318E<<Request to 'PreSetupValidate' resource '0000123012eRotinsdv', '0000123012eRotinsdv' of type 'Application' failed. <<1727974700513
BIP3202E<<(.sum2, 1.1) : An error occurred when trying to resolve the Java class or method 'sum.Berij.add' which is referred to by the routine 'sum2'. <<1727974700513
BIP2946E<<The Java method 'sum.Berij.add' could not be found <<1727974700513
BIP9333W<<Application '0000123012eRotinsdv' has been changed but contains errors which has prevented some resources from starting. <<1727974700513
BIP1096E<<The source '0000123012eRotinsdvproject.generated.bar' has been deployed but there were one or more failures which may mean the deployed resources will be unable to execute. <<1727974700513
0000123012eRotinsdv>>m1>>msar>>WARNING>>1727974754949
BIP9318E<<Request to 'PreSetupValidate' resource '0000123012eRotinsdv', '0000123012eRotinsdv' of type 'Application' failed. <<1727974754949
BIP3202E<<(.add, 1.1) : An error occurred when trying to resolve the Java class or method 'sum.Berij.add' which is referred to by the routine 'add'. <<1727974754949
BIP2946E<<The Java method 'sum.Berij.add' could not be found <<1727974754949
BIP9333W<<Application '0000123012eRotinsdv' has been changed but contains errors which has prevented some resources from starting. <<1727974754949
BIP1096E<<The source '0000123012eRotinsdvproject.generated.bar' has been deployed but there were one or more failures which may mean the deployed resources will be unable to execute. <<1727974754949
0000123012eRotinsdv>>m1>>msar>>WARNING>>1727975020029
BIP9318E<<Request to 'PreSetupValidate' resource '0000123012eRotinsdv', '0000123012eRotinsdv' of type 'Application' failed. <<1727975020029
BIP3202E<<(.add, 1.1) : An error occurred when trying to resolve the Java class or method 'sum.Berij.add' which is referred to by the routine 'add'. <<1727975020029
BIP2946E<<The Java method 'sum.Berij.add' could not be found <<1727975020029
BIP9333W<<Application '0000123012eRotinsdv' has been changed but contains errors which has prevented some resources from starting. <<1727975020029
BIP1096E<<The source '0000123012eRotinsdvproject.generated.bar' has been deployed but there were one or more failures which may mean the deployed resources will be unable to execute. <<1727975020029
0000123012eRotinsdv>>m1>>msar>>WARNING>>1727975150389
BIP9318E<<Request to 'PreSetupValidate' resource '0000123012eRotinsdv', '0000123012eRotinsdv' of type 'Application' failed. <<1727975150389
BIP3202E<<(.add, 1.1) : An error occurred when trying to resolve the Java class or method 'sum.Berij.add' which is referred to by the routine 'add'. <<1727975150389
BIP2943E<<The Java Method 'sum.Berij.add' could not be found as its containing class could not be found in the deployed bar file or in the 'workpath/shared-classes/' directory. <<1727975150389
BIP9333W<<Application '0000123012eRotinsdv' has been changed but contains errors which has prevented some resources from starting. <<1727975150389
BIP1096E<<The source '0000123012eRotinsdvproject.generated.bar' has been deployed but there were one or more failures which may mean the deployed resources will be unable to execute. <<1727975150389
0000123012eRotinsdv>>m1>>msar>>WARNING>>1727975251388
BIP9318E<<Request to 'PreSetupValidate' resource '0000123012eRotinsdv', '0000123012eRotinsdv' of type 'Application' failed. <<1727975251388
BIP3202E<<(.add, 1.1) : An error occurred when trying to resolve the Java class or method 'sum.Berij.add' which is referred to by the routine 'add'. <<1727975251388
BIP2943E<<The Java Method 'sum.Berij.add' could not be found as its containing class could not be found in the deployed bar file or in the 'workpath/shared-classes/' directory. <<1727975251388
BIP9333W<<Application '0000123012eRotinsdv' has been changed but contains errors which has prevented some resources from starting. <<1727975251388
BIP1096E<<The source '0000123012eRotinsdvproject.generated.bar' has been deployed but there were one or more failures which may mean the deployed resources will be unable to execute. <<1727975251388
0000123012eRotinsdv>>m1>>msar>>WARNING>>1727975272974
BIP9318E<<Request to 'PreSetupValidate' resource '0000123012eRotinsdv', '0000123012eRotinsdv' of type 'Application' failed. <<1727975272974
BIP3202E<<(.add, 1.1) : An error occurred when trying to resolve the Java class or method 'sum.Berij.add' which is referred to by the routine 'add'. <<1727975272974
BIP2943E<<The Java Method 'sum.Berij.add' could not be found as its containing class could not be found in the deployed bar file or in the 'workpath/shared-classes/' directory. <<1727975272974
BIP9333W<<Application '0000123012eRotinsdv' has been created but contains errors which has prevented some resources from starting. <<1727975272974
BIP1096E<<The source '0000123012eRotinsdvproject.generated.bar' has been deployed but there were one or more failures which may mean the deployed resources will be unable to execute. <<1727975272974
0000123012eRotinsdv>>m1>>msar>>WARNING>>1727975429500
BIP9318E<<Request to 'PreSetupValidate' resource '0000123012eRotinsdv', '0000123012eRotinsdv' of type 'Application' failed. <<1727975429500
BIP3202E<<(.add, 1.1) : An error occurred when trying to resolve the Java class or method 'sum.Berij.add' which is referred to by the routine 'add'. <<1727975429500
BIP2946E<<The Java method 'sum.Berij.add' could not be found <<1727975429500
BIP9333W<<Application '0000123012eRotinsdv' has been created but contains errors which has prevented some resources from starting. <<1727975429500
BIP1096E<<The source '0000123012eRotinsdvproject.generated.bar' has been deployed but there were one or more failures which may mean the deployed resources will be unable to execute. <<1727975429500
0000123012eRotinsdv>>m1>>msar>>WARNING>>1727984611827
BIP9318E<<Request to 'PreSetupValidate' resource '0000123012eRotinsdv', '0000123012eRotinsdv' of type 'Application' failed. <<1727984611827
BIP3202E<<(.add, 1.1) : An error occurred when trying to resolve the Java class or method 'sum.Berij.add' which is referred to by the routine 'add'. <<1727984611827
BIP2946E<<The Java method 'sum.Berij.add' could not be found <<1727984611827
BIP9333W<<Application '0000123012eRotinsdv' has been created but contains errors which has prevented some resources from starting. <<1727984611827
BIP1096E<<The source '0000123012eRotinsdvproject.generated.bar' has been deployed but there were one or more failures which may mean the deployed resources will be unable to execute. <<1727984611827
0000123012eRotinsdv>>m1>>msar>>SUCCESS>>1728285956244
BIP4125E<<Failed to load ESQL file 'C:/ProgramData/IBM/MQSI/components/m1/servers/msar/run/0000123012eRotinsdv/askfjasjkff_Compute.esql'. <<1728285956244
BIP4128E<<Failed to deploy ESQL 'module' called 'ASKFJASJKFF_COMPUTE' contained in 'C:/ProgramData/IBM/MQSI/components/m1/servers/msar/run/0000123012eRotinsdv/askfjasjkff_Compute.esql' because it is already deployed in file 'C:/ProgramData/IBM/MQSI/components/m1/servers/msar/run/0000123012eRotinsdv/askfjasjkff_Compute.esql'. <<1728285956244
BIP9332I<<Application '0000123012eRotinsdv' has been created successfully. <<1728285956244
BIP9326I<<The source '0000123012eRotinsdvproject.generated.bar' has been successfully deployed. <<1728285956244
0000123012eRotinsdv>>m1>>msar>>SUCCESS>>1728286017812
BIP4125E<<Failed to load ESQL file 'C:/ProgramData/IBM/MQSI/components/m1/servers/msar/run/0000123012eRotinsdv/askfjasjkff_Compute.esql'. <<1728286017812
BIP4128E<<Failed to deploy ESQL 'module' called 'ASKFJASJKFF_COMPUTE' contained in 'C:/ProgramData/IBM/MQSI/components/m1/servers/msar/run/0000123012eRotinsdv/askfjasjkff_Compute.esql' because it is already deployed in file 'C:/ProgramData/IBM/MQSI/components/m1/servers/msar/run/0000123012eRotinsdv/askfjasjkff_Compute.esql'. <<1728286017812
BIP9332I<<Application '0000123012eRotinsdv' has been changed successfully. <<1728286017812
BIP9326I<<The source '0000123012eRotinsdvproject.generated.bar' has been successfully deployed. <<1728286017812
0000123012eRotinsdv>>m1>>msar>>WARNING>>1728286238390
BIP4125E<<Failed to load ESQL file 'C:/ProgramData/IBM/MQSI/components/m1/servers/msar/run/0000123012eRotinsdv/askfjasjkff_Compute.esql'. <<1728286238390
BIP4128E<<Failed to deploy ESQL 'module' called 'ASKFJASJKFF_COMPUTE' contained in 'C:/ProgramData/IBM/MQSI/components/m1/servers/msar/run/0000123012eRotinsdv/askfjasjkff_Compute.esql' because it is already deployed in file 'C:/ProgramData/IBM/MQSI/components/m1/servers/msar/run/0000123012eRotinsdv/askfjasjkff_Compute.esql'. <<1728286238390
BIP3943E<<The mapping routine 'oct7.src.any.summm/:askfjasjkff_Mapping' cannot be located. <<1728286238390
BIP3943E<<The mapping routine 'oct7.src.any.summm/:askfjasjkff_Mapping' cannot be located. <<1728286238390
BIP9320E<<Message Flow 'askfjasjkff', 'askfjasjkff' encountered a failure and could not start. <<1728286238390
BIP3943E<<The mapping routine 'oct7.src.any.summm/:askfjasjkff_Mapping' cannot be located. <<1728286238390
BIP9333W<<Application '0000123012eRotinsdv' has been changed but contains errors which has prevented some resources from starting. <<1728286238390
BIP1096E<<The source '0000123012eRotinsdvproject.generated.bar' has been deployed but there were one or more failures which may mean the deployed resources will be unable to execute. <<1728286238390
0000123012eRotinsdv>>m1>>msar>>SUCCESS>>1728294224253
BIP4125E<<Failed to load ESQL file 'C:/ProgramData/IBM/MQSI/components/m1/servers/msar/run/0000123012eRotinsdv/askfjasjkff_Compute.esql'. <<1728294224253
BIP4128E<<Failed to deploy ESQL 'module' called 'ASKFJASJKFF_COMPUTE' contained in 'C:/ProgramData/IBM/MQSI/components/m1/servers/msar/run/0000123012eRotinsdv/askfjasjkff_Compute.esql' because it is already deployed in file 'C:/ProgramData/IBM/MQSI/components/m1/servers/msar/run/0000123012eRotinsdv/askfjasjkff_Compute.esql'. <<1728294224253
BIP9332I<<Application '0000123012eRotinsdv' has been created successfully. <<1728294224253
BIP9326I<<The source '0000123012eRotinsdvproject.generated.bar' has been successfully deployed. <<1728294224253
0000123012eRotinsdv>>m1>>msar>>WARNING>>1728294307883
BIP4125E<<Failed to load ESQL file 'C:/ProgramData/IBM/MQSI/components/m1/servers/msar/run/0000123012eRotinsdv/askfjasjkff_Compute.esql'. <<1728294307883
BIP4128E<<Failed to deploy ESQL 'module' called 'ASKFJASJKFF_COMPUTE' contained in 'C:/ProgramData/IBM/MQSI/components/m1/servers/msar/run/0000123012eRotinsdv/askfjasjkff_Compute.esql' because it is already deployed in file 'C:/ProgramData/IBM/MQSI/components/m1/servers/msar/run/0000123012eRotinsdv/askfjasjkff_Compute.esql'. <<1728294307883
BIP9318E<<Request to 'TearDown' resource 'Mapping', 'askfjasjkff#FCMComposite_1_5' of type 'Node' failed. <<1728294307883
BIP4367E<<The method 'tearDown' in Java node 'Mapping' has thrown the following exception: com.ibm.broker.map.BrokerXCIStaticException: java.lang.RuntimeException: IXJXE1028E: [ERR 0781] An executable cannot be produced from a libray module.  The primary query source must be a main module.. <<1728294307883
BIP4395E<<Java exception: 'com.ibm.broker.map.BrokerXCIStaticException'; thrown from class name: 'com.ibm.broker.map.MapStaticErrorHandler', method name: 'report', file: 'MapStaticErrorHandler.java', line: '102' <<1728294307883
BIP9320E<<Message Flow 'askfjasjkff', 'askfjasjkff' encountered a failure and could not start. <<1728294307883
BIP4367E<<The method 'onPreSetupValidation' in Java node 'Mapping' has thrown the following exception: com.ibm.broker.map.BrokerXCIStaticException: java.lang.RuntimeException: IXJXE1028E: [ERR 0781] An executable cannot be produced from a libray module.  The primary query source must be a main module.. <<1728294307883
BIP4395E<<Java exception: 'com.ibm.broker.map.BrokerXCIStaticException'; thrown from class name: 'com.ibm.broker.map.MapStaticErrorHandler', method name: 'report', file: 'MapStaticErrorHandler.java', line: '102' <<1728294307883
BIP9333W<<Application '0000123012eRotinsdv' has been changed but contains errors which has prevented some resources from starting. <<1728294307883
BIP1096E<<The source '0000123012eRotinsdvproject.generated.bar' has been deployed but there were one or more failures which may mean the deployed resources will be unable to execute. <<1728294307883
0000123012eRotinsdv>>m1>>msar>>WARNING>>1728294408487
BIP4125E<<Failed to load ESQL file 'C:/ProgramData/IBM/MQSI/components/m1/servers/msar/run/0000123012eRotinsdv/askfjasjkff_Compute.esql'. <<1728294408487
BIP4128E<<Failed to deploy ESQL 'module' called 'ASKFJASJKFF_COMPUTE' contained in 'C:/ProgramData/IBM/MQSI/components/m1/servers/msar/run/0000123012eRotinsdv/askfjasjkff_Compute.esql' because it is already deployed in file 'C:/ProgramData/IBM/MQSI/components/m1/servers/msar/run/0000123012eRotinsdv/askfjasjkff_Compute.esql'. <<1728294408487
BIP9318E<<Request to 'TearDown' resource 'Mapping', 'askfjasjkff#FCMComposite_1_5' of type 'Node' failed. <<1728294408487
BIP4367E<<The method 'tearDown' in Java node 'Mapping' has thrown the following exception: com.ibm.broker.map.BrokerXCIStaticException: java.lang.RuntimeException: IXJXE1028E: [ERR 0781] An executable cannot be produced from a libray module.  The primary query source must be a main module.. <<1728294408487
BIP4395E<<Java exception: 'com.ibm.broker.map.BrokerXCIStaticException'; thrown from class name: 'com.ibm.broker.map.MapStaticErrorHandler', method name: 'report', file: 'MapStaticErrorHandler.java', line: '102' <<1728294408487
BIP9320E<<Message Flow 'askfjasjkff', 'askfjasjkff' encountered a failure and could not start. <<1728294408487
BIP4367E<<The method 'onPreSetupValidation' in Java node 'Mapping' has thrown the following exception: com.ibm.broker.map.BrokerXCIStaticException: java.lang.RuntimeException: IXJXE1028E: [ERR 0781] An executable cannot be produced from a libray module.  The primary query source must be a main module.. <<1728294408487
BIP4395E<<Java exception: 'com.ibm.broker.map.BrokerXCIStaticException'; thrown from class name: 'com.ibm.broker.map.MapStaticErrorHandler', method name: 'report', file: 'MapStaticErrorHandler.java', line: '102' <<1728294408487
BIP9333W<<Application '0000123012eRotinsdv' has been changed but contains errors which has prevented some resources from starting. <<1728294408487
BIP1096E<<The source '0000123012eRotinsdvproject.generated.bar' has been deployed but there were one or more failures which may mean the deployed resources will be unable to execute. <<1728294408487
000000000000000000000sdfagafdgshl;l>>m1>>msar>>SUCCESS>>1728294917311
BIP9332I<<Application '000000000000000000000sdfagafdgshl;l' has been created successfully. <<1728294917311
BIP9326I<<The source '000000000000000000000sdfagafdgshl;lproject.generated.bar' has been successfully deployed. <<1728294917311
000000000000000000000sdfagafdgshl;l>>new1>>g1>>SUCCESS>>1728295331074
BIP9332I<<Application '000000000000000000000sdfagafdgshl;l' has been created successfully. <<1728295331074
BIP9326I<<The source '000000000000000000000sdfagafdgshl;lproject.generated.bar' has been successfully deployed. <<1728295331074
1111gffffffffnx>>new1>>g1>>SUCCESS>>1728295566533
BIP9332I<<Application '1111gffffffffnx' has been created successfully. <<1728295566533
BIP9326I<<The source '1111gffffffffnxproject.generated.bar' has been successfully deployed. <<1728295566533
1111gffffffffnx>>new1>>g1>>SUCCESS>>1728295676024
BIP9332I<<Application '1111gffffffffnx' has been created successfully. <<1728295676024
BIP9326I<<The source '1111gffffffffnxproject.generated.bar' has been successfully deployed. <<1728295676024
1111gffffffffnx>>adi1>>nav>>SUCCESS>>1728295793313
BIP9332I<<Application '1111gffffffffnx' has been created successfully. <<1728295793313
BIP9326I<<The source '1111gffffffffnxproject.generated.bar' has been successfully deployed. <<1728295793313
1111gffffffffnx>>adi1>>nav>>SUCCESS>>1728296056485
BIP9332I<<Application '1111gffffffffnx' has been changed successfully. <<1728296056485
BIP9326I<<The source '1111gffffffffnxproject.generated.bar' has been successfully deployed. <<1728296056485
Mapping_node_globleCache>>adi1>>nav>>SUCCESS>>1728296096596
BIP9332I<<Application 'Mapping_node_globleCache' has been created successfully. <<1728296096596
BIP9326I<<The source 'Mapping_node_globleCacheproject.generated.bar' has been successfully deployed. <<1728296096596
1111gffffffffnx>>adi1>>nav>>SUCCESS>>1728296638099
BIP9332I<<Application '1111gffffffffnx' has been created successfully. <<1728296638099
BIP9326I<<The source '1111gffffffffnxproject.generated.bar' has been successfully deployed. <<1728296638099
1111gffffffffnx>>adi1>>nav>>SUCCESS>>1728296908188
BIP9332I<<Application '1111gffffffffnx' has been created successfully. <<1728296908188
BIP9326I<<The source '1111gffffffffnxproject.generated.bar' has been successfully deployed. <<1728296908188
1111gffffffffnx>>adi1>>nav>>SUCCESS>>1728297019465
BIP9332I<<Application '1111gffffffffnx' has been created successfully. <<1728297019465
BIP9326I<<The source '1111gffffffffnxproject.generated.bar' has been successfully deployed. <<1728297019465
1111gffffffffnx>>adi1>>nav>>SUCCESS>>1728297785600
BIP9332I<<Application '1111gffffffffnx' has been changed successfully. <<1728297785600
BIP9326I<<The source '1111gffffffffnxproject.generated.bar' has been successfully deployed. <<1728297785600
1111gffffffffnx>>adi1>>nav>>SUCCESS>>1728297832870
BIP9332I<<Application '1111gffffffffnx' has been changed successfully. <<1728297832870
BIP9326I<<The source '1111gffffffffnxproject.generated.bar' has been successfully deployed. <<1728297832870
1111gffffffffnx>>adi1>>nav>>SUCCESS>>1728298019522
BIP9332I<<Application '1111gffffffffnx' has been changed successfully. <<1728298019522
BIP9326I<<The source '1111gffffffffnxproject.generated.bar' has been successfully deployed. <<1728298019522
12app_qwed12>>override2>>over1>>SUCCESS>>1728365585033
BIP9332I<<Application '12app_qwed12' has been created successfully. <<1728365585033
BIP9326I<<The source '12app_qwed12project.generated.bar' has been successfully deployed. <<1728365585033
LOOP_esql>>override2>>over1>>SUCCESS>>1728371210966
BIP9332I<<Application 'LOOP_esql' has been created successfully. <<1728371210966
BIP9326I<<The source 'LOOP_esqlproject.generated.bar' has been successfully deployed. <<1728371210966
LOOP_esql>>override2>>over1>>SUCCESS>>1728371300367
BIP9332I<<Application 'LOOP_esql' has been created successfully. <<1728371300367
BIP9326I<<The source 'LOOP_esqlproject.generated.bar' has been successfully deployed. <<1728371300367
LOOP_esql>>override2>>over1>>SUCCESS>>1728371333986
BIP9332I<<Application 'LOOP_esql' has been changed successfully. <<1728371333986
BIP9326I<<The source 'LOOP_esqlproject.generated.bar' has been successfully deployed. <<1728371333986
LOOP_esql>>override2>>over1>>SUCCESS>>1728371475292
BIP9332I<<Application 'LOOP_esql' has been changed successfully. <<1728371475292
BIP9326I<<The source 'LOOP_esqlproject.generated.bar' has been successfully deployed. <<1728371475292
LOOP_esql>>override2>>over1>>SUCCESS>>1728371572232
BIP9332I<<Application 'LOOP_esql' has been changed successfully. <<1728371572232
BIP9326I<<The source 'LOOP_esqlproject.generated.bar' has been successfully deployed. <<1728371572232
LOOP_esql>>override2>>over1>>SUCCESS>>1728371594987
BIP9332I<<Application 'LOOP_esql' has been changed successfully. <<1728371594987
BIP9326I<<The source 'LOOP_esqlproject.generated.bar' has been successfully deployed. <<1728371594987
LOOP_esql>>override2>>over1>>WARNING>>1728379438389
BIP9318E<<Request to 'PreSetupValidate' resource 'LOOP_esql', 'LOOP_esql' of type 'Application' failed. <<1728379438389
BIP2493E<<(.XML_to_json_using_loop_Compute.CopyEntireMessage, 34.1) : Illegal type for parameter '2' of the function 'FOR'. A list is required. <<1728379438389
BIP9333W<<Application 'LOOP_esql' has been changed but contains errors which has prevented some resources from starting. <<1728379438389
BIP1096E<<The source 'LOOP_esqlproject.generated.bar' has been deployed but there were one or more failures which may mean the deployed resources will be unable to execute. <<1728379438389
LOOP_esql>>override2>>over1>>WARNING>>1728380146645
BIP9318E<<Request to 'PreSetupValidate' resource 'LOOP_esql', 'LOOP_esql' of type 'Application' failed. <<1728380146645
BIP2432E<<(.XML_to_json_using_loop_Compute.CopyEntireMessage, 39.38) : The correlation name 'folder' is not valid. Those in scope are: Environment, InputLocalEnvironment, OutputLocalEnvironment, InputRoot, InputBody, InputProperties, OutputRoot, InputExceptionList, OutputExceptionList, InputDestinationList, OutputDestinationList, jsonInput, xmlOutput, i. <<1728380146645
BIP9333W<<Application 'LOOP_esql' has been changed but contains errors which has prevented some resources from starting. <<1728380146645
BIP1096E<<The source 'LOOP_esqlproject.generated.bar' has been deployed but there were one or more failures which may mean the deployed resources will be unable to execute. <<1728380146645
LOOP_esql>>override2>>over1>>WARNING>>1728380772768
BIP9318E<<Request to 'PreSetupValidate' resource 'LOOP_esql', 'LOOP_esql' of type 'Application' failed. <<1728380772768
BIP2935E<<(.XML_to_json_using_loop_Compute.CopyEntireMessage, 26.26) : An expression which evaluates to a scalar variable or a field is required here. <<1728380772768
BIP9333W<<Application 'LOOP_esql' has been changed but contains errors which has prevented some resources from starting. <<1728380772768
BIP1096E<<The source 'LOOP_esqlproject.generated.bar' has been deployed but there were one or more failures which may mean the deployed resources will be unable to execute. <<1728380772768
LOOP_esql>>override2>>over1>>WARNING>>1728380823685
BIP9318E<<Request to 'PreSetupValidate' resource 'LOOP_esql', 'LOOP_esql' of type 'Application' failed. <<1728380823685
BIP2935E<<(.XML_to_json_using_loop_Compute.CopyEntireMessage, 26.26) : An expression which evaluates to a scalar variable or a field is required here. <<1728380823685
BIP9333W<<Application 'LOOP_esql' has been changed but contains errors which has prevented some resources from starting. <<1728380823685
BIP1096E<<The source 'LOOP_esqlproject.generated.bar' has been deployed but there were one or more failures which may mean the deployed resources will be unable to execute. <<1728380823685
LOOP_esql>>override2>>over1>>WARNING>>1728380879463
BIP9318E<<Request to 'PreSetupValidate' resource 'LOOP_esql', 'LOOP_esql' of type 'Application' failed. <<1728380879463
BIP2935E<<(.XML_to_json_using_loop_Compute.CopyEntireMessage, 26.26) : An expression which evaluates to a scalar variable or a field is required here. <<1728380879463
BIP9333W<<Application 'LOOP_esql' has been changed but contains errors which has prevented some resources from starting. <<1728380879463
BIP1096E<<The source 'LOOP_esqlproject.generated.bar' has been deployed but there were one or more failures which may mean the deployed resources will be unable to execute. <<1728380879463
LOOP_esql>>override2>>over1>>WARNING>>1728381076097
BIP9318E<<Request to 'PreSetupValidate' resource 'LOOP_esql', 'LOOP_esql' of type 'Application' failed. <<1728381076097
BIP2493E<<(.XML_to_json_using_loop_Compute.CopyEntireMessage, 30.1) : Illegal type for parameter '2' of the function 'FOR'. A list is required. <<1728381076097
BIP9333W<<Application 'LOOP_esql' has been changed but contains errors which has prevented some resources from starting. <<1728381076097
BIP1096E<<The source 'LOOP_esqlproject.generated.bar' has been deployed but there were one or more failures which may mean the deployed resources will be unable to execute. <<1728381076097
LOOP_esql>>override2>>over1>>SUCCESS>>1728381092812
BIP9332I<<Application 'LOOP_esql' has been changed successfully. <<1728381092812
BIP9326I<<The source 'LOOP_esqlproject.generated.bar' has been successfully deployed. <<1728381092812
LOOP_esql>>override2>>over1>>SUCCESS>>1728381118432
BIP9332I<<Application 'LOOP_esql' has been changed successfully. <<1728381118432
BIP9326I<<The source 'LOOP_esqlproject.generated.bar' has been successfully deployed. <<1728381118432
LOOP_esql>>override2>>over1>>SUCCESS>>1728381230088
BIP9332I<<Application 'LOOP_esql' has been changed successfully. <<1728381230088
BIP9326I<<The source 'LOOP_esqlproject.generated.bar' has been successfully deployed. <<1728381230088
LOOP_esql>>override2>>over1>>SUCCESS>>1728381307881
BIP9332I<<Application 'LOOP_esql' has been changed successfully. <<1728381307881
BIP9326I<<The source 'LOOP_esqlproject.generated.bar' has been successfully deployed. <<1728381307881
LOOP_esql>>override2>>over1>>SUCCESS>>1728381576278
BIP9332I<<Application 'LOOP_esql' has been changed successfully. <<1728381576278
BIP9326I<<The source 'LOOP_esqlproject.generated.bar' has been successfully deployed. <<1728381576278
LOOP_esql>>override2>>over1>>SUCCESS>>1728381673300
BIP9332I<<Application 'LOOP_esql' has been changed successfully. <<1728381673300
BIP9326I<<The source 'LOOP_esqlproject.generated.bar' has been successfully deployed. <<1728381673300
LOOP_esql>>override2>>over1>>WARNING>>1728382114730
BIP9318E<<Request to 'PreSetupValidate' resource 'LOOP_esql', 'LOOP_esql' of type 'Application' failed. <<1728382114730
BIP2493E<<(.XML_to_json_using_loop_Compute.CopyEntireMessage, 31.1) : Illegal type for parameter '2' of the function 'FOR'. A list is required. <<1728382114730
BIP9333W<<Application 'LOOP_esql' has been changed but contains errors which has prevented some resources from starting. <<1728382114730
BIP1096E<<The source 'LOOP_esqlproject.generated.bar' has been deployed but there were one or more failures which may mean the deployed resources will be unable to execute. <<1728382114730
LOOP_esql>>override2>>over1>>SUCCESS>>1728382157066
BIP9332I<<Application 'LOOP_esql' has been changed successfully. <<1728382157066
BIP9326I<<The source 'LOOP_esqlproject.generated.bar' has been successfully deployed. <<1728382157066
LOOP_esql>>override2>>over1>>SUCCESS>>1728382273581
BIP9332I<<Application 'LOOP_esql' has been changed successfully. <<1728382273581
BIP9326I<<The source 'LOOP_esqlproject.generated.bar' has been successfully deployed. <<1728382273581
LOOP_esql>>override2>>over1>>SUCCESS>>1728382368621
BIP9332I<<Application 'LOOP_esql' has been changed successfully. <<1728382368621
BIP9326I<<The source 'LOOP_esqlproject.generated.bar' has been successfully deployed. <<1728382368621
LOOP_esql>>override2>>over1>>WARNING>>1728384679422
BIP9318E<<Request to 'PreSetupValidate' resource 'LOOP_esql', 'LOOP_esql' of type 'Application' failed. <<1728384679422
BIP2935E<<(.while_loop_Compute.CopyEntireMessage, 18.28) : An expression which evaluates to a scalar variable or a field is required here. <<1728384679422
BIP9333W<<Application 'LOOP_esql' has been changed but contains errors which has prevented some resources from starting. <<1728384679422
BIP1096E<<The source 'LOOP_esqlproject.generated.bar' has been deployed but there were one or more failures which may mean the deployed resources will be unable to execute. <<1728384679422
LOOP_esql>>override2>>over1>>SUCCESS>>1728384710986
BIP9332I<<Application 'LOOP_esql' has been changed successfully. <<1728384710986
BIP9326I<<The source 'LOOP_esqlproject.generated.bar' has been successfully deployed. <<1728384710986
LOOP_esql>>override2>>over1>>SUCCESS>>1728384831341
BIP9332I<<Application 'LOOP_esql' has been changed successfully. <<1728384831341
BIP9326I<<The source 'LOOP_esqlproject.generated.bar' has been successfully deployed. <<1728384831341
LOOP_esql>>override2>>over1>>SUCCESS>>1728385704990
BIP9332I<<Application 'LOOP_esql' has been changed successfully. <<1728385704990
BIP9326I<<The source 'LOOP_esqlproject.generated.bar' has been successfully deployed. <<1728385704990
LOOP_esql>>override2>>over1>>SUCCESS>>1728386071201
BIP9332I<<Application 'LOOP_esql' has been changed successfully. <<1728386071201
BIP9326I<<The source 'LOOP_esqlproject.generated.bar' has been successfully deployed. <<1728386071201
LOOP_esql>>override2>>over1>>SUCCESS>>1728390651723
BIP9332I<<Application 'LOOP_esql' has been changed successfully. <<1728390651723
BIP9326I<<The source 'LOOP_esqlproject.generated.bar' has been successfully deployed. <<1728390651723
LOOP_esql>>override2>>over1>>SUCCESS>>1728390812503
BIP9332I<<Application 'LOOP_esql' has been changed successfully. <<1728390812503
BIP9326I<<The source 'LOOP_esqlproject.generated.bar' has been successfully deployed. <<1728390812503
LOOP_esql>>override2>>over1>>SUCCESS>>1728390943381
BIP9332I<<Application 'LOOP_esql' has been changed successfully. <<1728390943381
BIP9326I<<The source 'LOOP_esqlproject.generated.bar' has been successfully deployed. <<1728390943381
LOOP_esql>>override2>>over1>>SUCCESS>>1728391318458
BIP9332I<<Application 'LOOP_esql' has been changed successfully. <<1728391318458
BIP9326I<<The source 'LOOP_esqlproject.generated.bar' has been successfully deployed. <<1728391318458
LOOP_esql>>override2>>over1>>SUCCESS>>1728391426408
BIP9332I<<Application 'LOOP_esql' has been changed successfully. <<1728391426408
BIP9326I<<The source 'LOOP_esqlproject.generated.bar' has been successfully deployed. <<1728391426408
LOOP_esql>>override2>>over1>>SUCCESS>>1728391770135
BIP9332I<<Application 'LOOP_esql' has been changed successfully. <<1728391770135
BIP9326I<<The source 'LOOP_esqlproject.generated.bar' has been successfully deployed. <<1728391770135
LOOP_esql>>override2>>over1>>SUCCESS>>1728391802419
BIP9332I<<Application 'LOOP_esql' has been changed successfully. <<1728391802419
BIP9326I<<The source 'LOOP_esqlproject.generated.bar' has been successfully deployed. <<1728391802419
LOOP_esql>>override2>>over1>>SUCCESS>>1728391930679
BIP9332I<<Application 'LOOP_esql' has been changed successfully. <<1728391930679
BIP9326I<<The source 'LOOP_esqlproject.TestMode.bar' has been successfully deployed. <<1728391930679
LOOP_esql>>override2>>over1>>SUCCESS>>1728392015030
BIP9332I<<Application 'LOOP_esql' has been changed successfully. <<1728392015030
BIP9326I<<The source 'LOOP_esqlproject.generated.bar' has been successfully deployed. <<1728392015030
LOOP_esql>>override2>>over1>>SUCCESS>>1728392094978
BIP9332I<<Application 'LOOP_esql' has been created successfully. <<1728392094978
BIP9326I<<The source 'LOOP_esqlproject.generated.bar' has been successfully deployed. <<1728392094978
LOOP_esql2>>override2>>over1>>SUCCESS>>1728392308084
BIP9332I<<Application 'LOOP_esql2' has been created successfully. <<1728392308084
BIP9326I<<The source 'LOOP_esql2project.generated.bar' has been successfully deployed. <<1728392308084
LOOP_esql>>override2>>over1>>SUCCESS>>1728392308595
BIP9332I<<Application 'LOOP_esql' has been changed successfully. <<1728392308595
BIP9326I<<The source 'LOOP_esqlproject.generated.bar' has been successfully deployed. <<1728392308595
LOOP_esql2>>override2>>over1>>SUCCESS>>1728392639534
BIP9332I<<Application 'LOOP_esql2' has been changed successfully. <<1728392639534
BIP9326I<<The source 'LOOP_esql2project.generated.bar' has been successfully deployed. <<1728392639534
LOOP_esql>>override2>>over1>>SUCCESS>>1728392642600
BIP9332I<<Application 'LOOP_esql' has been created successfully. <<1728392642600
BIP9326I<<The source 'LOOP_esqlproject.generated.bar' has been successfully deployed. <<1728392642600
LOOP_esql2>>override2>>over1>>SUCCESS>>1728392794619
BIP9332I<<Application 'LOOP_esql2' has been changed successfully. <<1728392794619
BIP9326I<<The source 'LOOP_esql2project.generated.bar' has been successfully deployed. <<1728392794619
LOOP_esql2>>override2>>over1>>WARNING>>1728392845831
BIP9318E<<Request to 'PreSetupValidate' resource 'LOOP_esql2', 'LOOP_esql2' of type 'Application' failed. <<1728392845831
BIP2935E<<(.xml_to_json.CopyEntireMessage, 5.28) : An expression which evaluates to a scalar variable or a field is required here. <<1728392845831
BIP9333W<<Application 'LOOP_esql2' has been changed but contains errors which has prevented some resources from starting. <<1728392845831
BIP1096E<<The source 'LOOP_esql2project.generated.bar' has been deployed but there were one or more failures which may mean the deployed resources will be unable to execute. <<1728392845831
LOOP_esql2>>override2>>over1>>SUCCESS>>1728392970625
BIP9332I<<Application 'LOOP_esql2' has been created successfully. <<1728392970625
BIP9326I<<The source 'LOOP_esql2project.generated.bar' has been successfully deployed. <<1728392970625
LOOP_esql2>>override2>>over1>>SUCCESS>>1728393069469
BIP9332I<<Application 'LOOP_esql2' has been changed successfully. <<1728393069469
BIP9326I<<The source 'LOOP_esql2project.generated.bar' has been successfully deployed. <<1728393069469
LOOP_esql2>>override2>>over1>>WARNING>>1728393152201
BIP9318E<<Request to 'PreSetupValidate' resource 'LOOP_esql2', 'LOOP_esql2' of type 'Application' failed. <<1728393152201
BIP2494E<<(.xml_to_json.CopyEntireMessage, 9.9) : Illegal type for parameter '1' of the function 'LASTMOVE'. A reference to a variable of type 'REFERENCE' is required. <<1728393152201
BIP9333W<<Application 'LOOP_esql2' has been changed but contains errors which has prevented some resources from starting. <<1728393152201
BIP1096E<<The source 'LOOP_esql2project.generated.bar' has been deployed but there were one or more failures which may mean the deployed resources will be unable to execute. <<1728393152201
LOOP_esql2>>override2>>over1>>SUCCESS>>1728393211979
BIP9332I<<Application 'LOOP_esql2' has been changed successfully. <<1728393211979
BIP9326I<<The source 'LOOP_esql2project.generated.bar' has been successfully deployed. <<1728393211979
LOOP_esql2>>override2>>over1>>SUCCESS>>1728394312282
BIP9332I<<Application 'LOOP_esql2' has been changed successfully. <<1728394312282
BIP9326I<<The source 'LOOP_esql2project.generated.bar' has been successfully deployed. <<1728394312282
LOOP_esql2>>override2>>over1>>SUCCESS>>1728394457953
BIP9332I<<Application 'LOOP_esql2' has been changed successfully. <<1728394457953
BIP9326I<<The source 'LOOP_esql2project.generated.bar' has been successfully deployed. <<1728394457953
LOOP_esql2>>override2>>over1>>SUCCESS>>1728394658546
BIP9332I<<Application 'LOOP_esql2' has been changed successfully. <<1728394658546
BIP9326I<<The source 'LOOP_esql2project.generated.bar' has been successfully deployed. <<1728394658546
LOOP_esql2>>override2>>over1>>SUCCESS>>1728394612827
BIP9332I<<Application 'LOOP_esql2' has been changed successfully. <<1728394612827
BIP9326I<<The source 'LOOP_esql2project.generated.bar' has been successfully deployed. <<1728394612827
LOOP_esql2>>override2>>over1>>SUCCESS>>1728448433796
BIP9332I<<Application 'LOOP_esql2' has been changed successfully. <<1728448433796
BIP9326I<<The source 'LOOP_esql2project.generated.bar' has been successfully deployed. <<1728448433796
LOOP_esql2>>override2>>over1>>SUCCESS>>1728448544810
BIP9332I<<Application 'LOOP_esql2' has been changed successfully. <<1728448544810
BIP9326I<<The source 'LOOP_esql2project.generated.bar' has been successfully deployed. <<1728448544810
LOOP_esql2>>override2>>over1>>SUCCESS>>1728448702128
BIP9332I<<Application 'LOOP_esql2' has been changed successfully. <<1728448702128
BIP9326I<<The source 'LOOP_esql2project.generated.bar' has been successfully deployed. <<1728448702128
LOOP_esql2>>override2>>over1>>SUCCESS>>1728451575992
BIP9332I<<Application 'LOOP_esql2' has been changed successfully. <<1728451575992
BIP9326I<<The source 'LOOP_esql2project.generated.bar' has been successfully deployed. <<1728451575992
LOOP_esql2>>override2>>over1>>SUCCESS>>1728451624577
BIP9332I<<Application 'LOOP_esql2' has been changed successfully. <<1728451624577
BIP9326I<<The source 'LOOP_esql2project.generated.bar' has been successfully deployed. <<1728451624577
LOOP_esql2>>override2>>over1>>SUCCESS>>1728451647320
BIP9332I<<Application 'LOOP_esql2' has been changed successfully. <<1728451647320
BIP9326I<<The source 'LOOP_esql2project.generated.bar' has been successfully deployed. <<1728451647320
LOOP_esql2>>override2>>over1>>SUCCESS>>1728451706307
BIP9332I<<Application 'LOOP_esql2' has been changed successfully. <<1728451706307
BIP9326I<<The source 'LOOP_esql2project.generated.bar' has been successfully deployed. <<1728451706307
E_Create>>override2>>over1>>SUCCESS>>1728464919896
BIP9332I<<Application 'E_Create' has been created successfully. <<1728464919896
BIP9326I<<The source 'E_Createproject.generated.bar' has been successfully deployed. <<1728464919896
E_Create>>override2>>over1>>SUCCESS>>1728465073042
BIP9332I<<Application 'E_Create' has been changed successfully. <<1728465073042
BIP9326I<<The source 'E_Createproject.generated.bar' has been successfully deployed. <<1728465073042
E_Create>>override2>>over1>>SUCCESS>>1728465103162
BIP9332I<<Application 'E_Create' has been changed successfully. <<1728465103162
BIP9326I<<The source 'E_Createproject.generated.bar' has been successfully deployed. <<1728465103162
E_Create>>override2>>over1>>SUCCESS>>1728465137474
BIP9332I<<Application 'E_Create' has been changed successfully. <<1728465137474
BIP9326I<<The source 'E_Createproject.generated.bar' has been successfully deployed. <<1728465137474
E_Create>>override2>>over1>>SUCCESS>>1728465228913
BIP9332I<<Application 'E_Create' has been changed successfully. <<1728465228913
BIP9326I<<The source 'E_Createproject.generated.bar' has been successfully deployed. <<1728465228913
E_Create>>override2>>over1>>SUCCESS>>1728465294297
BIP9332I<<Application 'E_Create' has been changed successfully. <<1728465294297
BIP9326I<<The source 'E_Createproject.generated.bar' has been successfully deployed. <<1728465294297
E_Create>>override2>>over1>>SUCCESS>>1728465472689
BIP9332I<<Application 'E_Create' has been changed successfully. <<1728465472689
BIP9326I<<The source 'E_Createproject.generated.bar' has been successfully deployed. <<1728465472689
E_Create>>override2>>over1>>SUCCESS>>1728465567096
BIP9332I<<Application 'E_Create' has been changed successfully. <<1728465567096
BIP9326I<<The source 'E_Createproject.generated.bar' has been successfully deployed. <<1728465567096
E_Create>>override2>>over1>>SUCCESS>>1728465602118
BIP9332I<<Application 'E_Create' has been changed successfully. <<1728465602118
BIP9326I<<The source 'E_Createproject.generated.bar' has been successfully deployed. <<1728465602118
E_Create>>override2>>over1>>SUCCESS>>1728465824644
BIP9332I<<Application 'E_Create' has been changed successfully. <<1728465824644
BIP9326I<<The source 'E_Createproject.generated.bar' has been successfully deployed. <<1728465824644
E_Create>>override2>>over1>>SUCCESS>>1728467366567
BIP9332I<<Application 'E_Create' has been changed successfully. <<1728467366567
BIP9326I<<The source 'E_Createproject.generated.bar' has been successfully deployed. <<1728467366567
E_Create>>override2>>over1>>SUCCESS>>1728467402520
BIP9332I<<Application 'E_Create' has been changed successfully. <<1728467402520
BIP9326I<<The source 'E_Createproject.generated.bar' has been successfully deployed. <<1728467402520
E_Create>>override2>>over1>>SUCCESS>>1728467549585
BIP9332I<<Application 'E_Create' has been changed successfully. <<1728467549585
BIP9326I<<The source 'E_Createproject.generated.bar' has been successfully deployed. <<1728467549585
E_Create>>override2>>over1>>SUCCESS>>1728467780512
BIP9332I<<Application 'E_Create' has been changed successfully. <<1728467780512
BIP9326I<<The source 'E_Createproject.generated.bar' has been successfully deployed. <<1728467780512
E_Create>>override2>>over1>>SUCCESS>>1728468075034
BIP9332I<<Application 'E_Create' has been changed successfully. <<1728468075034
BIP9326I<<The source 'E_Createproject.generated.bar' has been successfully deployed. <<1728468075034
E_Create>>override2>>over1>>WARNING>>1728470642351
BIP9318E<<Request to 'PreSetupValidate' resource 'E_Create', 'E_Create' of type 'Application' failed. <<1728470642351
BIP2492E<<(.to_blob_Compute.CopyEntireMessage, 9.21) : Illegal type for parameter '1' of the function 'ASBITSTREAM'. A non-list field reference is required. <<1728470642351
BIP9333W<<Application 'E_Create' has been changed but contains errors which has prevented some resources from starting. <<1728470642351
BIP1096E<<The source 'E_Createproject.generated.bar' has been deployed but there were one or more failures which may mean the deployed resources will be unable to execute. <<1728470642351
E_Create>>override2>>over1>>WARNING>>1728470722101
BIP9318E<<Request to 'PreSetupValidate' resource 'E_Create', 'E_Create' of type 'Application' failed. <<1728470722101
BIP2492E<<(.to_blob_Compute.CopyEntireMessage, 9.21) : Illegal type for parameter '1' of the function 'ASBITSTREAM'. A non-list field reference is required. <<1728470722101
BIP9333W<<Application 'E_Create' has been changed but contains errors which has prevented some resources from starting. <<1728470722101
BIP1096E<<The source 'E_Createproject.generated.bar' has been deployed but there were one or more failures which may mean the deployed resources will be unable to execute. <<1728470722101
E_Create>>override2>>over1>>SUCCESS>>1728471125415
BIP9332I<<Application 'E_Create' has been changed successfully. <<1728471125415
BIP9326I<<The source 'E_Createproject.generated.bar' has been successfully deployed. <<1728471125415
E_Create>>override2>>over1>>SUCCESS>>1728471352522
BIP9332I<<Application 'E_Create' has been changed successfully. <<1728471352522
BIP9326I<<The source 'E_Createproject.generated.bar' has been successfully deployed. <<1728471352522
E_Create>>override2>>over1>>SUCCESS>>1728471458285
BIP9332I<<Application 'E_Create' has been changed successfully. <<1728471458285
BIP9326I<<The source 'E_Createproject.generated.bar' has been successfully deployed. <<1728471458285
E_Create>>override2>>over1>>SUCCESS>>1728471966945
BIP9332I<<Application 'E_Create' has been changed successfully. <<1728471966945
BIP9326I<<The source 'E_Createproject.generated.bar' has been successfully deployed. <<1728471966945
E_Create>>override2>>over1>>SUCCESS>>1728472022522
BIP9332I<<Application 'E_Create' has been changed successfully. <<1728472022522
BIP9326I<<The source 'E_Createproject.generated.bar' has been successfully deployed. <<1728472022522
E_Create>>override2>>over1>>SUCCESS>>1728472059653
BIP9332I<<Application 'E_Create' has been changed successfully. <<1728472059653
BIP9326I<<The source 'E_Createproject.generated.bar' has been successfully deployed. <<1728472059653
E_Create>>override2>>over1>>SUCCESS>>1728472992785
BIP9332I<<Application 'E_Create' has been changed successfully. <<1728472992785
BIP9326I<<The source 'E_Createproject.generated.bar' has been successfully deployed. <<1728472992785
E_Create>>DB1>>conn>>SUCCESS>>1728473101619
BIP9332I<<Application 'E_Create' has been created successfully. <<1728473101619
BIP9326I<<The source 'E_Createproject.generated.bar' has been successfully deployed. <<1728473101619
E_Create>>DB1>>conn>>SUCCESS>>1728473189304
BIP9332I<<Application 'E_Create' has been changed successfully. <<1728473189304
BIP9326I<<The source 'E_Createproject.generated.bar' has been successfully deployed. <<1728473189304
E_Create>>DB1>>conn>>SUCCESS>>1728473426830
BIP9332I<<Application 'E_Create' has been changed successfully. <<1728473426830
BIP9326I<<The source 'E_Createproject.generated.bar' has been successfully deployed. <<1728473426830
E_Create>>DB1>>conn>>SUCCESS>>1728473486043
BIP9332I<<Application 'E_Create' has been changed successfully. <<1728473486043
BIP9326I<<The source 'E_Createproject.generated.bar' has been successfully deployed. <<1728473486043
E_Create>>DB1>>conn>>SUCCESS>>1728473514792
BIP9332I<<Application 'E_Create' has been changed successfully. <<1728473514792
BIP9326I<<The source 'E_Createproject.generated.bar' has been successfully deployed. <<1728473514792
E_Create>>DB1>>conn>>WARNING>>1728473721891
BIP9318E<<Request to 'PreSetupValidate' resource 'E_Create', 'E_Create' of type 'Application' failed. <<1728473721891
BIP2496E<<(.DB_loop_Compute.CopyEntireMessage, 12.7) : Illegal data type for target. A non-list field reference is required. <<1728473721891
BIP9333W<<Application 'E_Create' has been changed but contains errors which has prevented some resources from starting. <<1728473721891
BIP1096E<<The source 'E_Createproject.generated.bar' has been deployed but there were one or more failures which may mean the deployed resources will be unable to execute. <<1728473721891
E_Create>>DB1>>conn>>WARNING>>1728473760735
BIP9318E<<Request to 'PreSetupValidate' resource 'E_Create', 'E_Create' of type 'Application' failed. <<1728473760735
BIP2497E<<(.DB_loop_Compute.CopyEntireMessage, 12.7) : Illegal data type for target. A list field reference is required. <<1728473760735
BIP9333W<<Application 'E_Create' has been changed but contains errors which has prevented some resources from starting. <<1728473760735
BIP1096E<<The source 'E_Createproject.generated.bar' has been deployed but there were one or more failures which may mean the deployed resources will be unable to execute. <<1728473760735
E_Create>>DB1>>conn>>WARNING>>1728473785780
BIP9318E<<Request to 'PreSetupValidate' resource 'E_Create', 'E_Create' of type 'Application' failed. <<1728473785780
BIP2496E<<(.DB_loop_Compute.CopyEntireMessage, 12.7) : Illegal data type for target. A non-list field reference is required. <<1728473785780
BIP9333W<<Application 'E_Create' has been changed but contains errors which has prevented some resources from starting. <<1728473785780
BIP1096E<<The source 'E_Createproject.generated.bar' has been deployed but there were one or more failures which may mean the deployed resources will be unable to execute. <<1728473785780
E_Create>>DB1>>conn>>SUCCESS>>1728473808889
BIP9332I<<Application 'E_Create' has been changed successfully. <<1728473808889
BIP9326I<<The source 'E_Createproject.generated.bar' has been successfully deployed. <<1728473808889
E_Create>>DB1>>conn>>SUCCESS>>1728476558120
BIP9332I<<Application 'E_Create' has been changed successfully. <<1728476558120
BIP9326I<<The source 'E_Createproject.generated.bar' has been successfully deployed. <<1728476558120
E_Create>>DB1>>conn>>WARNING>>1728477022995
BIP9318E<<Request to 'PreSetupValidate' resource 'E_Create', 'E_Create' of type 'Application' failed. <<1728477022995
BIP2935E<<(.DB_loop_Compute.CopyEntireMessage, 11.28) : An expression which evaluates to a scalar variable or a field is required here. <<1728477022995
BIP9333W<<Application 'E_Create' has been changed but contains errors which has prevented some resources from starting. <<1728477022995
BIP1096E<<The source 'E_Createproject.generated.bar' has been deployed but there were one or more failures which may mean the deployed resources will be unable to execute. <<1728477022995
E_Create>>DB1>>conn>>SUCCESS>>1728477040642
BIP9332I<<Application 'E_Create' has been changed successfully. <<1728477040642
BIP9326I<<The source 'E_Createproject.generated.bar' has been successfully deployed. <<1728477040642
E_LOOP_esql>>DB1>>conn>>SUCCESS>>1728478353662
BIP9332I<<Application 'E_LOOP_esql' has been created successfully. <<1728478353662
BIP9326I<<The source 'E_LOOP_esqlproject.generated.bar' has been successfully deployed. <<1728478353662
E_LOOP_esql>>DB1>>conn>>SUCCESS>>1728478547600
BIP9332I<<Application 'E_LOOP_esql' has been changed successfully. <<1728478547600
BIP9326I<<The source 'E_LOOP_esqlproject.generated.bar' has been successfully deployed. <<1728478547600
E_LOOP_esql>>DB1>>conn>>SUCCESS>>1728478828964
BIP9332I<<Application 'E_LOOP_esql' has been changed successfully. <<1728478828964
BIP9326I<<The source 'E_LOOP_esqlproject.generated.bar' has been successfully deployed. <<1728478828964
E_Create>>DB1>>conn>>SUCCESS>>1728479150416
BIP9332I<<Application 'E_Create' has been changed successfully. <<1728479150416
BIP9326I<<The source 'E_Createproject.generated.bar' has been successfully deployed. <<1728479150416
E_Create>>DB1>>conn>>SUCCESS>>1728479316198
BIP9332I<<Application 'E_Create' has been changed successfully. <<1728479316198
BIP9326I<<The source 'E_Createproject.generated.bar' has been successfully deployed. <<1728479316198
E_Create>>DB1>>conn>>SUCCESS>>1728479372043
BIP9332I<<Application 'E_Create' has been changed successfully. <<1728479372043
BIP9326I<<The source 'E_Createproject.generated.bar' has been successfully deployed. <<1728479372043
E_Create>>DB1>>conn>>SUCCESS>>1728535450982
BIP9332I<<Application 'E_Create' has been changed successfully. <<1728535450982
BIP9326I<<The source 'E_Createproject.generated.bar' has been successfully deployed. <<1728535450982
Soap_with_attachment>>DB1>>conn>>SUCCESS>>1728536983063
BIP9332I<<Application 'Soap_with_attachment' has been created successfully. <<1728536983063
BIP9326I<<The source 'Soap_with_attachmentproject.generated.bar' has been successfully deployed. <<1728536983063
Soap_with_attachment>>DB1>>conn>>SUCCESS>>1728537068385
BIP9332I<<Application 'Soap_with_attachment' has been changed successfully. <<1728537068385
BIP9326I<<The source 'Soap_with_attachmentproject.generated.bar' has been successfully deployed. <<1728537068385
Soap_with_attachment>>DB1>>conn>>SUCCESS>>1728537162958
BIP9332I<<Application 'Soap_with_attachment' has been changed successfully. <<1728537162958
BIP9326I<<The source 'Soap_with_attachmentproject.generated.bar' has been successfully deployed. <<1728537162958
Soap_with_attachment>>DB1>>conn>>SUCCESS>>1728537289586
BIP9332I<<Application 'Soap_with_attachment' has been changed successfully. <<1728537289586
BIP9326I<<The source 'Soap_with_attachmentproject.generated.bar' has been successfully deployed. <<1728537289586
Soap_with_attachment>>DB1>>conn>>SUCCESS>>1728537506696
BIP9332I<<Application 'Soap_with_attachment' has been changed successfully. <<1728537506696
BIP9326I<<The source 'Soap_with_attachmentproject.generated.bar' has been successfully deployed. <<1728537506696
Soap_with_attachment>>DB1>>conn>>SUCCESS>>1728537523321
BIP9332I<<Application 'Soap_with_attachment' has been changed successfully. <<1728537523321
BIP9326I<<The source 'Soap_with_attachmentproject.generated.bar' has been successfully deployed. <<1728537523321
Soap_with_attachment>>DB1>>conn>>SUCCESS>>1728537745191
BIP9332I<<Application 'Soap_with_attachment' has been changed successfully. <<1728537745191
BIP9326I<<The source 'Soap_with_attachmentproject.generated.bar' has been successfully deployed. <<1728537745191
E_Create>>DB1>>conn>>SUCCESS>>1728541730703
BIP9332I<<Application 'E_Create' has been created successfully. <<1728541730703
BIP9326I<<The source 'E_Createproject.generated.bar' has been successfully deployed. <<1728541730703
00110101010Broker_schema>>DB1>>conn>>SUCCESS>>1728544306692
BIP9332I<<Application '00110101010Broker_schema' has been created successfully. <<1728544306692
BIP9326I<<The source '00110101010Broker_schemaproject.generated.bar' has been successfully deployed. <<1728544306692
00110101010Broker_schema>>DB1>>conn>>SUCCESS>>1728544403617
BIP9332I<<Application '00110101010Broker_schema' has been changed successfully. <<1728544403617
BIP9326I<<The source '00110101010Broker_schemaproject.generated.bar' has been successfully deployed. <<1728544403617
00110101010Broker_schema>>DB1>>conn>>SUCCESS>>1728544452839
BIP9332I<<Application '00110101010Broker_schema' has been changed successfully. <<1728544452839
BIP9326I<<The source '00110101010Broker_schemaproject.generated.bar' has been successfully deployed. <<1728544452839
00110101010Broker_schema>>DB1>>conn>>SUCCESS>>1728544475321
BIP9332I<<Application '00110101010Broker_schema' has been changed successfully. <<1728544475321
BIP9326I<<The source '00110101010Broker_schemaproject.generated.bar' has been successfully deployed. <<1728544475321
00110101010Broker_schema>>DB1>>conn>>WARNING>>1728549586346
BIP9318E<<Request to 'PreSetupValidate' resource '00110101010Broker_schema', '00110101010Broker_schema' of type 'Application' failed. <<1728549586346
BIP2912E<<(schema2.add, 3.5) : Type mismatch on RETURN <<1728549586346
BIP9333W<<Application '00110101010Broker_schema' has been changed but contains errors which has prevented some resources from starting. <<1728549586346
BIP1096E<<The source '00110101010Broker_schemaproject.generated.bar' has been deployed but there were one or more failures which may mean the deployed resources will be unable to execute. <<1728549586346
00110101010Broker_schema>>DB1>>conn>>SUCCESS>>1728549633612
BIP9332I<<Application '00110101010Broker_schema' has been changed successfully. <<1728549633612
BIP9326I<<The source '00110101010Broker_schemaproject.generated.bar' has been successfully deployed. <<1728549633612
00110101010Broker_schema>>DB1>>conn>>SUCCESS>>1728549992126
BIP9332I<<SharedLibrary 'test_Broker_schema' has been created successfully. <<1728549992126
BIP9332I<<Application '00110101010Broker_schema' has been changed successfully. <<1728549992126
BIP9326I<<The source '00110101010Broker_schemaproject.generated.bar' has been successfully deployed. <<1728549992126
010101Brokerschema2>>DB1>>conn>>SUCCESS>>1728550934769
BIP9332I<<Application '010101Brokerschema2' has been created successfully. <<1728550934769
BIP9326I<<The source '010101Brokerschema2project.generated.bar' has been successfully deployed. <<1728550934769
00110101010Broker_schema>>DB1>>conn>>SUCCESS>>1728554362202
BIP9332I<<Application '00110101010Broker_schema' has been created successfully. <<1728554362202
BIP9332I<<SharedLibrary 'test_Broker_schema' has been created successfully. <<1728554362202
BIP9326I<<The source '00110101010Broker_schemaproject.generated.bar' has been successfully deployed. <<1728554362202
00110101010Broker_schema>>DB1>>conn>>SUCCESS>>1728555425429
BIP9332I<<Application '00110101010Broker_schema' has been changed successfully. <<1728555425429
BIP9332I<<SharedLibrary 'test_Broker_schema' has been changed successfully. <<1728555425429
BIP9326I<<The source '00110101010Broker_schemaproject.generated.bar' has been successfully deployed. <<1728555425429
00110101010Broker_schema>>DB1>>conn>>SUCCESS>>1728555470532
BIP9332I<<Application '00110101010Broker_schema' has been changed successfully. <<1728555470532
BIP9332I<<SharedLibrary 'test_Broker_schema' has been changed successfully. <<1728555470532
BIP9326I<<The source '00110101010Broker_schemaproject.generated.bar' has been successfully deployed. <<1728555470532
00110101010Broker_schema>>DB1>>conn>>SUCCESS>>1728555488908
BIP9332I<<Application '00110101010Broker_schema' has been changed successfully. <<1728555488908
BIP9332I<<SharedLibrary 'test_Broker_schema' has been changed successfully. <<1728555488908
BIP9326I<<The source '00110101010Broker_schemaproject.generated.bar' has been successfully deployed. <<1728555488908
Application_q123>>DB1>>conn>>SUCCESS>>1728556456746
BIP9332I<<Application 'Application_q123' has been created successfully. <<1728556456746
BIP9326I<<The source 'Application_q123project.generated.bar' has been successfully deployed. <<1728556456746
Application_q123>>DB1>>conn>>SUCCESS>>1728556530264
BIP9332I<<Application 'Application_q123' has been changed successfully. <<1728556530264
BIP9326I<<The source 'Application_q123project.generated.bar' has been successfully deployed. <<1728556530264
Application_q123>>DB1>>conn>>SUCCESS>>1728556567192
BIP9332I<<Application 'Application_q123' has been changed successfully. <<1728556567192
BIP9326I<<The source 'Application_q123project.generated.bar' has been successfully deployed. <<1728556567192
010101Brokerschema2>>DB1>>conn>>SUCCESS>>1728622284158
BIP9332I<<Application '010101Brokerschema2' has been created successfully. <<1728622284158
BIP9326I<<The source '010101Brokerschema2project.generated.bar' has been successfully deployed. <<1728622284158
010101Brokerschema2>>DB1>>conn>>SUCCESS>>1728622347875
BIP9332I<<Application '010101Brokerschema2' has been changed successfully. <<1728622347875
BIP9326I<<The source '010101Brokerschema2project.generated.bar' has been successfully deployed. <<1728622347875
010101Brokerschema2>>DB1>>conn>>SUCCESS>>1728622485913
BIP9332I<<Application '010101Brokerschema2' has been changed successfully. <<1728622485913
BIP9326I<<The source '010101Brokerschema2project.generated.bar' has been successfully deployed. <<1728622485913
010101Brokerschema2>>DB1>>conn>>SUCCESS>>1728622546851
BIP9332I<<Application '010101Brokerschema2' has been created successfully. <<1728622546851
BIP9326I<<The source '010101Brokerschema2project.generated.bar' has been successfully deployed. <<1728622546851
010101Brokerschema2>>DB1>>conn>>SUCCESS>>1728622616838
BIP9332I<<Application '010101Brokerschema2' has been changed successfully. <<1728622616838
BIP9326I<<The source '010101Brokerschema2project.generated.bar' has been successfully deployed. <<1728622616838
0121Application_q123>>DB1>>conn>>SUCCESS>>1728622920006
BIP9332I<<Application '0121Application_q123' has been created successfully. <<1728622920006
BIP9326I<<The source '0121Application_q123project.generated.bar' has been successfully deployed. <<1728622920006
0121Application_q123>>DB1>>conn>>SUCCESS>>1728622943360
BIP9332I<<Application '0121Application_q123' has been changed successfully. <<1728622943360
BIP9326I<<The source '0121Application_q123project.generated.bar' has been successfully deployed. <<1728622943360
0121Application_q123>>DB1>>conn>>SUCCESS>>1728622976288
BIP9332I<<Application '0121Application_q123' has been changed successfully. <<1728622976288
BIP9326I<<The source '0121Application_q123project.generated.bar' has been successfully deployed. <<1728622976288
0121Application_q123>>DB1>>conn>>SUCCESS>>1728623030113
BIP9332I<<Application '0121Application_q123' has been changed successfully. <<1728623030113
BIP9326I<<The source '0121Application_q123project.generated.bar' has been successfully deployed. <<1728623030113
0121Application_q123>>DB1>>conn>>SUCCESS>>1728623072766
BIP9332I<<Application '0121Application_q123' has been changed successfully. <<1728623072766
BIP9326I<<The source '0121Application_q123project.generated.bar' has been successfully deployed. <<1728623072766
0121Application_q123>>DB1>>conn>>SUCCESS>>1728623128670
BIP9332I<<Application '0121Application_q123' has been changed successfully. <<1728623128670
BIP9326I<<The source '0121Application_q123project.generated.bar' has been successfully deployed. <<1728623128670
0121Application_q123>>DB1>>conn>>SUCCESS>>1728626051246
BIP9332I<<Application '0121Application_q123' has been changed successfully. <<1728626051246
BIP9326I<<The source '0121Application_q123project.generated.bar' has been successfully deployed. <<1728626051246
0121Application_q123>>DB1>>conn>>SUCCESS>>1728626079269
BIP9332I<<Application '0121Application_q123' has been changed successfully. <<1728626079269
BIP9326I<<The source '0121Application_q123project.generated.bar' has been successfully deployed. <<1728626079269
0121Application_q123>>DB1>>conn>>SUCCESS>>1728626426050
BIP9332I<<Application '0121Application_q123' has been changed successfully. <<1728626426050
BIP9326I<<The source '0121Application_q123project.generated.bar' has been successfully deployed. <<1728626426050
0121Application_q123>>DB1>>conn>>SUCCESS>>1728642554831
BIP9332I<<Application '0121Application_q123' has been changed successfully. <<1728642554831
BIP9326I<<The source '0121Application_q123project.generated.bar' has been successfully deployed. <<1728642554831
0121Application_q123>>DB1>>conn>>SUCCESS>>1728642630792
BIP9332I<<Application '0121Application_q123' has been changed successfully. <<1728642630792
BIP9326I<<The source '0121Application_q123project.generated.bar' has been successfully deployed. <<1728642630792
0121Application_q123>>DB1>>conn>>SUCCESS>>1728642694401
BIP9332I<<Application '0121Application_q123' has been changed successfully. <<1728642694401
BIP9326I<<The source '0121Application_q123project.generated.bar' has been successfully deployed. <<1728642694401
0121Application_q123>>DB1>>conn>>SUCCESS>>1728650497073
BIP9332I<<Application '0121Application_q123' has been changed successfully. <<1728650497073
BIP9326I<<The source '0121Application_q123project.generated.bar' has been successfully deployed. <<1728650497073
0121Application_q123>>DB1>>conn>>SUCCESS>>1728651073948
BIP9332I<<Application '0121Application_q123' has been changed successfully. <<1728651073948
BIP9326I<<The source '0121Application_q123project.generated.bar' has been successfully deployed. <<1728651073948
0121Application_q123>>DB1>>conn>>SUCCESS>>1728651147283
BIP9332I<<Application '0121Application_q123' has been changed successfully. <<1728651147283
BIP9326I<<The source '0121Application_q123project.generated.bar' has been successfully deployed. <<1728651147283
0121Application_q123>>DB1>>conn>>SUCCESS>>1728651255598
BIP9332I<<Application '0121Application_q123' has been changed successfully. <<1728651255598
BIP9326I<<The source '0121Application_q123project.generated.bar' has been successfully deployed. <<1728651255598
0121Application_q123>>DB1>>conn>>SUCCESS>>1728651345155
BIP9332I<<Application '0121Application_q123' has been changed successfully. <<1728651345155
BIP9326I<<The source '0121Application_q123project.generated.bar' has been successfully deployed. <<1728651345155
0121Application_q123>>DB1>>conn>>SUCCESS>>1728651387616
BIP9332I<<Application '0121Application_q123' has been changed successfully. <<1728651387616
BIP9326I<<The source '0121Application_q123project.generated.bar' has been successfully deployed. <<1728651387616
0121Application_q123>>DB1>>conn>>SUCCESS>>1728651427219
BIP9332I<<Application '0121Application_q123' has been changed successfully. <<1728651427219
BIP9326I<<The source '0121Application_q123project.generated.bar' has been successfully deployed. <<1728651427219
0121Application_q123>>DB1>>conn>>SUCCESS>>1728651542838
BIP9332I<<Application '0121Application_q123' has been changed successfully. <<1728651542838
BIP9326I<<The source '0121Application_q123project.generated.bar' has been successfully deployed. <<1728651542838
0121Application_q123>>DB1>>conn>>SUCCESS>>1728651632451
BIP9332I<<Application '0121Application_q123' has been changed successfully. <<1728651632451
BIP9326I<<The source '0121Application_q123project.generated.bar' has been successfully deployed. <<1728651632451
0121Application_q123>>DB1>>conn>>SUCCESS>>1728651676433
BIP9332I<<Application '0121Application_q123' has been changed successfully. <<1728651676433
BIP9326I<<The source '0121Application_q123project.generated.bar' has been successfully deployed. <<1728651676433
0121Application_q123>>DB1>>conn>>SUCCESS>>1728651732229
BIP9332I<<Application '0121Application_q123' has been changed successfully. <<1728651732229
BIP9326I<<The source '0121Application_q123project.generated.bar' has been successfully deployed. <<1728651732229
0121Application_q123>>DB1>>conn>>SUCCESS>>1728651746957
BIP9332I<<Application '0121Application_q123' has been changed successfully. <<1728651746957
BIP9326I<<The source '0121Application_q123project.generated.bar' has been successfully deployed. <<1728651746957
0121Application_q123>>DB1>>conn>>SUCCESS>>1728651855770
BIP9332I<<Application '0121Application_q123' has been changed successfully. <<1728651855770
BIP9326I<<The source '0121Application_q123project.generated.bar' has been successfully deployed. <<1728651855770
0121Application_q123>>DB1>>conn>>SUCCESS>>1728652216163
BIP9332I<<Application '0121Application_q123' has been changed successfully. <<1728652216163
BIP9326I<<The source '0121Application_q123project.generated.bar' has been successfully deployed. <<1728652216163
0121Application_q123>>DB1>>conn>>SUCCESS>>1728652280209
BIP9332I<<Application '0121Application_q123' has been changed successfully. <<1728652280209
BIP9326I<<The source '0121Application_q123project.generated.bar' has been successfully deployed. <<1728652280209
0121Application_q123>>DB1>>conn>>SUCCESS>>1728653209340
BIP9332I<<Application '0121Application_q123' has been changed successfully. <<1728653209340
BIP9326I<<The source '0121Application_q123project.generated.bar' has been successfully deployed. <<1728653209340
0121Application_q123>>DB1>>conn>>SUCCESS>>1728652779582
BIP9332I<<Application '0121Application_q123' has been changed successfully. <<1728652779582
BIP9326I<<The source '0121Application_q123project.generated.bar' has been successfully deployed. <<1728652779582
0121Application_q123>>DB1>>conn>>SUCCESS>>1728652831178
BIP9332I<<Application '0121Application_q123' has been changed successfully. <<1728652831178
BIP9326I<<The source '0121Application_q123project.generated.bar' has been successfully deployed. <<1728652831178
0121Application_q123>>DB1>>conn>>WARNING>>1728884468080
BIP9318E<<Request to 'PreSetupValidate' resource '0121Application_q123', '0121Application_q123' of type 'Application' failed. <<1728884468080
BIP2935E<<(.Fild_name_function_Compute.CopyEntireMessage, 43.28) : An expression which evaluates to a scalar variable or a field is required here. <<1728884468080
BIP9333W<<Application '0121Application_q123' has been changed but contains errors which has prevented some resources from starting. <<1728884468080
BIP1096E<<The source '0121Application_q123project.generated.bar' has been deployed but there were one or more failures which may mean the deployed resources will be unable to execute. <<1728884468080
0121Application_q123>>DB1>>conn>>SUCCESS>>1728884495341
BIP9332I<<Application '0121Application_q123' has been changed successfully. <<1728884495341
BIP9326I<<The source '0121Application_q123project.generated.bar' has been successfully deployed. <<1728884495341
0121Application_q123>>DB1>>conn>>SUCCESS>>1728884505519
BIP9332I<<Application '0121Application_q123' has been changed successfully. <<1728884505519
BIP9326I<<The source '0121Application_q123project.generated.bar' has been successfully deployed. <<1728884505519
0121Application_q123>>DB1>>conn>>SUCCESS>>1728884557624
BIP9332I<<Application '0121Application_q123' has been changed successfully. <<1728884557624
BIP9326I<<The source '0121Application_q123project.generated.bar' has been successfully deployed. <<1728884557624
0121Application_q123>>DB1>>conn>>SUCCESS>>1728884741441
BIP9332I<<Application '0121Application_q123' has been changed successfully. <<1728884741441
BIP9326I<<The source '0121Application_q123project.generated.bar' has been successfully deployed. <<1728884741441
0121Application_q123>>DB1>>conn>>SUCCESS>>1728884959497
BIP9332I<<Application '0121Application_q123' has been changed successfully. <<1728884959497
BIP9326I<<The source '0121Application_q123project.generated.bar' has been successfully deployed. <<1728884959497
0121Application_q123>>DB1>>conn>>SUCCESS>>1728886035518
BIP9332I<<Application '0121Application_q123' has been changed successfully. <<1728886035518
BIP9326I<<The source '0121Application_q123project.generated.bar' has been successfully deployed. <<1728886035518
0121Application_q123>>DB1>>conn>>SUCCESS>>1728886750100
BIP9332I<<Application '0121Application_q123' has been changed successfully. <<1728886750100
BIP9326I<<The source '0121Application_q123project.generated.bar' has been successfully deployed. <<1728886750100
0121Application_q123>>DB1>>conn>>SUCCESS>>1728889552884
BIP9332I<<Application '0121Application_q123' has been changed successfully. <<1728889552884
BIP9326I<<The source '0121Application_q123project.generated.bar' has been successfully deployed. <<1728889552884
0121Application_q123>>DB1>>conn>>SUCCESS>>1728890370190
BIP9332I<<Application '0121Application_q123' has been changed successfully. <<1728890370190
BIP9326I<<The source '0121Application_q123project.generated.bar' has been successfully deployed. <<1728890370190
0121Application_q123>>DB1>>conn>>SUCCESS>>1728890513553
BIP9332I<<Application '0121Application_q123' has been changed successfully. <<1728890513553
BIP9326I<<The source '0121Application_q123project.generated.bar' has been successfully deployed. <<1728890513553
0121Application_q123>>DB1>>conn>>SUCCESS>>1728890556541
BIP9332I<<Application '0121Application_q123' has been changed successfully. <<1728890556541
BIP9326I<<The source '0121Application_q123project.generated.bar' has been successfully deployed. <<1728890556541
0121Application_q123>>DB1>>conn>>SUCCESS>>1728896343333
BIP9332I<<Application '0121Application_q123' has been changed successfully. <<1728896343333
BIP9326I<<The source '0121Application_q123project.generated.bar' has been successfully deployed. <<1728896343333
0121Application_q123>>DB1>>conn>>SUCCESS>>1728896400771
BIP9332I<<Application '0121Application_q123' has been changed successfully. <<1728896400771
BIP9326I<<The source '0121Application_q123project.generated.bar' has been successfully deployed. <<1728896400771
0121Application_q123>>DB1>>conn>>SUCCESS>>1728903005380
BIP9332I<<Application '0121Application_q123' has been changed successfully. <<1728903005380
BIP9326I<<The source '0121Application_q123project.generated.bar' has been successfully deployed. <<1728903005380
0121Application_q123>>DB1>>conn>>SUCCESS>>1728903925773
BIP9332I<<Application '0121Application_q123' has been changed successfully. <<1728903925773
BIP9326I<<The source '0121Application_q123project.generated.bar' has been successfully deployed. <<1728903925773
0121Application_q123>>DB1>>conn>>SUCCESS>>1728903954762
BIP9332I<<Application '0121Application_q123' has been changed successfully. <<1728903954762
BIP9326I<<The source '0121Application_q123project.generated.bar' has been successfully deployed. <<1728903954762
0121Application_q123>>DB1>>conn>>SUCCESS>>1728904005674
BIP9332I<<Application '0121Application_q123' has been changed successfully. <<1728904005674
BIP9326I<<The source '0121Application_q123project.generated.bar' has been successfully deployed. <<1728904005674
0121Application_q123>>DB1>>conn>>SUCCESS>>1728904186491
BIP9332I<<Application '0121Application_q123' has been changed successfully. <<1728904186491
BIP9326I<<The source '0121Application_q123project.generated.bar' has been successfully deployed. <<1728904186491
0121Application_q123>>DB1>>conn>>SUCCESS>>1728904244845
BIP9332I<<Application '0121Application_q123' has been changed successfully. <<1728904244845
BIP9326I<<The source '0121Application_q123project.generated.bar' has been successfully deployed. <<1728904244845
0121Application_q123>>DB1>>conn>>SUCCESS>>1728904322582
BIP9332I<<Application '0121Application_q123' has been changed successfully. <<1728904322582
BIP9326I<<The source '0121Application_q123project.generated.bar' has been successfully deployed. <<1728904322582
0121Application_q123>>DB1>>conn>>SUCCESS>>1728904345501
BIP9332I<<Application '0121Application_q123' has been changed successfully. <<1728904345501
BIP9326I<<The source '0121Application_q123project.generated.bar' has been successfully deployed. <<1728904345501
0121Application_q123>>DB1>>conn>>SUCCESS>>1728904384786
BIP9332I<<Application '0121Application_q123' has been changed successfully. <<1728904384786
BIP9326I<<The source '0121Application_q123project.generated.bar' has been successfully deployed. <<1728904384786
0121Application_q123>>DB1>>conn>>SUCCESS>>1728904464984
BIP9332I<<Application '0121Application_q123' has been changed successfully. <<1728904464984
BIP9326I<<The source '0121Application_q123project.generated.bar' has been successfully deployed. <<1728904464984
0121Application_q123>>DB1>>conn>>SUCCESS>>1728904558246
BIP9332I<<Application '0121Application_q123' has been changed successfully. <<1728904558246
BIP9326I<<The source '0121Application_q123project.generated.bar' has been successfully deployed. <<1728904558246
0121Application_q123>>DB1>>conn>>SUCCESS>>1728904610364
BIP9332I<<Application '0121Application_q123' has been changed successfully. <<1728904610364
BIP9326I<<The source '0121Application_q123project.generated.bar' has been successfully deployed. <<1728904610364
0121Application_q123>>DB1>>conn>>SUCCESS>>1728904632505
BIP9332I<<Application '0121Application_q123' has been changed successfully. <<1728904632505
BIP9326I<<The source '0121Application_q123project.generated.bar' has been successfully deployed. <<1728904632505
0121Application_q123>>DB1>>conn>>SUCCESS>>1728904678114
BIP9332I<<Application '0121Application_q123' has been changed successfully. <<1728904678114
BIP9326I<<The source '0121Application_q123project.generated.bar' has been successfully deployed. <<1728904678114
0121Application_q123>>DB1>>conn>>SUCCESS>>1728904859995
BIP9332I<<Application '0121Application_q123' has been changed successfully. <<1728904859995
BIP9326I<<The source '0121Application_q123project.generated.bar' has been successfully deployed. <<1728904859995
0121Application_q123>>DB1>>conn>>SUCCESS>>1728904920870
BIP9332I<<Application '0121Application_q123' has been changed successfully. <<1728904920870
BIP9326I<<The source '0121Application_q123project.generated.bar' has been successfully deployed. <<1728904920870
0121Application_q123>>DB1>>conn>>SUCCESS>>1728905421905
BIP9332I<<Application '0121Application_q123' has been changed successfully. <<1728905421905
BIP9326I<<The source '0121Application_q123project.generated.bar' has been successfully deployed. <<1728905421905
0121Application_q123>>DB1>>conn>>SUCCESS>>1728906788227
BIP9332I<<Application '0121Application_q123' has been changed successfully. <<1728906788227
BIP9326I<<The source '0121Application_q123project.generated.bar' has been successfully deployed. <<1728906788227
0121Application_q123>>DB1>>conn>>SUCCESS>>1728906863425
BIP9332I<<Application '0121Application_q123' has been changed successfully. <<1728906863425
BIP9326I<<The source '0121Application_q123project.generated.bar' has been successfully deployed. <<1728906863425
0121Application_q123>>DB1>>conn>>SUCCESS>>1728906976780
BIP9332I<<Application '0121Application_q123' has been changed successfully. <<1728906976780
BIP9326I<<The source '0121Application_q123project.generated.bar' has been successfully deployed. <<1728906976780
0121Application_q123>>DB1>>conn>>SUCCESS>>1728907488237
BIP9332I<<Application '0121Application_q123' has been changed successfully. <<1728907488237
BIP9326I<<The source '0121Application_q123project.generated.bar' has been successfully deployed. <<1728907488237
0121Application_q123>>DB1>>conn>>SUCCESS>>1728909482268
BIP9332I<<Application '0121Application_q123' has been changed successfully. <<1728909482268
BIP9326I<<The source '0121Application_q123project.generated.bar' has been successfully deployed. <<1728909482268
0121Application_q123>>DB1>>conn>>SUCCESS>>1728909512885
BIP9332I<<Application '0121Application_q123' has been changed successfully. <<1728909512885
BIP9326I<<The source '0121Application_q123project.generated.bar' has been successfully deployed. <<1728909512885
0121Application_q123>>DB1>>conn>>WARNING>>1728913646817
BIP9318E<<Request to 'PreSetupValidate' resource '0121Application_q123', '0121Application_q123' of type 'Application' failed. <<1728913646817
BIP2432E<<(.shakti_man_Compute.CopyEntireMessage, 13.46) : The correlation name 'kref' is not valid. Those in scope are: Environment, InputLocalEnvironment, OutputLocalEnvironment, InputRoot, InputBody, InputProperties, OutputRoot, InputExceptionList, OutputExceptionList, InputDestinationList, OutputDestinationList, ref. <<1728913646817
BIP9333W<<Application '0121Application_q123' has been changed but contains errors which has prevented some resources from starting. <<1728913646817
BIP1096E<<The source '0121Application_q123project.generated.bar' has been deployed but there were one or more failures which may mean the deployed resources will be unable to execute. <<1728913646817
0121Application_q123>>DB1>>conn>>WARNING>>1728913695095
BIP9318E<<Request to 'PreSetupValidate' resource '0121Application_q123', '0121Application_q123' of type 'Application' failed. <<1728913695095
BIP2432E<<(.shakti_man_Compute.CopyEntireMessage, 13.46) : The correlation name 'kref' is not valid. Those in scope are: Environment, InputLocalEnvironment, OutputLocalEnvironment, InputRoot, InputBody, InputProperties, OutputRoot, InputExceptionList, OutputExceptionList, InputDestinationList, OutputDestinationList, ref. <<1728913695095
BIP9333W<<Application '0121Application_q123' has been changed but contains errors which has prevented some resources from starting. <<1728913695095
BIP1096E<<The source '0121Application_q123project.generated.bar' has been deployed but there were one or more failures which may mean the deployed resources will be unable to execute. <<1728913695095
0121Application_q123>>DB1>>conn>>WARNING>>1728913767431
BIP9318E<<Request to 'PreSetupValidate' resource '0121Application_q123', '0121Application_q123' of type 'Application' failed. <<1728913767431
BIP2432E<<(.tufaan_Compute.CopyEntireMessage, 100.11) : The correlation name 'itemref' is not valid. Those in scope are: Environment, InputLocalEnvironment, OutputLocalEnvironment, InputRoot, InputBody, InputProperties, OutputRoot, InputExceptionList, OutputExceptionList, InputDestinationList, OutputDestinationList, inref, outref, itm. <<1728913767431
BIP9333W<<Application '0121Application_q123' has been changed but contains errors which has prevented some resources from starting. <<1728913767431
BIP1096E<<The source '0121Application_q123project.generated.bar' has been deployed but there were one or more failures which may mean the deployed resources will be unable to execute. <<1728913767431
0121Application_q123>>DB1>>conn>>WARNING>>1728913814495
BIP9318E<<Request to 'PreSetupValidate' resource '0121Application_q123', '0121Application_q123' of type 'Application' failed. <<1728913814495
BIP2432E<<(.tufaan_Compute.CopyEntireMessage, 100.11) : The correlation name 'itemref' is not valid. Those in scope are: Environment, InputLocalEnvironment, OutputLocalEnvironment, InputRoot, InputBody, InputProperties, OutputRoot, InputExceptionList, OutputExceptionList, InputDestinationList, OutputDestinationList, inref, outref, itm. <<1728913814495
BIP9333W<<Application '0121Application_q123' has been changed but contains errors which has prevented some resources from starting. <<1728913814495
BIP1096E<<The source '0121Application_q123project.generated.bar' has been deployed but there were one or more failures which may mean the deployed resources will be unable to execute. <<1728913814495
0121Application_q123>>DB1>>conn>>SUCCESS>>1728913844807
BIP9332I<<Application '0121Application_q123' has been changed successfully. <<1728913844807
BIP9326I<<The source '0121Application_q123project.generated.bar' has been successfully deployed. <<1728913844807
0121Application_q123>>DB1>>conn>>SUCCESS>>1728914005931
BIP9332I<<Application '0121Application_q123' has been changed successfully. <<1728914005931
BIP9326I<<The source '0121Application_q123project.generated.bar' has been successfully deployed. <<1728914005931
0121Application_q123>>DB1>>conn>>WARNING>>1728983742356
BIP9320E<<Message Flow 'DT_function', 'DT_function' encountered a failure and could not start. <<1728983742356
BIP4001E<<Syntax error in SQL statements in node '{0}'. <<1728983742356
BIP4055E<<(.data, 1.1) : User defined attribute must specify an initial value expression. <<1728983742356
BIP9320E<<Message Flow 'FIELDNAME', 'FIELDNAME' encountered a failure and could not start. <<1728983742356
BIP4001E<<Syntax error in SQL statements in node '{0}'. <<1728983742356
BIP4055E<<(.data, 1.1) : User defined attribute must specify an initial value expression. <<1728983742356
BIP9320E<<Message Flow 'Fild_function', 'Fild_function' encountered a failure and could not start. <<1728983742356
BIP4001E<<Syntax error in SQL statements in node '{0}'. <<1728983742356
BIP4055E<<(.data, 1.1) : User defined attribute must specify an initial value expression. <<1728983742356
BIP9320E<<Message Flow 'Fild_name_function', 'Fild_name_function' encountered a failure and could not start. <<1728983742356
BIP4001E<<Syntax error in SQL statements in node '{0}'. <<1728983742356
BIP4055E<<(.data, 1.1) : User defined attribute must specify an initial value expression. <<1728983742356
BIP9320E<<Message Flow 'aswewe', 'aswewe' encountered a failure and could not start. <<1728983742356
BIP4001E<<Syntax error in SQL statements in node '{0}'. <<1728983742356
BIP4055E<<(.data, 1.1) : User defined attribute must specify an initial value expression. <<1728983742356
BIP9333W<<Application '0121Application_q123' has been changed but contains errors which has prevented some resources from starting. <<1728983742356
BIP1096E<<The source '0121Application_q123project.generated.bar' has been deployed but there were one or more failures which may mean the deployed resources will be unable to execute. <<1728983742356
0121Application_q123>>DB1>>conn>>WARNING>>1728983791771
BIP9320E<<Message Flow 'DT_function', 'DT_function' encountered a failure and could not start. <<1728983791771
BIP4001E<<Syntax error in SQL statements in node '{0}'. <<1728983791771
BIP4055E<<(.data, 1.1) : User defined attribute must specify an initial value expression. <<1728983791771
BIP9320E<<Message Flow 'FIELDNAME', 'FIELDNAME' encountered a failure and could not start. <<1728983791771
BIP4001E<<Syntax error in SQL statements in node '{0}'. <<1728983791771
BIP4055E<<(.data, 1.1) : User defined attribute must specify an initial value expression. <<1728983791771
BIP9320E<<Message Flow 'Fild_function', 'Fild_function' encountered a failure and could not start. <<1728983791771
BIP4001E<<Syntax error in SQL statements in node '{0}'. <<1728983791771
BIP4055E<<(.data, 1.1) : User defined attribute must specify an initial value expression. <<1728983791771
BIP9320E<<Message Flow 'Fild_name_function', 'Fild_name_function' encountered a failure and could not start. <<1728983791771
BIP4001E<<Syntax error in SQL statements in node '{0}'. <<1728983791771
BIP4055E<<(.data, 1.1) : User defined attribute must specify an initial value expression. <<1728983791771
BIP9320E<<Message Flow 'aswewe', 'aswewe' encountered a failure and could not start. <<1728983791771
BIP4001E<<Syntax error in SQL statements in node '{0}'. <<1728983791771
BIP4055E<<(.data, 1.1) : User defined attribute must specify an initial value expression. <<1728983791771
BIP9333W<<Application '0121Application_q123' has been changed but contains errors which has prevented some resources from starting. <<1728983791771
BIP1096E<<The source '0121Application_q123project.generated.bar' has been deployed but there were one or more failures which may mean the deployed resources will be unable to execute. <<1728983791771
0121Application_q123>>DB1>>conn>>WARNING>>1728983895064
BIP9320E<<Message Flow 'DT_function', 'DT_function' encountered a failure and could not start. <<1728983895064
BIP4001E<<Syntax error in SQL statements in node '{0}'. <<1728983895064
BIP4055E<<(.data, 1.1) : User defined attribute must specify an initial value expression. <<1728983895064
BIP9320E<<Message Flow 'FIELDNAME', 'FIELDNAME' encountered a failure and could not start. <<1728983895064
BIP4001E<<Syntax error in SQL statements in node '{0}'. <<1728983895064
BIP4055E<<(.data, 1.1) : User defined attribute must specify an initial value expression. <<1728983895064
BIP9320E<<Message Flow 'Fild_function', 'Fild_function' encountered a failure and could not start. <<1728983895064
BIP4001E<<Syntax error in SQL statements in node '{0}'. <<1728983895064
BIP4055E<<(.data, 1.1) : User defined attribute must specify an initial value expression. <<1728983895064
BIP9320E<<Message Flow 'Fild_name_function', 'Fild_name_function' encountered a failure and could not start. <<1728983895064
BIP4001E<<Syntax error in SQL statements in node '{0}'. <<1728983895064
BIP4055E<<(.data, 1.1) : User defined attribute must specify an initial value expression. <<1728983895064
BIP9320E<<Message Flow 'aswewe', 'aswewe' encountered a failure and could not start. <<1728983895064
BIP4001E<<Syntax error in SQL statements in node '{0}'. <<1728983895064
BIP4055E<<(.data, 1.1) : User defined attribute must specify an initial value expression. <<1728983895064
BIP9333W<<Application '0121Application_q123' has been created but contains errors which has prevented some resources from starting. <<1728983895064
BIP1096E<<The source '0121Application_q123project.generated.bar' has been deployed but there were one or more failures which may mean the deployed resources will be unable to execute. <<1728983895064
01010101111010Date&time_fun>>DB1>>conn>>SUCCESS>>1728984017931
BIP9332I<<Application '01010101111010Date&time_fun' has been created successfully. <<1728984017931
BIP9326I<<The source '01010101111010Date&time_funproject.generated.bar' has been successfully deployed. <<1728984017931
01010101111010Date&time_fun>>DB1>>conn>>SUCCESS>>1728984048703
BIP9332I<<Application '01010101111010Date&time_fun' has been changed successfully. <<1728984048703
BIP9326I<<The source '01010101111010Date&time_funproject.generated.bar' has been successfully deployed. <<1728984048703
01010101111010Date&time_fun>>DB1>>conn>>SUCCESS>>1728984078448
BIP9332I<<Application '01010101111010Date&time_fun' has been changed successfully. <<1728984078448
BIP9326I<<The source '01010101111010Date&time_funproject.generated.bar' has been successfully deployed. <<1728984078448
01010101111010Date&time_fun>>DB1>>conn>>SUCCESS>>1728984105801
BIP9332I<<Application '01010101111010Date&time_fun' has been changed successfully. <<1728984105801
BIP9326I<<The source '01010101111010Date&time_funproject.generated.bar' has been successfully deployed. <<1728984105801
01010101111010Date&time_fun>>DB1>>conn>>SUCCESS>>1728984365913
BIP9332I<<Application '01010101111010Date&time_fun' has been changed successfully. <<1728984365913
BIP9326I<<The source '01010101111010Date&time_funproject.generated.bar' has been successfully deployed. <<1728984365913
01010101111010Date&time_fun>>DB1>>conn>>SUCCESS>>1728984734585
BIP9332I<<Application '01010101111010Date&time_fun' has been changed successfully. <<1728984734585
BIP9326I<<The source '01010101111010Date&time_funproject.generated.bar' has been successfully deployed. <<1728984734585
01010101111010Date&time_fun>>DB1>>conn>>SUCCESS>>1728984797333
BIP9332I<<Application '01010101111010Date&time_fun' has been changed successfully. <<1728984797333
BIP9326I<<The source '01010101111010Date&time_funproject.generated.bar' has been successfully deployed. <<1728984797333
01010101111010Date&time_fun>>DB1>>conn>>SUCCESS>>1728984870599
BIP9332I<<Application '01010101111010Date&time_fun' has been changed successfully. <<1728984870599
BIP9326I<<The source '01010101111010Date&time_funproject.generated.bar' has been successfully deployed. <<1728984870599
01010101111010Date&time_fun>>DB1>>conn>>SUCCESS>>1728985353652
BIP9332I<<Application '01010101111010Date&time_fun' has been changed successfully. <<1728985353652
BIP9326I<<The source '01010101111010Date&time_funproject.generated.bar' has been successfully deployed. <<1728985353652
01010101111010Date&time_fun>>DB1>>conn>>SUCCESS>>1728985445344
BIP9332I<<Application '01010101111010Date&time_fun' has been changed successfully. <<1728985445344
BIP9326I<<The source '01010101111010Date&time_funproject.generated.bar' has been successfully deployed. <<1728985445344
01010101111010Date&time_fun>>DB1>>conn>>SUCCESS>>1728985594078
BIP9332I<<Application '01010101111010Date&time_fun' has been changed successfully. <<1728985594078
BIP9326I<<The source '01010101111010Date&time_funproject.generated.bar' has been successfully deployed. <<1728985594078
01010101111010Date&time_fun>>DB1>>conn>>SUCCESS>>1728985635298
BIP9332I<<Application '01010101111010Date&time_fun' has been changed successfully. <<1728985635298
BIP9326I<<The source '01010101111010Date&time_funproject.generated.bar' has been successfully deployed. <<1728985635298
01010101111010Date&time_fun>>DB1>>conn>>SUCCESS>>1728985695797
BIP9332I<<Application '01010101111010Date&time_fun' has been changed successfully. <<1728985695797
BIP9326I<<The source '01010101111010Date&time_funproject.generated.bar' has been successfully deployed. <<1728985695797
01010101111010Date&time_fun>>DB1>>conn>>SUCCESS>>1728985718598
BIP9332I<<Application '01010101111010Date&time_fun' has been changed successfully. <<1728985718598
BIP9326I<<The source '01010101111010Date&time_funproject.generated.bar' has been successfully deployed. <<1728985718598
01010101111010Date&time_fun>>DB1>>conn>>SUCCESS>>1728985773406
BIP9332I<<Application '01010101111010Date&time_fun' has been changed successfully. <<1728985773406
BIP9326I<<The source '01010101111010Date&time_funproject.generated.bar' has been successfully deployed. <<1728985773406
01010101111010Date&time_fun>>DB1>>conn>>SUCCESS>>1728987111131
BIP9332I<<Application '01010101111010Date&time_fun' has been changed successfully. <<1728987111131
BIP9326I<<The source '01010101111010Date&time_funproject.generated.bar' has been successfully deployed. <<1728987111131
01010101111010Date&time_fun>>DB1>>conn>>SUCCESS>>1728987188718
BIP9332I<<Application '01010101111010Date&time_fun' has been changed successfully. <<1728987188718
BIP9326I<<The source '01010101111010Date&time_funproject.generated.bar' has been successfully deployed. <<1728987188718
01010101111010Date&time_fun>>DB1>>conn>>SUCCESS>>1728987344894
BIP9332I<<Application '01010101111010Date&time_fun' has been changed successfully. <<1728987344894
BIP9326I<<The source '01010101111010Date&time_funproject.generated.bar' has been successfully deployed. <<1728987344894
01010101111010Date&time_fun>>DB1>>conn>>WARNING>>1728999624455
BIP9320E<<Message Flow 'urL_encod', 'urL_encod' encountered a failure and could not start. <<1728999624455
BIP4001E<<Syntax error in SQL statements in node '{0}'. <<1728999624455
BIP4055E<<(.ext, 1.1) : User defined attribute must specify an initial value expression. <<1728999624455
BIP9333W<<Application '01010101111010Date&time_fun' has been changed but contains errors which has prevented some resources from starting. <<1728999624455
BIP1096E<<The source '01010101111010Date&time_funproject.generated.bar' has been deployed but there were one or more failures which may mean the deployed resources will be unable to execute. <<1728999624455
01010101111010Date&time_fun>>DB1>>conn>>WARNING>>1728999725512
BIP9320E<<Message Flow 'urL_encod', 'urL_encod' encountered a failure and could not start. <<1728999725512
BIP4001E<<Syntax error in SQL statements in node '{0}'. <<1728999725512
BIP4055E<<(.ext, 1.1) : User defined attribute must specify an initial value expression. <<1728999725512
BIP9333W<<Application '01010101111010Date&time_fun' has been changed but contains errors which has prevented some resources from starting. <<1728999725512
BIP1096E<<The source '01010101111010Date&time_funproject.generated.bar' has been deployed but there were one or more failures which may mean the deployed resources will be unable to execute. <<1728999725512
01010101111010Date&time_fun>>DB1>>conn>>WARNING>>1728999764454
BIP9320E<<Message Flow 'urL_encod', 'urL_encod' encountered a failure and could not start. <<1728999764454
BIP4001E<<Syntax error in SQL statements in node '{0}'. <<1728999764454
BIP4055E<<(.ext, 1.1) : User defined attribute must specify an initial value expression. <<1728999764454
BIP9333W<<Application '01010101111010Date&time_fun' has been changed but contains errors which has prevented some resources from starting. <<1728999764454
BIP1096E<<The source '01010101111010Date&time_funproject.generated.bar' has been deployed but there were one or more failures which may mean the deployed resources will be unable to execute. <<1728999764454
01010101111010Date&time_fun>>DB1>>conn>>WARNING>>1728999782785
BIP9320E<<Message Flow 'urL_encod', 'urL_encod' encountered a failure and could not start. <<1728999782785
BIP4001E<<Syntax error in SQL statements in node '{0}'. <<1728999782785
BIP4055E<<(.ext, 1.1) : User defined attribute must specify an initial value expression. <<1728999782785
BIP9333W<<Application '01010101111010Date&time_fun' has been changed but contains errors which has prevented some resources from starting. <<1728999782785
BIP1096E<<The source '01010101111010Date&time_funproject.generated.bar' has been deployed but there were one or more failures which may mean the deployed resources will be unable to execute. <<1728999782785
01010101111010Date&time_fun>>DB1>>conn>>WARNING>>1728999914064
BIP9320E<<Message Flow 'urL_encod', 'urL_encod' encountered a failure and could not start. <<1728999914064
BIP4001E<<Syntax error in SQL statements in node '{0}'. <<1728999914064
BIP4055E<<(.ext, 1.1) : User defined attribute must specify an initial value expression. <<1728999914064
BIP9333W<<Application '01010101111010Date&time_fun' has been changed but contains errors which has prevented some resources from starting. <<1728999914064
BIP1096E<<The source '01010101111010Date&time_funproject.generated.bar' has been deployed but there were one or more failures which may mean the deployed resources will be unable to execute. <<1728999914064
01010101111010Date&time_fun>>DB1>>conn>>WARNING>>1729000065525
BIP9320E<<Message Flow 'urL_encod', 'urL_encod' encountered a failure and could not start. <<1729000065525
BIP4001E<<Syntax error in SQL statements in node '{0}'. <<1729000065525
BIP4055E<<(.ext, 1.1) : User defined attribute must specify an initial value expression. <<1729000065525
BIP9333W<<Application '01010101111010Date&time_fun' has been changed but contains errors which has prevented some resources from starting. <<1729000065525
BIP1096E<<The source '01010101111010Date&time_funproject.generated.bar' has been deployed but there were one or more failures which may mean the deployed resources will be unable to execute. <<1729000065525
01010101111010Date&time_fun>>DB1>>conn>>WARNING>>1729000768871
BIP9320E<<Message Flow 'urL_encod', 'urL_encod' encountered a failure and could not start. <<1729000768871
BIP4001E<<Syntax error in SQL statements in node '{0}'. <<1729000768871
BIP4055E<<(.ext, 1.1) : User defined attribute must specify an initial value expression. <<1729000768871
BIP9333W<<Application '01010101111010Date&time_fun' has been changed but contains errors which has prevented some resources from starting. <<1729000768871
BIP1096E<<The source '01010101111010Date&time_funproject.generated.bar' has been deployed but there were one or more failures which may mean the deployed resources will be unable to execute. <<1729000768871
01010101111010Date&time_fun>>DB1>>conn>>WARNING>>1729000844882
BIP9320E<<Message Flow 'urL_encod', 'urL_encod' encountered a failure and could not start. <<1729000844882
BIP4001E<<Syntax error in SQL statements in node '{0}'. <<1729000844882
BIP4055E<<(.ext, 1.1) : User defined attribute must specify an initial value expression. <<1729000844882
BIP9333W<<Application '01010101111010Date&time_fun' has been changed but contains errors which has prevented some resources from starting. <<1729000844882
BIP1096E<<The source '01010101111010Date&time_funproject.generated.bar' has been deployed but there were one or more failures which may mean the deployed resources will be unable to execute. <<1729000844882
01010101111010Date&time_fun>>DB1>>conn>>WARNING>>1729000873171
BIP9320E<<Message Flow 'urL_encod', 'urL_encod' encountered a failure and could not start. <<1729000873171
BIP4001E<<Syntax error in SQL statements in node '{0}'. <<1729000873171
BIP4055E<<(.ext, 1.1) : User defined attribute must specify an initial value expression. <<1729000873171
BIP9333W<<Application '01010101111010Date&time_fun' has been changed but contains errors which has prevented some resources from starting. <<1729000873171
BIP1096E<<The source '01010101111010Date&time_funproject.generated.bar' has been deployed but there were one or more failures which may mean the deployed resources will be unable to execute. <<1729000873171
01010101111010Date&time_fun>>DB1>>conn>>WARNING>>1729000997921
BIP9320E<<Message Flow 'urL_encod', 'urL_encod' encountered a failure and could not start. <<1729000997921
BIP4001E<<Syntax error in SQL statements in node '{0}'. <<1729000997921
BIP4055E<<(.ext, 1.1) : User defined attribute must specify an initial value expression. <<1729000997921
BIP9333W<<Application '01010101111010Date&time_fun' has been changed but contains errors which has prevented some resources from starting. <<1729000997921
BIP1096E<<The source '01010101111010Date&time_funproject.generated.bar' has been deployed but there were one or more failures which may mean the deployed resources will be unable to execute. <<1729000997921
01010101111010Date&time_fun>>DB1>>conn>>WARNING>>1729001134027
BIP9320E<<Message Flow 'urL_encod', 'urL_encod' encountered a failure and could not start. <<1729001134027
BIP4001E<<Syntax error in SQL statements in node '{0}'. <<1729001134027
BIP4055E<<(.ext, 1.1) : User defined attribute must specify an initial value expression. <<1729001134027
BIP9333W<<Application '01010101111010Date&time_fun' has been changed but contains errors which has prevented some resources from starting. <<1729001134027
BIP1096E<<The source '01010101111010Date&time_funproject.generated.bar' has been deployed but there were one or more failures which may mean the deployed resources will be unable to execute. <<1729001134027
01010101111010Date&time_fun>>DB1>>conn>>WARNING>>1729001185031
BIP9320E<<Message Flow 'urL_encod', 'urL_encod' encountered a failure and could not start. <<1729001185031
BIP4001E<<Syntax error in SQL statements in node '{0}'. <<1729001185031
BIP4055E<<(.ext, 1.1) : User defined attribute must specify an initial value expression. <<1729001185031
BIP9333W<<Application '01010101111010Date&time_fun' has been changed but contains errors which has prevented some resources from starting. <<1729001185031
BIP1096E<<The source '01010101111010Date&time_funproject.generated.bar' has been deployed but there were one or more failures which may mean the deployed resources will be unable to execute. <<1729001185031
01010101111010Date&time_fun>>DB1>>conn>>SUCCESS>>1729001336654
BIP9332I<<Application '01010101111010Date&time_fun' has been changed successfully. <<1729001336654
BIP9326I<<The source '01010101111010Date&time_funproject.generated.bar' has been successfully deployed. <<1729001336654
01010101111010Date&time_fun>>DB1>>conn>>SUCCESS>>1729001392981
BIP9332I<<Application '01010101111010Date&time_fun' has been changed successfully. <<1729001392981
BIP9326I<<The source '01010101111010Date&time_funproject.generated.bar' has been successfully deployed. <<1729001392981
01010101111010Date&time_fun>>DB1>>conn>>WARNING>>1729053750723
BIP9318E<<Request to 'PreSetupValidate' resource '01010101111010Date&time_fun', '01010101111010Date&time_fun' of type 'Application' failed. <<1729053750723
BIP2432E<<(.date_fun_Compute.CopyEntireMessage, 47.44) : The correlation name 'mlo' is not valid. Those in scope are: ext, shr, sh, Environment, InputLocalEnvironment, OutputLocalEnvironment, InputRoot, InputBody, InputProperties, OutputRoot, InputExceptionList, OutputExceptionList, InputDestinationList, OutputDestinationList. <<1729053750723
BIP9333W<<Application '01010101111010Date&time_fun' has been changed but contains errors which has prevented some resources from starting. <<1729053750723
BIP1096E<<The source '01010101111010Date&time_funproject.generated.bar' has been deployed but there were one or more failures which may mean the deployed resources will be unable to execute. <<1729053750723
01010101111010Date&time_fun>>DB1>>conn>>WARNING>>1729053779957
BIP9320E<<Message Flow 'urL_encod', 'urL_encod' encountered a failure and could not start. <<1729053779957
BIP4001E<<Syntax error in SQL statements in node '{0}'. <<1729053779957
BIP4055E<<(.ext, 1.1) : User defined attribute must specify an initial value expression. <<1729053779957
BIP9333W<<Application '01010101111010Date&time_fun' has been changed but contains errors which has prevented some resources from starting. <<1729053779957
BIP1096E<<The source '01010101111010Date&time_funproject.generated.bar' has been deployed but there were one or more failures which may mean the deployed resources will be unable to execute. <<1729053779957
01010101111010Date&time_fun>>DB1>>conn>>SUCCESS>>1729053836553
BIP9332I<<Application '01010101111010Date&time_fun' has been changed successfully. <<1729053836553
BIP9326I<<The source '01010101111010Date&time_funproject.generated.bar' has been successfully deployed. <<1729053836553
01010101111010Date&time_fun>>DB1>>conn>>WARNING>>1729053880018
BIP9318E<<Request to 'PreSetupValidate' resource '01010101111010Date&time_fun', '01010101111010Date&time_fun' of type 'Application' failed. <<1729053880018
BIP2432E<<(.date_fun_Compute.CopyEntireMessage, 47.44) : The correlation name 'I' is not valid. Those in scope are: ext, shr, sh, Environment, InputLocalEnvironment, OutputLocalEnvironment, InputRoot, InputBody, InputProperties, OutputRoot, InputExceptionList, OutputExceptionList, InputDestinationList, OutputDestinationList. <<1729053880018
BIP9333W<<Application '01010101111010Date&time_fun' has been changed but contains errors which has prevented some resources from starting. <<1729053880018
BIP1096E<<The source '01010101111010Date&time_funproject.generated.bar' has been deployed but there were one or more failures which may mean the deployed resources will be unable to execute. <<1729053880018
01010101111010Date&time_fun>>DB1>>conn>>WARNING>>1729053933900
BIP9318E<<Request to 'PreSetupValidate' resource '01010101111010Date&time_fun', '01010101111010Date&time_fun' of type 'Application' failed. <<1729053933900
BIP2432E<<(.date_fun_Compute1.CopyEntireMessage, 10.44) : The correlation name 'mlo' is not valid. Those in scope are: ext, shr, sh, Environment, InputLocalEnvironment, OutputLocalEnvironment, InputRoot, InputBody, InputProperties, OutputRoot, InputExceptionList, OutputExceptionList, InputDestinationList, OutputDestinationList. <<1729053933900
BIP9333W<<Application '01010101111010Date&time_fun' has been changed but contains errors which has prevented some resources from starting. <<1729053933900
BIP1096E<<The source '01010101111010Date&time_funproject.generated.bar' has been deployed but there were one or more failures which may mean the deployed resources will be unable to execute. <<1729053933900
01010101111010Date&time_fun>>DB1>>conn>>SUCCESS>>1729053944861
BIP9332I<<Application '01010101111010Date&time_fun' has been changed successfully. <<1729053944861
BIP9326I<<The source '01010101111010Date&time_funproject.generated.bar' has been successfully deployed. <<1729053944861
01010101111010Date&time_fun>>DB1>>conn>>SUCCESS>>1729054250191
BIP9332I<<Application '01010101111010Date&time_fun' has been changed successfully. <<1729054250191
BIP9326I<<The source '01010101111010Date&time_funproject.generated.bar' has been successfully deployed. <<1729054250191
01010101111010Date&time_fun>>DB1>>conn>>SUCCESS>>1729054270079
BIP9332I<<Application '01010101111010Date&time_fun' has been changed successfully. <<1729054270079
BIP9326I<<The source '01010101111010Date&time_funproject.generated.bar' has been successfully deployed. <<1729054270079
01010101111010Date&time_fun>>DB1>>conn>>SUCCESS>>1729054523409
BIP9332I<<Application '01010101111010Date&time_fun' has been changed successfully. <<1729054523409
BIP9326I<<The source '01010101111010Date&time_funproject.generated.bar' has been successfully deployed. <<1729054523409
01010101111010Date&time_fun>>DB1>>conn>>SUCCESS>>1729054720031
BIP9332I<<Application '01010101111010Date&time_fun' has been changed successfully. <<1729054720031
BIP9326I<<The source '01010101111010Date&time_funproject.generated.bar' has been successfully deployed. <<1729054720031
000000000100101010101>>DB1>>conn>>WARNING>>1729054884462
BIP9318E<<Request to 'PreSetupValidate' resource '000000000100101010101', '000000000100101010101' of type 'Application' failed. <<1729054884462
BIP2432E<<(.flow_qws_Compute.CopyEntireMessage, 4.7) : The correlation name 'shr' is not valid. Those in scope are: Environment, InputLocalEnvironment, OutputLocalEnvironment, InputRoot, InputBody, InputProperties, OutputRoot, InputExceptionList, OutputExceptionList, InputDestinationList, OutputDestinationList. <<1729054884462
BIP9333W<<Application '000000000100101010101' has been created but contains errors which has prevented some resources from starting. <<1729054884462
BIP1096E<<The source '000000000100101010101project.generated.bar' has been deployed but there were one or more failures which may mean the deployed resources will be unable to execute. <<1729054884462
01010101111010Date&time_fun>>DB1>>conn>>SUCCESS>>1729054942035
BIP9332I<<Application '01010101111010Date&time_fun' has been changed successfully. <<1729054942035
BIP9326I<<The source '01010101111010Date&time_funproject.generated.bar' has been successfully deployed. <<1729054942035
01010101111010Date&time_fun>>DB1>>conn>>SUCCESS>>1729055027374
BIP9332I<<Application '01010101111010Date&time_fun' has been changed successfully. <<1729055027374
BIP9326I<<The source '01010101111010Date&time_funproject.generated.bar' has been successfully deployed. <<1729055027374
01010101111010Date&time_fun>>DB1>>conn>>WARNING>>1729055181867
BIP9318E<<Request to 'PreSetupValidate' resource '01010101111010Date&time_fun', '01010101111010Date&time_fun' of type 'Application' failed. <<1729055181867
BIP2432E<<(.date_fun_Compute1.CopyEntireMessage, 6.44) : The correlation name 'ext' is not valid. Those in scope are: Environment, InputLocalEnvironment, OutputLocalEnvironment, InputRoot, InputBody, InputProperties, OutputRoot, InputExceptionList, OutputExceptionList, InputDestinationList, OutputDestinationList. <<1729055181867
BIP9333W<<Application '01010101111010Date&time_fun' has been changed but contains errors which has prevented some resources from starting. <<1729055181867
BIP1096E<<The source '01010101111010Date&time_funproject.generated.bar' has been deployed but there were one or more failures which may mean the deployed resources will be unable to execute. <<1729055181867
01010101111010Date&time_fun>>DB1>>conn>>SUCCESS>>1729058779819
BIP9332I<<Application '01010101111010Date&time_fun' has been changed successfully. <<1729058779819
BIP9326I<<The source '01010101111010Date&time_funproject.generated.bar' has been successfully deployed. <<1729058779819
000000000100101010101>>DB1>>conn>>SUCCESS>>1729067711505
BIP9332I<<Application '000000000100101010101' has been changed successfully. <<1729067711505
BIP9326I<<The source '000000000100101010101project.generated.bar' has been successfully deployed. <<1729067711505
000000000100101010101>>DB1>>conn>>SUCCESS>>1729067784824
BIP9332I<<Application '000000000100101010101' has been changed successfully. <<1729067784824
BIP9326I<<The source '000000000100101010101project.generated.bar' has been successfully deployed. <<1729067784824
000000000100101010101>>override2>>over1>>SUCCESS>>1729068422125
BIP9332I<<Application '000000000100101010101' has been created successfully. <<1729068422125
BIP9326I<<The source '000000000100101010101project.generated.bar' has been successfully deployed. <<1729068422125
000000000100101010101>>override2>>over1>>SUCCESS>>1729068567686
BIP9332I<<Application '000000000100101010101' has been changed successfully. <<1729068567686
BIP9326I<<The source '000000000100101010101project.generated.bar' has been successfully deployed. <<1729068567686
000000000100101010101>>override2>>over1>>SUCCESS>>1729068604557
BIP9332I<<Application '000000000100101010101' has been created successfully. <<1729068604557
BIP9326I<<The source '000000000100101010101project.generated.bar' has been successfully deployed. <<1729068604557
000000000100101010101>>override2>>over1>>SUCCESS>>1729069012010
BIP9332I<<Application '000000000100101010101' has been changed successfully. <<1729069012010
BIP9326I<<The source '000000000100101010101project.generated.bar' has been successfully deployed. <<1729069012010
000000000100101010101>>override2>>over1>>SUCCESS>>1729069068053
BIP9332I<<Application '000000000100101010101' has been changed successfully. <<1729069068053
BIP9326I<<The source '000000000100101010101project.generated.bar' has been successfully deployed. <<1729069068053
000000000100101010101>>override2>>over1>>SUCCESS>>1729069753932
BIP9332I<<Application '000000000100101010101' has been changed successfully. <<1729069753932
BIP9326I<<The source '000000000100101010101project.generated.bar' has been successfully deployed. <<1729069753932
000000000100101010101>>override2>>over1>>SUCCESS>>1729070078682
BIP9332I<<Application '000000000100101010101' has been changed successfully. <<1729070078682
BIP9326I<<The source '000000000100101010101project.generated.bar' has been successfully deployed. <<1729070078682
000000000100101010101>>override2>>over1>>SUCCESS>>1729072379128
BIP9332I<<Application '000000000100101010101' has been created successfully. <<1729072379128
BIP9326I<<The source '000000000100101010101project.generated.bar' has been successfully deployed. <<1729072379128
000000000100101010101>>override2>>over1>>SUCCESS>>1729072818556
BIP9332I<<Application '000000000100101010101' has been changed successfully. <<1729072818556
BIP9326I<<The source '000000000100101010101project.generated.bar' has been successfully deployed. <<1729072818556
000000000100101010101>>override2>>over1>>SUCCESS>>1729072987236
BIP9332I<<Application '000000000100101010101' has been changed successfully. <<1729072987236
BIP9326I<<The source '000000000100101010101project.generated.bar' has been successfully deployed. <<1729072987236
000000000100101010101>>override2>>over1>>SUCCESS>>1729073014228
BIP9332I<<Application '000000000100101010101' has been changed successfully. <<1729073014228
BIP9326I<<The source '000000000100101010101project.generated.bar' has been successfully deployed. <<1729073014228
000000000100101010101>>override2>>over1>>SUCCESS>>1729073149253
BIP9332I<<Application '000000000100101010101' has been changed successfully. <<1729073149253
BIP9326I<<The source '000000000100101010101project.generated.bar' has been successfully deployed. <<1729073149253
000000000100101010101>>override2>>over1>>SUCCESS>>1729073303704
BIP9332I<<Application '000000000100101010101' has been changed successfully. <<1729073303704
BIP9326I<<The source '000000000100101010101project.generated.bar' has been successfully deployed. <<1729073303704
01010101111010Date&time_fun>>override2>>over1>>SUCCESS>>1729074185530
BIP9332I<<Application '01010101111010Date&time_fun' has been created successfully. <<1729074185530
BIP9326I<<The source '01010101111010Date&time_funproject.generated.bar' has been successfully deployed. <<1729074185530
01010101111010Date&time_fun>>override2>>over1>>SUCCESS>>1729074243710
BIP9332I<<Application '01010101111010Date&time_fun' has been changed successfully. <<1729074243710
BIP9326I<<The source '01010101111010Date&time_funproject.generated.bar' has been successfully deployed. <<1729074243710
01010101111010Date&time_fun>>override2>>over1>>WARNING>>1729074524490
BIP9320E<<Message Flow 'date_fun', 'date_fun' encountered a failure and could not start. <<1729074524490
BIP4001E<<Syntax error in SQL statements in node '{0}'. <<1729074524490
BIP4055E<<(.ext, 1.1) : User defined attribute must specify an initial value expression. <<1729074524490
BIP9320E<<Message Flow 'urL_encod', 'urL_encod' encountered a failure and could not start. <<1729074524490
BIP4001E<<Syntax error in SQL statements in node '{0}'. <<1729074524490
BIP4055E<<(.ext, 1.1) : User defined attribute must specify an initial value expression. <<1729074524490
BIP9333W<<Application '01010101111010Date&time_fun' has been changed but contains errors which has prevented some resources from starting. <<1729074524490
BIP1096E<<The source '01010101111010Date&time_funproject.generated.bar' has been deployed but there were one or more failures which may mean the deployed resources will be unable to execute. <<1729074524490
000000000100101010101>>override2>>over1>>SUCCESS>>1729076330144
BIP9332I<<Application '000000000100101010101' has been created successfully. <<1729076330144
BIP9326I<<The source '000000000100101010101project.generated.bar' has been successfully deployed. <<1729076330144
000000000100101010101>>override2>>over1>>SUCCESS>>1729076350021
BIP9332I<<Application '000000000100101010101' has been changed successfully. <<1729076350021
BIP9326I<<The source '000000000100101010101project.generated.bar' has been successfully deployed. <<1729076350021
000000000100101010101>>override2>>over1>>SUCCESS>>1729077139631
BIP9332I<<Application '000000000100101010101' has been created successfully. <<1729077139631
BIP9326I<<The source '000000000100101010101project.generated.bar' has been successfully deployed. <<1729077139631
000000000100101010101>>override2>>over1>>SUCCESS>>1729077639826
BIP9332I<<Application '000000000100101010101' has been changed successfully. <<1729077639826
BIP9326I<<The source '000000000100101010101project.generated.bar' has been successfully deployed. <<1729077639826
000000000100101010101>>override2>>over1>>SUCCESS>>1729077665227
BIP9332I<<Application '000000000100101010101' has been changed successfully. <<1729077665227
BIP9326I<<The source '000000000100101010101project.generated.bar' has been successfully deployed. <<1729077665227
000000000100101010101>>override2>>over1>>SUCCESS>>1729142029976
BIP9332I<<Application '000000000100101010101' has been changed successfully. <<1729142029976
BIP9326I<<The source '000000000100101010101project.generated.bar' has been successfully deployed. <<1729142029976
000000000100101010101>>override2>>over1>>SUCCESS>>1729142083510
BIP9332I<<Application '000000000100101010101' has been changed successfully. <<1729142083510
BIP9326I<<The source '000000000100101010101project.generated.bar' has been successfully deployed. <<1729142083510
000000000100101010101>>override2>>over1>>SUCCESS>>1729142263606
BIP9332I<<Application '000000000100101010101' has been changed successfully. <<1729142263606
BIP9326I<<The source '000000000100101010101project.TestMode.bar' has been successfully deployed. <<1729142263606
000000000100101010101>>override2>>over1>>WARNING>>1729142630686
BIP9318E<<Request to 'PreSetupValidate' resource '000000000100101010101', '000000000100101010101' of type 'Application' failed. <<1729142630686
BIP2473E<<(.mq_yes_Compute.CopyEntireMessage, 4.6) : Invalid search condition. <<1729142630686
BIP9333W<<Application '000000000100101010101' has been created but contains errors which has prevented some resources from starting. <<1729142630686
BIP1096E<<The source '000000000100101010101project.generated.bar' has been deployed but there were one or more failures which may mean the deployed resources will be unable to execute. <<1729142630686
000000000100101010101>>override2>>over1>>SUCCESS>>1729142648503
BIP9332I<<Application '000000000100101010101' has been changed successfully. <<1729142648503
BIP9326I<<The source '000000000100101010101project.generated.bar' has been successfully deployed. <<1729142648503
000000000100101010101>>override2>>over1>>SUCCESS>>1729142689627
BIP9332I<<Application '000000000100101010101' has been changed successfully. <<1729142689627
BIP9326I<<The source '000000000100101010101project.generated.bar' has been successfully deployed. <<1729142689627
000000000100101010101>>override2>>over1>>SUCCESS>>1729143158539
BIP9332I<<Application '000000000100101010101' has been changed successfully. <<1729143158539
BIP9326I<<The source '000000000100101010101project.generated.bar' has been successfully deployed. <<1729143158539
000000000100101010101>>override2>>over1>>SUCCESS>>1729143217526
BIP9332I<<Application '000000000100101010101' has been created successfully. <<1729143217526
BIP9326I<<The source '000000000100101010101project.generated.bar' has been successfully deployed. <<1729143217526
000000000100101010101>>override2>>over1>>SUCCESS>>1729143613473
BIP9332I<<Application '000000000100101010101' has been created successfully. <<1729143613473
BIP9326I<<The source '000000000100101010101project.generated.bar' has been successfully deployed. <<1729143613473
000000000100101010101>>override2>>over1>>SUCCESS>>1729143875353
BIP9332I<<Application '000000000100101010101' has been created successfully. <<1729143875353
BIP9326I<<The source '000000000100101010101project.generated.bar' has been successfully deployed. <<1729143875353
000000000100101010101>>override2>>over1>>SUCCESS>>1729145933966
BIP9332I<<Application '000000000100101010101' has been changed successfully. <<1729145933966
BIP9326I<<The source '000000000100101010101project.generated.bar' has been successfully deployed. <<1729145933966
000000000100101010101>>override2>>over1>>SUCCESS>>1729145976393
BIP9332I<<Application '000000000100101010101' has been created successfully. <<1729145976393
BIP9326I<<The source '000000000100101010101project.generated.bar' has been successfully deployed. <<1729145976393
000000000100101010101>>override2>>over1>>SUCCESS>>1729147139633
BIP9332I<<Application '000000000100101010101' has been changed successfully. <<1729147139633
BIP9326I<<The source '000000000100101010101project.generated.bar' has been successfully deployed. <<1729147139633
000000000100101010101>>override2>>over1>>ERROR>>1729147315757
000000000100101010101>>override2>>over1>>ERROR>>1729147372361
000000000100101010101>>override2>>over1>>SUCCESS>>1729147531281
BIP9332I<<Application '000000000100101010101' has been created successfully. <<1729147531281
BIP9326I<<The source '000000000100101010101project.generated.bar' has been successfully deployed. <<1729147531281
000000000100101010101>>override2>>over1>>SUCCESS>>1729147750411
BIP9332I<<Application '000000000100101010101' has been changed successfully. <<1729147750411
BIP9326I<<The source '000000000100101010101project.generated.bar' has been successfully deployed. <<1729147750411
000000000100101010101>>override2>>over1>>SUCCESS>>1729148405670
BIP9332I<<Application '000000000100101010101' has been changed successfully. <<1729148405670
BIP9326I<<The source '000000000100101010101project.generated.bar' has been successfully deployed. <<1729148405670
01010101111010Date&time_fun>>override2>>over1>>WARNING>>1729154149484
BIP9318E<<Request to 'PreSetupValidate' resource '01010101111010Date&time_fun', '01010101111010Date&time_fun' of type 'Application' failed. <<1729154149484
BIP2432E<<(.date_fun_Compute.CopyEntireMessage, 44.41) : The correlation name 'bext' is not valid. Those in scope are: ext, shr, mlo, sh, Environment, InputLocalEnvironment, OutputLocalEnvironment, InputRoot, InputBody, InputProperties, OutputRoot, InputExceptionList, OutputExceptionList, InputDestinationList, OutputDestinationList. <<1729154149484
BIP9333W<<Application '01010101111010Date&time_fun' has been created but contains errors which has prevented some resources from starting. <<1729154149484
BIP1096E<<The source '01010101111010Date&time_funproject.generated.bar' has been deployed but there were one or more failures which may mean the deployed resources will be unable to execute. <<1729154149484
000000000100101010101>>override2>>over1>>SUCCESS>>1729156341564
BIP9332I<<Application '000000000100101010101' has been changed successfully. <<1729156341564
BIP9326I<<The source '000000000100101010101project.generated.bar' has been successfully deployed. <<1729156341564
0101010101000000MultipleDsnExternal>>DB1>>conn>>SUCCESS>>1729163450370
BIP9332I<<Application '0101010101000000MultipleDsnExternal' has been created successfully. <<1729163450370
BIP9326I<<The source '0101010101000000MultipleDsnExternalproject.generated.bar' has been successfully deployed. <<1729163450370
0101010101000000MultipleDsnExternal>>DB1>>conn>>SUCCESS>>1729163570637
BIP9332I<<Application '0101010101000000MultipleDsnExternal' has been changed successfully. <<1729163570637
BIP9326I<<The source '0101010101000000MultipleDsnExternalproject.generated.bar' has been successfully deployed. <<1729163570637
0101010101000000MultipleDsnExternal>>DB1>>conn>>SUCCESS>>1729163615004
BIP9332I<<Application '0101010101000000MultipleDsnExternal' has been changed successfully. <<1729163615004
BIP9326I<<The source '0101010101000000MultipleDsnExternalproject.generated.bar' has been successfully deployed. <<1729163615004
0101010101000000MultipleDsnExternal>>DB1>>conn>>SUCCESS>>1729163833449
BIP9332I<<Application '0101010101000000MultipleDsnExternal' has been changed successfully. <<1729163833449
BIP9326I<<The source '0101010101000000MultipleDsnExternalproject.generated.bar' has been successfully deployed. <<1729163833449
0101010101000000MultipleDsnExternal>>DB1>>conn>>SUCCESS>>1729163861154
BIP9332I<<Application '0101010101000000MultipleDsnExternal' has been changed successfully. <<1729163861154
BIP9326I<<The source '0101010101000000MultipleDsnExternalproject.generated.bar' has been successfully deployed. <<1729163861154
0101010101000000MultipleDsnExternal>>DB1>>conn>>SUCCESS>>1729164012615
BIP9332I<<Application '0101010101000000MultipleDsnExternal' has been changed successfully. <<1729164012615
BIP9326I<<The source '0101010101000000MultipleDsnExternalproject.generated.bar' has been successfully deployed. <<1729164012615
0101010101000000MultipleDsnExternal>>DB1>>conn>>SUCCESS>>1729164115318
BIP9332I<<Application '0101010101000000MultipleDsnExternal' has been changed successfully. <<1729164115318
BIP9326I<<The source '0101010101000000MultipleDsnExternalproject.generated.bar' has been successfully deployed. <<1729164115318
0101010101000000MultipleDsnExternal>>DB1>>conn>>SUCCESS>>1729164157399
BIP9332I<<Application '0101010101000000MultipleDsnExternal' has been changed successfully. <<1729164157399
BIP9326I<<The source '0101010101000000MultipleDsnExternalproject.generated.bar' has been successfully deployed. <<1729164157399
0101010101000000MultipleDsnExternal>>DB1>>conn>>SUCCESS>>1729164193423
BIP9332I<<Application '0101010101000000MultipleDsnExternal' has been changed successfully. <<1729164193423
BIP9326I<<The source '0101010101000000MultipleDsnExternalproject.generated.bar' has been successfully deployed. <<1729164193423
0101010101000000MultipleDsnExternal>>DB1>>conn>>SUCCESS>>1729164244977
BIP9332I<<Application '0101010101000000MultipleDsnExternal' has been changed successfully. <<1729164244977
BIP9326I<<The source '0101010101000000MultipleDsnExternalproject.generated.bar' has been successfully deployed. <<1729164244977
0101010101000000MultipleDsnExternal>>DB1>>conn>>SUCCESS>>1729164623718
BIP9332I<<Application '0101010101000000MultipleDsnExternal' has been changed successfully. <<1729164623718
BIP9326I<<The source '0101010101000000MultipleDsnExternalproject.generated.bar' has been successfully deployed. <<1729164623718
0101010101000000MultipleDsnExternal>>DB1>>conn>>SUCCESS>>1729164728950
BIP9332I<<Application '0101010101000000MultipleDsnExternal' has been changed successfully. <<1729164728950
BIP9326I<<The source '0101010101000000MultipleDsnExternalproject.generated.bar' has been successfully deployed. <<1729164728950
0101010101000000MultipleDsnExternal>>DB1>>conn>>SUCCESS>>1729164886330
BIP9332I<<Application '0101010101000000MultipleDsnExternal' has been changed successfully. <<1729164886330
BIP9326I<<The source '0101010101000000MultipleDsnExternalproject.generated.bar' has been successfully deployed. <<1729164886330
0101010101000000MultipleDsnExternal>>DB1>>conn>>SUCCESS>>1729164970824
BIP9332I<<Application '0101010101000000MultipleDsnExternal' has been changed successfully. <<1729164970824
BIP9326I<<The source '0101010101000000MultipleDsnExternalproject.generated.bar' has been successfully deployed. <<1729164970824
0101010101000000MultipleDsnExternal>>DB1>>conn>>SUCCESS>>1729165045439
BIP9332I<<Application '0101010101000000MultipleDsnExternal' has been changed successfully. <<1729165045439
BIP9326I<<The source '0101010101000000MultipleDsnExternalproject.generated.bar' has been successfully deployed. <<1729165045439
0101010101000000MultipleDsnExternal>>DB1>>conn>>SUCCESS>>1729165106663
BIP9332I<<Application '0101010101000000MultipleDsnExternal' has been changed successfully. <<1729165106663
BIP9326I<<The source '0101010101000000MultipleDsnExternalproject.generated.bar' has been successfully deployed. <<1729165106663
0101010101000000MultipleDsnExternal>>DB1>>conn>>SUCCESS>>1729166650003
BIP9332I<<Application '0101010101000000MultipleDsnExternal' has been changed successfully. <<1729166650003
BIP9326I<<The source '0101010101000000MultipleDsnExternalproject.generated.bar' has been successfully deployed. <<1729166650003
0101010101000000MultipleDsnExternal>>DB1>>conn>>SUCCESS>>1729167499061
BIP9332I<<Application '0101010101000000MultipleDsnExternal' has been changed successfully. <<1729167499061
BIP9326I<<The source '0101010101000000MultipleDsnExternalproject.generated.bar' has been successfully deployed. <<1729167499061
0101010101000000MultipleDsnExternal>>DB1>>conn>>SUCCESS>>1729167654626
BIP9332I<<Application '0101010101000000MultipleDsnExternal' has been changed successfully. <<1729167654626
BIP9326I<<The source '0101010101000000MultipleDsnExternalproject.generated.bar' has been successfully deployed. <<1729167654626
0101010101000000MultipleDsnExternal>>DB1>>conn>>SUCCESS>>1729167712261
BIP9332I<<Application '0101010101000000MultipleDsnExternal' has been changed successfully. <<1729167712261
BIP9326I<<The source '0101010101000000MultipleDsnExternalproject.generated.bar' has been successfully deployed. <<1729167712261
0101010101000000MultipleDsnExternal>>DB1>>conn>>SUCCESS>>1729167907874
BIP9332I<<Application '0101010101000000MultipleDsnExternal' has been changed successfully. <<1729167907874
BIP9326I<<The source '0101010101000000MultipleDsnExternalproject.generated.bar' has been successfully deployed. <<1729167907874
0101010101000000MultipleDsnExternal>>DB1>>conn>>WARNING>>1729168071145
BIP9318E<<Request to 'PreSetupValidate' resource '0101010101000000MultipleDsnExternal', '0101010101000000MultipleDsnExternal' of type 'Application' failed. <<1729168071145
BIP2432E<<(.TowDsn_Compute.CopyEntireMessage, 21.34) : The correlation name 'system.shreyash' is not valid. Those in scope are: Database, DSN, DSN1, Environment, InputLocalEnvironment, OutputLocalEnvironment, InputRoot, InputBody, InputProperties, OutputRoot, InputExceptionList, OutputExceptionList, InputDestinationList, OutputDestinationList, d, r. <<1729168071145
BIP9333W<<Application '0101010101000000MultipleDsnExternal' has been changed but contains errors which has prevented some resources from starting. <<1729168071145
BIP1096E<<The source '0101010101000000MultipleDsnExternalproject.generated.bar' has been deployed but there were one or more failures which may mean the deployed resources will be unable to execute. <<1729168071145
0101010101000000MultipleDsnExternal>>DB1>>conn>>SUCCESS>>1729168616544
BIP9332I<<Application '0101010101000000MultipleDsnExternal' has been changed successfully. <<1729168616544
BIP9326I<<The source '0101010101000000MultipleDsnExternalproject.generated.bar' has been successfully deployed. <<1729168616544
0101010101000000MultipleDsnExternal>>DB1>>conn>>ERROR>>1729168674800
0101010101000000MultipleDsnExternal>>DB1>>conn>>WARNING>>1729169127379
BIP9318E<<Request to 'PreSetupValidate' resource '0101010101000000MultipleDsnExternal', '0101010101000000MultipleDsnExternal' of type 'Application' failed. <<1729169127379
BIP2432E<<(.TowDsn_Compute.CopyEntireMessage, 18.62) : The correlation name 'Database.ODBC1' is not valid. Those in scope are: DSN, DSN1, Environment, InputLocalEnvironment, OutputLocalEnvironment, InputRoot, InputBody, InputProperties, OutputRoot, InputExceptionList, OutputExceptionList, InputDestinationList, OutputDestinationList, d, r. <<1729169127379
BIP9333W<<Application '0101010101000000MultipleDsnExternal' has been changed but contains errors which has prevented some resources from starting. <<1729169127379
BIP1096E<<The source '0101010101000000MultipleDsnExternalproject.generated.bar' has been deployed but there were one or more failures which may mean the deployed resources will be unable to execute. <<1729169127379
0101010101000000MultipleDsnExternal>>DB1>>conn>>SUCCESS>>1729169154479
BIP9332I<<Application '0101010101000000MultipleDsnExternal' has been changed successfully. <<1729169154479
BIP9326I<<The source '0101010101000000MultipleDsnExternalproject.generated.bar' has been successfully deployed. <<1729169154479
0101010101000000MultipleDsnExternal>>DB1>>conn>>SUCCESS>>1729169211912
BIP9332I<<Application '0101010101000000MultipleDsnExternal' has been changed successfully. <<1729169211912
BIP9326I<<The source '0101010101000000MultipleDsnExternalproject.generated.bar' has been successfully deployed. <<1729169211912
0101010101000000MultipleDsnExternal>>DB1>>conn>>SUCCESS>>1729169365534
BIP9332I<<Application '0101010101000000MultipleDsnExternal' has been changed successfully. <<1729169365534
BIP9326I<<The source '0101010101000000MultipleDsnExternalproject.generated.bar' has been successfully deployed. <<1729169365534
0101010101000000MultipleDsnExternal>>DB1>>conn>>SUCCESS>>1729169469286
BIP9332I<<Application '0101010101000000MultipleDsnExternal' has been changed successfully. <<1729169469286
BIP9326I<<The source '0101010101000000MultipleDsnExternalproject.generated.bar' has been successfully deployed. <<1729169469286
0101010101000000MultipleDsnExternal>>DB1>>conn>>SUCCESS>>1729169638769
BIP9332I<<Application '0101010101000000MultipleDsnExternal' has been changed successfully. <<1729169638769
BIP9326I<<The source '0101010101000000MultipleDsnExternalproject.generated.bar' has been successfully deployed. <<1729169638769
0101010101000000MultipleDsnExternal>>DB1>>conn>>SUCCESS>>1729169695054
BIP9332I<<Application '0101010101000000MultipleDsnExternal' has been changed successfully. <<1729169695054
BIP9326I<<The source '0101010101000000MultipleDsnExternalproject.generated.bar' has been successfully deployed. <<1729169695054
0101010101000000MultipleDsnExternal>>DB1>>conn>>WARNING>>1729169804772
BIP9318E<<Request to 'PreSetupValidate' resource '0101010101000000MultipleDsnExternal', '0101010101000000MultipleDsnExternal' of type 'Application' failed. <<1729169804772
BIP2432E<<(.TowDsn_Compute.CopyEntireMessage, 20.64) : The correlation name 'DataSource.' is not valid. Those in scope are: Database, DSN, DSN1, Environment, InputLocalEnvironment, OutputLocalEnvironment, InputRoot, InputBody, InputProperties, OutputRoot, InputExceptionList, OutputExceptionList, InputDestinationList, OutputDestinationList, d, r. <<1729169804772
BIP9333W<<Application '0101010101000000MultipleDsnExternal' has been changed but contains errors which has prevented some resources from starting. <<1729169804772
BIP1096E<<The source '0101010101000000MultipleDsnExternalproject.generated.bar' has been deployed but there were one or more failures which may mean the deployed resources will be unable to execute. <<1729169804772
0101010101000000MultipleDsnExternal>>DB1>>conn>>SUCCESS>>1729169839893
BIP9332I<<Application '0101010101000000MultipleDsnExternal' has been changed successfully. <<1729169839893
BIP9326I<<The source '0101010101000000MultipleDsnExternalproject.generated.bar' has been successfully deployed. <<1729169839893
0101010101000000MultipleDsnExternal>>DB1>>conn>>SUCCESS>>1729171758928
BIP9332I<<Application '0101010101000000MultipleDsnExternal' has been changed successfully. <<1729171758928
BIP9326I<<The source '0101010101000000MultipleDsnExternalproject.generated.bar' has been successfully deployed. <<1729171758928
0101010101000000MultipleDsnExternal>>DB1>>conn>>SUCCESS>>1729171815099
BIP9332I<<Application '0101010101000000MultipleDsnExternal' has been changed successfully. <<1729171815099
BIP9326I<<The source '0101010101000000MultipleDsnExternalproject.generated.bar' has been successfully deployed. <<1729171815099
0101010101000000MultipleDsnExternal>>DB1>>conn>>SUCCESS>>1729171856704
BIP9332I<<Application '0101010101000000MultipleDsnExternal' has been changed successfully. <<1729171856704
BIP9326I<<The source '0101010101000000MultipleDsnExternalproject.generated.bar' has been successfully deployed. <<1729171856704
0101010101000000MultipleDsnExternal>>DB1>>conn>>SUCCESS>>1729171935957
BIP9332I<<Application '0101010101000000MultipleDsnExternal' has been changed successfully. <<1729171935957
BIP9326I<<The source '0101010101000000MultipleDsnExternalproject.generated.bar' has been successfully deployed. <<1729171935957
0101010101000000MultipleDsnExternal>>DB1>>conn>>WARNING>>1729171993510
BIP9318E<<Request to 'PreSetupValidate' resource '0101010101000000MultipleDsnExternal', '0101010101000000MultipleDsnExternal' of type 'Application' failed. <<1729171993510
BIP2432E<<(.TowDsn_Compute.CopyEntireMessage, 20.67) : The correlation name 'ODBC1' is not valid. Those in scope are: DSN, DSN1, Environment, InputLocalEnvironment, OutputLocalEnvironment, InputRoot, InputBody, InputProperties, OutputRoot, InputExceptionList, OutputExceptionList, InputDestinationList, OutputDestinationList, d, r. <<1729171993510
BIP9333W<<Application '0101010101000000MultipleDsnExternal' has been changed but contains errors which has prevented some resources from starting. <<1729171993510
BIP1096E<<The source '0101010101000000MultipleDsnExternalproject.generated.bar' has been deployed but there were one or more failures which may mean the deployed resources will be unable to execute. <<1729171993510
0101010101000000MultipleDsnExternal>>DB1>>conn>>WARNING>>1729172001534
BIP9318E<<Request to 'PreSetupValidate' resource '0101010101000000MultipleDsnExternal', '0101010101000000MultipleDsnExternal' of type 'Application' failed. <<1729172001534
BIP2432E<<(.TowDsn_Compute.CopyEntireMessage, 20.67) : The correlation name 'ODBC1' is not valid. Those in scope are: DSN, DSN1, Environment, InputLocalEnvironment, OutputLocalEnvironment, InputRoot, InputBody, InputProperties, OutputRoot, InputExceptionList, OutputExceptionList, InputDestinationList, OutputDestinationList, d, r. <<1729172001534
BIP9333W<<Application '0101010101000000MultipleDsnExternal' has been changed but contains errors which has prevented some resources from starting. <<1729172001534
BIP1096E<<The source '0101010101000000MultipleDsnExternalproject.generated.bar' has been deployed but there were one or more failures which may mean the deployed resources will be unable to execute. <<1729172001534
0101010101000000MultipleDsnExternal>>DB1>>conn>>WARNING>>1729172017759
BIP9318E<<Request to 'PreSetupValidate' resource '0101010101000000MultipleDsnExternal', '0101010101000000MultipleDsnExternal' of type 'Application' failed. <<1729172017759
BIP2432E<<(.TowDsn_Compute.CopyEntireMessage, 20.73) : The correlation name 'system' is not valid. Those in scope are: DSN, DSN1, Environment, InputLocalEnvironment, OutputLocalEnvironment, InputRoot, InputBody, InputProperties, OutputRoot, InputExceptionList, OutputExceptionList, InputDestinationList, OutputDestinationList, d, r. <<1729172017759
BIP9333W<<Application '0101010101000000MultipleDsnExternal' has been changed but contains errors which has prevented some resources from starting. <<1729172017759
BIP1096E<<The source '0101010101000000MultipleDsnExternalproject.generated.bar' has been deployed but there were one or more failures which may mean the deployed resources will be unable to execute. <<1729172017759
0101010101000000MultipleDsnExternal>>DB1>>conn>>SUCCESS>>1729172045158
BIP9332I<<Application '0101010101000000MultipleDsnExternal' has been changed successfully. <<1729172045158
BIP9326I<<The source '0101010101000000MultipleDsnExternalproject.generated.bar' has been successfully deployed. <<1729172045158
0101010101000000MultipleDsnExternal>>DB1>>conn>>SUCCESS>>1729172086618
BIP9332I<<Application '0101010101000000MultipleDsnExternal' has been changed successfully. <<1729172086618
BIP9326I<<The source '0101010101000000MultipleDsnExternalproject.generated.bar' has been successfully deployed. <<1729172086618
0101010101000000MultipleDsnExternal>>DB1>>conn>>SUCCESS>>1729172138182
BIP9332I<<Application '0101010101000000MultipleDsnExternal' has been changed successfully. <<1729172138182
BIP9326I<<The source '0101010101000000MultipleDsnExternalproject.generated.bar' has been successfully deployed. <<1729172138182
0101010101000000MultipleDsnExternal>>DB1>>conn>>SUCCESS>>1729172329858
BIP9332I<<Application '0101010101000000MultipleDsnExternal' has been changed successfully. <<1729172329858
BIP9326I<<The source '0101010101000000MultipleDsnExternalproject.generated.bar' has been successfully deployed. <<1729172329858
0101010101000000MultipleDsnExternal>>remote>>qw1>>SUCCESS>>1729230638922
BIP9332I<<Application '0101010101000000MultipleDsnExternal' has been created successfully. <<1729230638922
BIP9326I<<The source '0101010101000000MultipleDsnExternalproject.generated.bar' has been successfully deployed. <<1729230638922
0101010101000000MultipleDsnExternal>>remote>>qw1>>SUCCESS>>1729230695779
BIP9332I<<Application '0101010101000000MultipleDsnExternal' has been changed successfully. <<1729230695779
BIP9326I<<The source '0101010101000000MultipleDsnExternalproject.generated.bar' has been successfully deployed. <<1729230695779
0101010101000000MultipleDsnExternal>>remote>>qw1>>SUCCESS>>1729230958027
BIP9332I<<Application '0101010101000000MultipleDsnExternal' has been changed successfully. <<1729230958027
BIP9326I<<The source '0101010101000000MultipleDsnExternalproject.generated.bar' has been successfully deployed. <<1729230958027
0101010101000000MultipleDsnExternal>>remote>>qw1>>SUCCESS>>1729231034331
BIP9332I<<Application '0101010101000000MultipleDsnExternal' has been changed successfully. <<1729231034331
BIP9326I<<The source '0101010101000000MultipleDsnExternalproject.generated.bar' has been successfully deployed. <<1729231034331
0101010101000000MultipleDsnExternal>>remote>>qw1>>SUCCESS>>1729231103970
BIP9332I<<Application '0101010101000000MultipleDsnExternal' has been changed successfully. <<1729231103970
BIP9326I<<The source '0101010101000000MultipleDsnExternalproject.generated.bar' has been successfully deployed. <<1729231103970
0101010101000000MultipleDsnExternal>>remote>>qw1>>SUCCESS>>1729231407133
BIP9332I<<Application '0101010101000000MultipleDsnExternal' has been changed successfully. <<1729231407133
BIP9326I<<The source '0101010101000000MultipleDsnExternalproject.generated.bar' has been successfully deployed. <<1729231407133
0101010101000000MultipleDsnExternal>>remote>>qw1>>SUCCESS>>1729231554273
BIP9332I<<Application '0101010101000000MultipleDsnExternal' has been changed successfully. <<1729231554273
BIP9326I<<The source '0101010101000000MultipleDsnExternalproject.generated.bar' has been successfully deployed. <<1729231554273
0101010101000000MultipleDsnExternal>>remote>>qw1>>SUCCESS>>1729231618296
BIP9332I<<Application '0101010101000000MultipleDsnExternal' has been changed successfully. <<1729231618296
BIP9326I<<The source '0101010101000000MultipleDsnExternalproject.generated.bar' has been successfully deployed. <<1729231618296
0101010101000000MultipleDsnExternal>>remote>>qw1>>SUCCESS>>1729231844113
BIP9332I<<Application '0101010101000000MultipleDsnExternal' has been changed successfully. <<1729231844113
BIP9326I<<The source '0101010101000000MultipleDsnExternalproject.generated.bar' has been successfully deployed. <<1729231844113
0101010101000000MultipleDsnExternal>>remote>>qw1>>SUCCESS>>1729232020279
BIP9332I<<Application '0101010101000000MultipleDsnExternal' has been changed successfully. <<1729232020279
BIP9326I<<The source '0101010101000000MultipleDsnExternalproject.generated.bar' has been successfully deployed. <<1729232020279
0101010101000000MultipleDsnExternal>>remote>>qw1>>SUCCESS>>1729232058434
BIP9332I<<Application '0101010101000000MultipleDsnExternal' has been changed successfully. <<1729232058434
BIP9326I<<The source '0101010101000000MultipleDsnExternalproject.generated.bar' has been successfully deployed. <<1729232058434
0101010101000000MultipleDsnExternal>>remote>>qw1>>SUCCESS>>1729232849709
BIP9332I<<Application '0101010101000000MultipleDsnExternal' has been changed successfully. <<1729232849709
BIP9326I<<The source '0101010101000000MultipleDsnExternalproject.generated.bar' has been successfully deployed. <<1729232849709
0101010101000000MultipleDsnExternal>>remote>>qw1>>SUCCESS>>1729232896031
BIP9332I<<Application '0101010101000000MultipleDsnExternal' has been changed successfully. <<1729232896031
BIP9326I<<The source '0101010101000000MultipleDsnExternalproject.generated.bar' has been successfully deployed. <<1729232896031
0101010101000000MultipleDsnExternal>>remote>>qw1>>SUCCESS>>1729233210119
BIP9332I<<Application '0101010101000000MultipleDsnExternal' has been changed successfully. <<1729233210119
BIP9326I<<The source '0101010101000000MultipleDsnExternalproject.generated.bar' has been successfully deployed. <<1729233210119
0101010101000000MultipleDsnExternal>>remote>>qw1>>SUCCESS>>1729233269394
BIP9332I<<Application '0101010101000000MultipleDsnExternal' has been changed successfully. <<1729233269394
BIP9326I<<The source '0101010101000000MultipleDsnExternalproject.generated.bar' has been successfully deployed. <<1729233269394
0101010101000000MultipleDsnExternal>>remote>>qw1>>SUCCESS>>1729235709756
BIP9332I<<Application '0101010101000000MultipleDsnExternal' has been changed successfully. <<1729235709756
BIP9326I<<The source '0101010101000000MultipleDsnExternalproject.generated.bar' has been successfully deployed. <<1729235709756
0101010101000000MultipleDsnExternal>>remote>>qw1>>SUCCESS>>1729235765204
BIP9332I<<Application '0101010101000000MultipleDsnExternal' has been changed successfully. <<1729235765204
BIP9326I<<The source '0101010101000000MultipleDsnExternalproject.generated.bar' has been successfully deployed. <<1729235765204
0101010101000000MultipleDsnExternal>>remote>>qw1>>SUCCESS>>1729235805078
BIP9332I<<Application '0101010101000000MultipleDsnExternal' has been changed successfully. <<1729235805078
BIP9326I<<The source '0101010101000000MultipleDsnExternalproject.generated.bar' has been successfully deployed. <<1729235805078
0101010101000000MultipleDsnExternal>>remote>>qw1>>SUCCESS>>1729235870517
BIP9332I<<Application '0101010101000000MultipleDsnExternal' has been changed successfully. <<1729235870517
BIP9326I<<The source '0101010101000000MultipleDsnExternalproject.generated.bar' has been successfully deployed. <<1729235870517
0101010101000000MultipleDsnExternal>>remote>>qw1>>SUCCESS>>1729487610555
BIP9332I<<Application '0101010101000000MultipleDsnExternal' has been changed successfully. <<1729487610555
BIP9326I<<The source '0101010101000000MultipleDsnExternalproject.generated.bar' has been successfully deployed. <<1729487610555
0101010101000000MultipleDsnExternal>>remote>>qw1>>SUCCESS>>1729487771369
BIP9332I<<Application '0101010101000000MultipleDsnExternal' has been changed successfully. <<1729487771369
BIP9326I<<The source '0101010101000000MultipleDsnExternalproject.generated.bar' has been successfully deployed. <<1729487771369
0101010101000000MultipleDsnExternal>>DB1>>conn>>SUCCESS>>1729488542524
BIP9332I<<Application '0101010101000000MultipleDsnExternal' has been changed successfully. <<1729488542524
BIP9326I<<The source '0101010101000000MultipleDsnExternalproject.generated.bar' has been successfully deployed. <<1729488542524
0101010101000000MultipleDsnExternal>>DB1>>conn>>SUCCESS>>1729488619909
BIP9332I<<Application '0101010101000000MultipleDsnExternal' has been changed successfully. <<1729488619909
BIP9326I<<The source '0101010101000000MultipleDsnExternalproject.generated.bar' has been successfully deployed. <<1729488619909
0101010101000000MultipleDsnExternal>>DB1>>conn>>SUCCESS>>1729488840749
BIP9332I<<Application '0101010101000000MultipleDsnExternal' has been changed successfully. <<1729488840749
BIP9326I<<The source '0101010101000000MultipleDsnExternalproject.generated.bar' has been successfully deployed. <<1729488840749
010101>>DB1>>conn>>SUCCESS>>1729493507540
BIP9332I<<Application '010101' has been created successfully. <<1729493507540
BIP9326I<<The source '010101project.generated.bar' has been successfully deployed. <<1729493507540
010101>>DB1>>conn>>SUCCESS>>1729493916500
BIP9332I<<Application '010101' has been changed successfully. <<1729493916500
BIP9326I<<The source '010101project.generated.bar' has been successfully deployed. <<1729493916500
010101>>DB1>>conn>>SUCCESS>>1729493933123
BIP9332I<<Application '010101' has been changed successfully. <<1729493933123
BIP9326I<<The source '010101project.generated.bar' has been successfully deployed. <<1729493933123
010101>>DB1>>conn>>SUCCESS>>1729494017624
BIP9332I<<Application '010101' has been changed successfully. <<1729494017624
BIP9326I<<The source '010101project.generated.bar' has been successfully deployed. <<1729494017624
010101>>DB1>>conn>>SUCCESS>>1729494061744
BIP9332I<<Application '010101' has been changed successfully. <<1729494061744
BIP9326I<<The source '010101project.generated.bar' has been successfully deployed. <<1729494061744
010101>>DB1>>conn>>SUCCESS>>1729494107265
BIP9332I<<Application '010101' has been changed successfully. <<1729494107265
BIP9326I<<The source '010101project.generated.bar' has been successfully deployed. <<1729494107265
010101>>DB1>>conn>>SUCCESS>>1729500079102
BIP9332I<<Application '010101' has been changed successfully. <<1729500079102
BIP9326I<<The source '010101project.generated.bar' has been successfully deployed. <<1729500079102
010101>>DB1>>conn>>SUCCESS>>1729500378252
BIP9332I<<Application '010101' has been changed successfully. <<1729500378252
BIP9326I<<The source '010101project.generated.bar' has been successfully deployed. <<1729500378252
010101>>DB1>>conn>>SUCCESS>>1729500496947
BIP9332I<<Application '010101' has been changed successfully. <<1729500496947
BIP9326I<<The source '010101project.generated.bar' has been successfully deployed. <<1729500496947
010101>>DB1>>conn>>SUCCESS>>1729500551372
BIP9332I<<Application '010101' has been changed successfully. <<1729500551372
BIP9326I<<The source '010101project.generated.bar' has been successfully deployed. <<1729500551372
010101>>DB1>>conn>>SUCCESS>>1729500644670
BIP9332I<<Application '010101' has been changed successfully. <<1729500644670
BIP9326I<<The source '010101project.generated.bar' has been successfully deployed. <<1729500644670
010101>>DB1>>conn>>SUCCESS>>1729500704980
BIP9332I<<Application '010101' has been changed successfully. <<1729500704980
BIP9326I<<The source '010101project.generated.bar' has been successfully deployed. <<1729500704980
010101>>DB1>>conn>>SUCCESS>>1729500809227
BIP9332I<<Application '010101' has been changed successfully. <<1729500809227
BIP9326I<<The source '010101project.generated.bar' has been successfully deployed. <<1729500809227
010101>>DB1>>conn>>SUCCESS>>1729500868826
BIP9332I<<Application '010101' has been changed successfully. <<1729500868826
BIP9326I<<The source '010101project.generated.bar' has been successfully deployed. <<1729500868826
010101>>DB1>>conn>>SUCCESS>>1729500897243
BIP9332I<<Application '010101' has been changed successfully. <<1729500897243
BIP9326I<<The source '010101project.generated.bar' has been successfully deployed. <<1729500897243
010101>>DB1>>conn>>SUCCESS>>1729501102592
BIP9332I<<Application '010101' has been changed successfully. <<1729501102592
BIP9326I<<The source '010101project.generated.bar' has been successfully deployed. <<1729501102592
010101>>DB1>>conn>>SUCCESS>>1729503114884
BIP9332I<<Application '010101' has been changed successfully. <<1729503114884
BIP9326I<<The source '010101project.generated.bar' has been successfully deployed. <<1729503114884
010101>>DB1>>conn>>SUCCESS>>1729503241153
BIP9332I<<Application '010101' has been changed successfully. <<1729503241153
BIP9326I<<The source '010101project.generated.bar' has been successfully deployed. <<1729503241153
010101>>DB1>>conn>>SUCCESS>>1729503405774
BIP9332I<<Application '010101' has been changed successfully. <<1729503405774
BIP9326I<<The source '010101project.generated.bar' has been successfully deployed. <<1729503405774
010101>>DB1>>conn>>SUCCESS>>1729503779596
BIP9332I<<Application '010101' has been changed successfully. <<1729503779596
BIP9326I<<The source '010101project.generated.bar' has been successfully deployed. <<1729503779596
010101>>DB1>>conn>>SUCCESS>>1729503860999
BIP9332I<<Application '010101' has been changed successfully. <<1729503860999
BIP9326I<<The source '010101project.generated.bar' has been successfully deployed. <<1729503860999
010101>>DB1>>conn>>SUCCESS>>1729503904901
BIP9332I<<Application '010101' has been changed successfully. <<1729503904901
BIP9326I<<The source '010101project.generated.bar' has been successfully deployed. <<1729503904901
010101>>DB1>>conn>>SUCCESS>>1729503967906
BIP9332I<<Application '010101' has been changed successfully. <<1729503967906
BIP9326I<<The source '010101project.generated.bar' has been successfully deployed. <<1729503967906
010101>>DB1>>conn>>WARNING>>1729504017618
BIP9318E<<Request to 'PreSetupValidate' resource '010101', '010101' of type 'Application' failed. <<1729504017618
BIP2497E<<(.STring_Manuplation_Fun_Compute.CopyEntireMessage, 6.7) : Illegal data type for target. A list field reference is required. <<1729504017618
BIP9333W<<Application '010101' has been changed but contains errors which has prevented some resources from starting. <<1729504017618
BIP1096E<<The source '010101project.generated.bar' has been deployed but there were one or more failures which may mean the deployed resources will be unable to execute. <<1729504017618
010101>>DB1>>conn>>SUCCESS>>1729504036878
BIP9332I<<Application '010101' has been changed successfully. <<1729504036878
BIP9326I<<The source '010101project.generated.bar' has been successfully deployed. <<1729504036878
010101>>DB1>>conn>>SUCCESS>>1729504152001
BIP9332I<<Application '010101' has been changed successfully. <<1729504152001
BIP9326I<<The source '010101project.generated.bar' has been successfully deployed. <<1729504152001
010101>>DB1>>conn>>SUCCESS>>1729504208337
BIP9332I<<Application '010101' has been changed successfully. <<1729504208337
BIP9326I<<The source '010101project.generated.bar' has been successfully deployed. <<1729504208337
010101>>DB1>>conn>>SUCCESS>>1729505410097
BIP9332I<<Application '010101' has been changed successfully. <<1729505410097
BIP9326I<<The source '010101project.generated.bar' has been successfully deployed. <<1729505410097
010101>>DB1>>conn>>SUCCESS>>1729505522350
BIP9332I<<Application '010101' has been changed successfully. <<1729505522350
BIP9326I<<The source '010101project.generated.bar' has been successfully deployed. <<1729505522350
010101>>DB1>>conn>>SUCCESS>>1729505585202
BIP9332I<<Application '010101' has been changed successfully. <<1729505585202
BIP9326I<<The source '010101project.generated.bar' has been successfully deployed. <<1729505585202
010101>>DB1>>conn>>SUCCESS>>1729505803235
BIP9332I<<Application '010101' has been changed successfully. <<1729505803235
BIP9326I<<The source '010101project.generated.bar' has been successfully deployed. <<1729505803235
010101>>DB1>>conn>>SUCCESS>>1729505937645
BIP9332I<<Application '010101' has been changed successfully. <<1729505937645
BIP9326I<<The source '010101project.generated.bar' has been successfully deployed. <<1729505937645
010101>>DB1>>conn>>SUCCESS>>1729518550560
BIP9332I<<Application '010101' has been changed successfully. <<1729518550560
BIP9326I<<The source '010101project.generated.bar' has been successfully deployed. <<1729518550560
010101>>DB1>>conn>>SUCCESS>>1729518695237
BIP9332I<<Application '010101' has been changed successfully. <<1729518695237
BIP9326I<<The source '010101project.generated.bar' has been successfully deployed. <<1729518695237
010101>>DB1>>conn>>SUCCESS>>1729519035791
BIP9332I<<Application '010101' has been created successfully. <<1729519035791
BIP9326I<<The source '010101project.generated.bar' has been successfully deployed. <<1729519035791
010101>>DB1>>conn>>SUCCESS>>1729519294703
BIP9332I<<Application '010101' has been changed successfully. <<1729519294703
BIP9326I<<The source '010101project.generated.bar' has been successfully deployed. <<1729519294703
010101>>DB1>>conn>>SUCCESS>>1729520012472
BIP9332I<<Application '010101' has been changed successfully. <<1729520012472
BIP9326I<<The source '010101project.generated.bar' has been successfully deployed. <<1729520012472
010101>>DB1>>conn>>SUCCESS>>1729581157261
BIP9332I<<Application '010101' has been changed successfully. <<1729581157261
BIP9326I<<The source '010101project.generated.bar' has been successfully deployed. <<1729581157261
010101>>DB1>>conn>>SUCCESS>>1729581302286
BIP9332I<<Application '010101' has been changed successfully. <<1729581302286
BIP9326I<<The source '010101project.generated.bar' has been successfully deployed. <<1729581302286
010101>>DB1>>conn>>WARNING>>1729581438574
BIP9318E<<Request to 'PreSetupValidate' resource '010101', '010101' of type 'Application' failed. <<1729581438574
BIP2492E<<(.Task_RCT_Compute.CopyEntireMessage, 10.31) : Illegal type for parameter '1' of the function 'ASBITSTREAM'. A non-list field reference is required. <<1729581438574
BIP9333W<<Application '010101' has been changed but contains errors which has prevented some resources from starting. <<1729581438574
BIP1096E<<The source '010101project.generated.bar' has been deployed but there were one or more failures which may mean the deployed resources will be unable to execute. <<1729581438574
010101>>DB1>>conn>>SUCCESS>>1729581464163
BIP9332I<<Application '010101' has been changed successfully. <<1729581464163
BIP9326I<<The source '010101project.generated.bar' has been successfully deployed. <<1729581464163
010101>>DB1>>conn>>SUCCESS>>1729584817665
BIP9332I<<Application '010101' has been changed successfully. <<1729584817665
BIP9326I<<The source '010101project.generated.bar' has been successfully deployed. <<1729584817665
010101>>DB1>>conn>>WARNING>>1729586175052
BIP9318E<<Request to 'PreSetupValidate' resource '010101', '010101' of type 'Application' failed. <<1729586175052
BIP2496E<<(.Task_RCT_Compute.CopyEntireMessage, 15.7) : Illegal data type for target. A non-list field reference is required. <<1729586175052
BIP9333W<<Application '010101' has been changed but contains errors which has prevented some resources from starting. <<1729586175052
BIP1096E<<The source '010101project.generated.bar' has been deployed but there were one or more failures which may mean the deployed resources will be unable to execute. <<1729586175052
010101>>DB1>>conn>>WARNING>>1729586199034
BIP9318E<<Request to 'PreSetupValidate' resource '010101', '010101' of type 'Application' failed. <<1729586199034
BIP2496E<<(.Task_RCT_Compute1.CopyEntireMessage, 12.7) : Illegal data type for target. A non-list field reference is required. <<1729586199034
BIP9333W<<Application '010101' has been changed but contains errors which has prevented some resources from starting. <<1729586199034
BIP1096E<<The source '010101project.generated.bar' has been deployed but there were one or more failures which may mean the deployed resources will be unable to execute. <<1729586199034
010101>>DB1>>conn>>WARNING>>1729586237004
BIP9318E<<Request to 'PreSetupValidate' resource '010101', '010101' of type 'Application' failed. <<1729586237004
BIP2496E<<(.Task_RCT_Compute1.CopyEntireMessage, 12.7) : Illegal data type for target. A non-list field reference is required. <<1729586237004
BIP9333W<<Application '010101' has been changed but contains errors which has prevented some resources from starting. <<1729586237004
BIP1096E<<The source '010101project.generated.bar' has been deployed but there were one or more failures which may mean the deployed resources will be unable to execute. <<1729586237004
010101>>DB1>>conn>>WARNING>>1729586308328
BIP9318E<<Request to 'PreSetupValidate' resource '010101', '010101' of type 'Application' failed. <<1729586308328
BIP2496E<<(.Task_RCT_Compute1.CopyEntireMessage, 12.7) : Illegal data type for target. A non-list field reference is required. <<1729586308328
BIP9333W<<Application '010101' has been changed but contains errors which has prevented some resources from starting. <<1729586308328
BIP1096E<<The source '010101project.generated.bar' has been deployed but there were one or more failures which may mean the deployed resources will be unable to execute. <<1729586308328
010101>>DB1>>conn>>WARNING>>1729586391705
BIP9318E<<Request to 'PreSetupValidate' resource '010101', '010101' of type 'Application' failed. <<1729586391705
BIP2496E<<(.Task_RCT_Compute1.CopyEntireMessage, 12.7) : Illegal data type for target. A non-list field reference is required. <<1729586391705
BIP9333W<<Application '010101' has been changed but contains errors which has prevented some resources from starting. <<1729586391705
BIP1096E<<The source '010101project.generated.bar' has been deployed but there were one or more failures which may mean the deployed resources will be unable to execute. <<1729586391705
010101>>DB1>>conn>>WARNING>>1729586406729
BIP9318E<<Request to 'PreSetupValidate' resource '010101', '010101' of type 'Application' failed. <<1729586406729
BIP2496E<<(.Task_RCT_Compute.CopyEntireMessage, 15.5) : Illegal data type for target. A non-list field reference is required. <<1729586406729
BIP9333W<<Application '010101' has been changed but contains errors which has prevented some resources from starting. <<1729586406729
BIP1096E<<The source '010101project.generated.bar' has been deployed but there were one or more failures which may mean the deployed resources will be unable to execute. <<1729586406729
010101>>DB1>>conn>>WARNING>>1729586421807
BIP9318E<<Request to 'PreSetupValidate' resource '010101', '010101' of type 'Application' failed. <<1729586421807
BIP2496E<<(.Task_RCT_Compute.CopyEntireMessage, 15.5) : Illegal data type for target. A non-list field reference is required. <<1729586421807
BIP9333W<<Application '010101' has been changed but contains errors which has prevented some resources from starting. <<1729586421807
BIP1096E<<The source '010101project.generated.bar' has been deployed but there were one or more failures which may mean the deployed resources will be unable to execute. <<1729586421807
010101>>DB1>>conn>>WARNING>>1729586436273
BIP9318E<<Request to 'PreSetupValidate' resource '010101', '010101' of type 'Application' failed. <<1729586436273
BIP2496E<<(.Task_RCT_Compute1.CopyEntireMessage, 12.7) : Illegal data type for target. A non-list field reference is required. <<1729586436273
BIP9333W<<Application '010101' has been changed but contains errors which has prevented some resources from starting. <<1729586436273
BIP1096E<<The source '010101project.generated.bar' has been deployed but there were one or more failures which may mean the deployed resources will be unable to execute. <<1729586436273
010101>>DB1>>conn>>SUCCESS>>1729590201487
BIP9332I<<Application '010101' has been changed successfully. <<1729590201487
BIP9326I<<The source '010101project.generated.bar' has been successfully deployed. <<1729590201487
010101>>DB1>>conn>>SUCCESS>>1729596079168
BIP9332I<<Application '010101' has been changed successfully. <<1729596079168
BIP9326I<<The source '010101project.generated.bar' has been successfully deployed. <<1729596079168
010101>>DB1>>conn>>SUCCESS>>1729604772271
BIP9332I<<Application '010101' has been changed successfully. <<1729604772271
BIP9326I<<The source '010101project.generated.bar' has been successfully deployed. <<1729604772271
Work_Load_Balancing>>DB1>>conn>>SUCCESS>>1729604786260
BIP9332I<<PolicyProject 'Work_Load_Balancing' has been created successfully. <<1729604786260
BIP9326I<<The source 'Work_Load_Balancingproject.generated.bar' has been successfully deployed. <<1729604786260
010101>>adi1>>nav>>SUCCESS>>1729605048980
BIP9332I<<Application '010101' has been created successfully. <<1729605048980
BIP9326I<<The source '010101project.generated.bar' has been successfully deployed. <<1729605048980
01010121001202120010>>override2>>over1>>SUCCESS>>1729658830116
BIP9332I<<Application '01010121001202120010' has been created successfully. <<1729658830116
BIP9326I<<The source '01010121001202120010project.generated.bar' has been successfully deployed. <<1729658830116
01010121001202120010>>override2>>over1>>SUCCESS>>1729658842630
BIP9332I<<Application '01010121001202120010' has been changed successfully. <<1729658842630
BIP9326I<<The source '01010121001202120010project.generated.bar' has been successfully deployed. <<1729658842630
01010121001202120010>>override2>>over1>>SUCCESS>>1729659141395
BIP9332I<<Application '01010121001202120010' has been changed successfully. <<1729659141395
BIP9326I<<The source '01010121001202120010project.generated.bar' has been successfully deployed. <<1729659141395
Work_Load_Balancing>>override2>>over1>>SUCCESS>>1729659405338
BIP9332I<<PolicyProject 'Work_Load_Balancing' has been created successfully. <<1729659405338
BIP9326I<<The source 'Work_Load_Balancingproject.generated.bar' has been successfully deployed. <<1729659405338
01010121001202120010>>override2>>over1>>WARNING>>1729659492494
BIP1361E<<Message flow node 'MQ Input', 'MQ_instances#FCMComposite_1_1' in Message flow 'MQ_instances', 'MQ_instances' requires Policy '{Policy}:WorkLoad' of type 'MQEndpoint' which is not deployed. <<1729659492494
BIP1096E<<The source '01010121001202120010project.generated.bar' has been deployed but there were one or more failures which may mean the deployed resources will be unable to execute. <<1729659492494
000000101010101Multiple_Msg_Loop>>override2>>over1>>SUCCESS>>1729659997929
BIP9332I<<Application '000000101010101Multiple_Msg_Loop' has been created successfully. <<1729659997929
BIP9326I<<The source '000000101010101Multiple_Msg_Loopproject.generated.bar' has been successfully deployed. <<1729659997929
01010121001202120010>>override2>>over1>>SUCCESS>>1729660027126
BIP9332I<<Application '01010121001202120010' has been changed successfully. <<1729660027126
BIP9326I<<The source '01010121001202120010project.generated.bar' has been successfully deployed. <<1729660027126
01010121001202120010>>override2>>over1>>SUCCESS>>1729660234680
BIP9332I<<Application '01010121001202120010' has been created successfully. <<1729660234680
BIP9326I<<The source '01010121001202120010project.generated.bar' has been successfully deployed. <<1729660234680
000000101010101Multiple_Msg_Loop>>override2>>over1>>SUCCESS>>1729660239706
BIP9332I<<Application '000000101010101Multiple_Msg_Loop' has been created successfully. <<1729660239706
BIP9326I<<The source '000000101010101Multiple_Msg_Loopproject.generated.bar' has been successfully deployed. <<1729660239706
01010121001202120010>>override2>>over1>>SUCCESS>>1729660296971
BIP9332I<<Application '01010121001202120010' has been created successfully. <<1729660296971
BIP9326I<<The source '01010121001202120010project.generated.bar' has been successfully deployed. <<1729660296971
000000101010101Multiple_Msg_Loop>>override2>>over1>>SUCCESS>>1729660297086
BIP9332I<<Application '000000101010101Multiple_Msg_Loop' has been created successfully. <<1729660297086
BIP9326I<<The source '000000101010101Multiple_Msg_Loopproject.generated.bar' has been successfully deployed. <<1729660297086
01010121001202120010>>override2>>over1>>SUCCESS>>1729660526301
BIP9332I<<Application '01010121001202120010' has been created successfully. <<1729660526301
BIP9326I<<The source '01010121001202120010project.generated.bar' has been successfully deployed. <<1729660526301
000000101010101Multiple_Msg_Loop>>override2>>over1>>SUCCESS>>1729660526556
BIP9332I<<Application '000000101010101Multiple_Msg_Loop' has been created successfully. <<1729660526556
BIP9326I<<The source '000000101010101Multiple_Msg_Loopproject.generated.bar' has been successfully deployed. <<1729660526556
01010121001202120010>>override2>>over1>>SUCCESS>>1729661290497
BIP9332I<<Application '01010121001202120010' has been created successfully. <<1729661290497
BIP9326I<<The source '01010121001202120010project.generated.bar' has been successfully deployed. <<1729661290497
000000101010101Multiple_Msg_Loop>>override2>>over1>>SUCCESS>>1729661290780
BIP9332I<<Application '000000101010101Multiple_Msg_Loop' has been created successfully. <<1729661290780
BIP9326I<<The source '000000101010101Multiple_Msg_Loopproject.generated.bar' has been successfully deployed. <<1729661290780
01010121001202120010Mq_Instances>>override2>>over1>>SUCCESS>>1729661868964
BIP9332I<<Application '01010121001202120010Mq_Instances' has been created successfully. <<1729661868964
BIP9326I<<The source '01010121001202120010Mq_Instancesproject.generated.bar' has been successfully deployed. <<1729661868964
000000101010101Multiple_Msg_Loop>>override2>>over1>>SUCCESS>>1729661869122
BIP9332I<<Application '000000101010101Multiple_Msg_Loop' has been changed successfully. <<1729661869122
BIP9326I<<The source '000000101010101Multiple_Msg_Loopproject.generated.bar' has been successfully deployed. <<1729661869122
01010121001202120010Mq_Instancesproject.generated.bar>>override2>>over1>>SUCCESS>>1729662146494
BIP7992E<< Developer mode is restricted to 1 transaction per second. The maximum rate 100 will be ignored for message flow 'MQ_instances' in application '01010121001202120010Mq_Instances'. <<1729662146494
BIP9332I<<Application '01010121001202120010Mq_Instances' has been changed successfully. <<1729662146494
BIP9326I<<The source '01010121001202120010Mq_Instancesproject.generated.bar' has been successfully deployed. <<1729662146494
01010121001202120010Mq_Instancesproject.generated.bar>>override2>>over1>>SUCCESS>>1729662207712
BIP7992E<< Developer mode is restricted to 1 transaction per second. The maximum rate 100 will be ignored for message flow 'MQ_instances' in application '01010121001202120010Mq_Instances'. <<1729662207712
BIP9332I<<Application '01010121001202120010Mq_Instances' has been changed successfully. <<1729662207712
BIP9326I<<The source '01010121001202120010Mq_Instancesproject.generated.bar' has been successfully deployed. <<1729662207712
Work_Load_Balancing>>override2>>over1>>SUCCESS>>1729662246961
BIP9332I<<PolicyProject 'Work_Load_Balancing' has been created successfully. <<1729662246961
BIP9326I<<The source 'Work_Load_Balancingproject.generated.bar' has been successfully deployed. <<1729662246961
01010121001202120010Mq_Instancesproject.generated.bar>>override2>>over1>>SUCCESS>>1729662257082
BIP7992E<< Developer mode is restricted to 1 transaction per second. The maximum rate 100 will be ignored for message flow 'MQ_instances' in application '01010121001202120010Mq_Instances'. <<1729662257082
BIP9332I<<Application '01010121001202120010Mq_Instances' has been changed successfully. <<1729662257082
BIP9326I<<The source '01010121001202120010Mq_Instancesproject.generated.bar' has been successfully deployed. <<1729662257082
Work_Load_Balancing>>override2>>over1>>SUCCESS>>1729662299077
BIP9332I<<Policy 'WorkLoad' has been changed successfully. <<1729662299077
BIP9326I<<The source 'Work_Load_Balancingproject.generated.bar' has been successfully deployed. <<1729662299077
01010121001202120010Mq_Instancesproject.generated.bar>>override2>>over1>>SUCCESS>>1729662306763
BIP7992E<< Developer mode is restricted to 1 transaction per second. The maximum rate 100 will be ignored for message flow 'MQ_instances' in application '01010121001202120010Mq_Instances'. <<1729662306763
BIP9332I<<Application '01010121001202120010Mq_Instances' has been changed successfully. <<1729662306763
BIP9326I<<The source '01010121001202120010Mq_Instancesproject.generated.bar' has been successfully deployed. <<1729662306763
01010121001202120010Mq_Instancesproject.generated.bar>>override2>>over1>>SUCCESS>>1729662348358
BIP9332I<<Application '01010121001202120010Mq_Instances' has been changed successfully. <<1729662348358
BIP9326I<<The source '01010121001202120010Mq_Instancesproject.generated.bar' has been successfully deployed. <<1729662348358
000000101010101Multiple_Msg_Loop>>override2>>over1>>SUCCESS>>1729662459345
BIP9332I<<Application '000000101010101Multiple_Msg_Loop' has been created successfully. <<1729662459345
BIP9326I<<The source '000000101010101Multiple_Msg_Loopproject.generated.bar' has been successfully deployed. <<1729662459345
000000101010101Multiple_Msg_Loop>>override2>>over1>>SUCCESS>>1729662484468
BIP9332I<<Application '000000101010101Multiple_Msg_Loop' has been changed successfully. <<1729662484468
BIP9326I<<The source '000000101010101Multiple_Msg_Loopproject.generated.bar' has been successfully deployed. <<1729662484468
Work_Load_Balancing>>override2>>over1>>SUCCESS>>1729663490174
BIP9332I<<Policy 'WorkLoad' has been changed successfully. <<1729663490174
BIP9326I<<The source 'Work_Load_Balancingproject.generated.bar' has been successfully deployed. <<1729663490174
Work_Load_Balancing>>override2>>over1>>SUCCESS>>1729663931412
BIP9339W<<The values defined in the policy(s) 'WorkLoad' in policy project 'Work_Load_Balancing' match the values of the existing policy(s). Any deployed resources using the policy(s) will not be affected by the redeploy of the policy project. <<1729663931412
BIP9326I<<The source 'Work_Load_Balancingproject.generated.bar' has been successfully deployed. <<1729663931412
01010121001202120010Mq_Instancesproject.generated.bar>>override2>>over1>>SUCCESS>>1729664098355
BIP9332I<<Application '01010121001202120010Mq_Instances' has been changed successfully. <<1729664098355
BIP9326I<<The source '01010121001202120010Mq_Instancesproject.generated.bar' has been successfully deployed. <<1729664098355
Work_Load_Balancing>>override2>>over1>>SUCCESS>>1729664214866
BIP9332I<<PolicyProject 'Work_Load_Balancing' has been created successfully. <<1729664214866
BIP9326I<<The source 'Work_Load_Balancingproject.generated.bar' has been successfully deployed. <<1729664214866
01010121001202120010Mq_Instances>>override2>>over1>>WARNING>>1729664222171
BIP1361E<<Message flow node 'MQ Input', 'MQ_instances#FCMComposite_1_1' in Message flow 'MQ_instances', 'MQ_instances' requires Policy '{Work_Load_Balancing}:WorkLoad' of type 'MQEndpoint' which is not deployed. <<1729664222171
BIP1096E<<The source '01010121001202120010Mq_Instancesproject.generated.bar' has been deployed but there were one or more failures which may mean the deployed resources will be unable to execute. <<1729664222171
000000101010101Multiple_Msg_Loop>>override2>>over1>>SUCCESS>>1729664233426
BIP9332I<<Application '000000101010101Multiple_Msg_Loop' has been created successfully. <<1729664233426
BIP9326I<<The source '000000101010101Multiple_Msg_Loopproject.generated.bar' has been successfully deployed. <<1729664233426
01010121001202120010Mq_Instances>>override2>>over1>>WARNING>>1729665522252
BIP1361E<<Message flow node 'MQ Input', 'MQ_instances#FCMComposite_1_1' in Message flow 'MQ_instances', 'MQ_instances' requires Policy '{Work_Load_Balancing}:WorkLoad' of type 'MQEndpoint' which is not deployed. <<1729665522252
BIP1096E<<The source '01010121001202120010Mq_Instancesproject.generated.bar' has been deployed but there were one or more failures which may mean the deployed resources will be unable to execute. <<1729665522252
01010121001202120010Mq_Instances>>override2>>over1>>SUCCESS>>1729665543266
BIP9332I<<Application '01010121001202120010Mq_Instances' has been changed successfully. <<1729665543266
BIP9326I<<The source '01010121001202120010Mq_Instancesproject.generated.bar' has been successfully deployed. <<1729665543266
000000101010101Multiple_Msg_Loop>>override2>>over1>>SUCCESS>>1729665543685
BIP9332I<<Application '000000101010101Multiple_Msg_Loop' has been changed successfully. <<1729665543685
BIP9326I<<The source '000000101010101Multiple_Msg_Loopproject.generated.bar' has been successfully deployed. <<1729665543685
Work_Load_Balancing>>override2>>over1>>SUCCESS>>1729665558284
BIP9339W<<The values defined in the policy(s) 'WorkLoad' in policy project 'Work_Load_Balancing' match the values of the existing policy(s). Any deployed resources using the policy(s) will not be affected by the redeploy of the policy project. <<1729665558284
BIP9326I<<The source 'Work_Load_Balancingproject.generated.bar' has been successfully deployed. <<1729665558284
01010121001202120010Mq_Instancesproject.generated.bar>>override2>>over1>>SUCCESS>>1729665671929
BIP7992E<< Developer mode is restricted to 1 transaction per second. The maximum rate 50 will be ignored for message flow 'MQ_instances' in application '01010121001202120010Mq_Instances'. <<1729665671929
BIP9332I<<Application '01010121001202120010Mq_Instances' has been changed successfully. <<1729665671929
BIP9326I<<The source '01010121001202120010Mq_Instancesproject.generated.bar' has been successfully deployed. <<1729665671929
01010121001202120010Mq_Instancesproject.generated.bar>>override2>>over1>>SUCCESS>>1729665707148
BIP7992E<< Developer mode is restricted to 1 transaction per second. The maximum rate 50 will be ignored for message flow 'MQ_instances' in application '01010121001202120010Mq_Instances'. <<1729665707148
BIP9332I<<Application '01010121001202120010Mq_Instances' has been changed successfully. <<1729665707148
BIP9326I<<The source '01010121001202120010Mq_Instancesproject.generated.bar' has been successfully deployed. <<1729665707148
Work_Load_Balancing>>override2>>over1>>SUCCESS>>1729665726639
BIP9332I<<Policy 'WorkLoad' has been changed successfully. <<1729665726639
BIP9326I<<The source 'Work_Load_Balancingproject.generated.bar' has been successfully deployed. <<1729665726639
01010121001202120010Mq_Instancesproject.generated.bar>>override2>>over1>>SUCCESS>>1729665735399
BIP7992E<< Developer mode is restricted to 1 transaction per second. The maximum rate 50 will be ignored for message flow 'MQ_instances' in application '01010121001202120010Mq_Instances'. <<1729665735399
BIP9332I<<Application '01010121001202120010Mq_Instances' has been changed successfully. <<1729665735399
BIP9326I<<The source '01010121001202120010Mq_Instancesproject.generated.bar' has been successfully deployed. <<1729665735399
01010121001202120010Mq_Instances>>override2>>over1>>SUCCESS>>1729665804816
BIP7992E<< Developer mode is restricted to 1 transaction per second. The maximum rate 50 will be ignored for message flow 'MQ_instances' in application '01010121001202120010Mq_Instances'. <<1729665804816
BIP9332I<<Application '01010121001202120010Mq_Instances' has been created successfully. <<1729665804816
BIP9326I<<The source '01010121001202120010Mq_Instancesproject.generated.bar' has been successfully deployed. <<1729665804816
000000101010101Multiple_Msg_Loop>>override2>>over1>>SUCCESS>>1729665804977
BIP9332I<<Application '000000101010101Multiple_Msg_Loop' has been created successfully. <<1729665804977
BIP9326I<<The source '000000101010101Multiple_Msg_Loopproject.generated.bar' has been successfully deployed. <<1729665804977
01010121001202120010Mq_Instances>>override2>>over1>>SUCCESS>>1729665838756
BIP9332I<<Application '01010121001202120010Mq_Instances' has been changed successfully. <<1729665838756
BIP9326I<<The source '01010121001202120010Mq_Instancesproject.generated.bar' has been successfully deployed. <<1729665838756
000000101010101Multiple_Msg_Loop>>override2>>over1>>SUCCESS>>1729665847784
BIP9332I<<Application '000000101010101Multiple_Msg_Loop' has been changed successfully. <<1729665847784
BIP9326I<<The source '000000101010101Multiple_Msg_Loopproject.generated.bar' has been successfully deployed. <<1729665847784
Work_Load_Balancing>>override2>>over1>>SUCCESS>>1729665869554
BIP9332I<<PolicyProject 'Work_Load_Balancing' has been created successfully. <<1729665869554
BIP9326I<<The source 'Work_Load_Balancingproject.generated.bar' has been successfully deployed. <<1729665869554
Work_Load_Balancing>>override2>>over1>>SUCCESS>>1729665919499
BIP9332I<<Policy 'WorkLoad' has been changed successfully. <<1729665919499
BIP9326I<<The source 'Work_Load_Balancingproject.generated.bar' has been successfully deployed. <<1729665919499
01010121001202120010Mq_Instances>>override2>>over1>>SUCCESS>>1729665929008
BIP9332I<<Application '01010121001202120010Mq_Instances' has been changed successfully. <<1729665929008
BIP9326I<<The source '01010121001202120010Mq_Instancesproject.generated.bar' has been successfully deployed. <<1729665929008
01010121001202120010Mq_Instancesproject.generated.bar>>override2>>over1>>SUCCESS>>1729666046664
BIP9332I<<Application '01010121001202120010Mq_Instances' has been created successfully. <<1729666046664
BIP9326I<<The source '01010121001202120010Mq_Instancesproject.generated.bar' has been successfully deployed. <<1729666046664
000000101010101Multiple_Msg_Loop>>override2>>over1>>SUCCESS>>1729666143982
BIP9332I<<Application '000000101010101Multiple_Msg_Loop' has been created successfully. <<1729666143982
BIP9326I<<The source '000000101010101Multiple_Msg_Loopproject.generated.bar' has been successfully deployed. <<1729666143982
Work_Load_Balancing>>override2>>over1>>SUCCESS>>1729666174217
BIP9332I<<PolicyProject 'Work_Load_Balancing' has been created successfully. <<1729666174217
BIP9326I<<The source 'Work_Load_Balancingproject.generated.bar' has been successfully deployed. <<1729666174217
Work_Load_Balancing>>override2>>over1>>SUCCESS>>1729672661605
BIP9332I<<Policy 'WorkLoad' has been changed successfully. <<1729672661605
BIP9326I<<The source 'Work_Load_Balancingproject.generated.bar' has been successfully deployed. <<1729672661605
01010121001202120010Mq_Instancesproject.generated.bar>>override2>>over1>>SUCCESS>>1729672667569
BIP9332I<<Application '01010121001202120010Mq_Instances' has been changed successfully. <<1729672667569
BIP9326I<<The source '01010121001202120010Mq_Instancesproject.generated.bar' has been successfully deployed. <<1729672667569
01010121001202120010Mq_Instancesproject.generated.bar>>override2>>over1>>SUCCESS>>1729672755069
BIP9332I<<Application '01010121001202120010Mq_Instances' has been created successfully. <<1729672755069
BIP9326I<<The source '01010121001202120010Mq_Instancesproject.generated.bar' has been successfully deployed. <<1729672755069
01010121001202120010Mq_Instancesproject.generated.bar>>override2>>over1>>SUCCESS>>1729672770468
BIP7992E<< Developer mode is restricted to 1 transaction per second. The maximum rate 100 will be ignored for message flow 'MQ_instances' in application '01010121001202120010Mq_Instances'. <<1729672770468
BIP9332I<<Application '01010121001202120010Mq_Instances' has been changed successfully. <<1729672770468
BIP9326I<<The source '01010121001202120010Mq_Instancesproject.generated.bar' has been successfully deployed. <<1729672770468
Task_Dfdl_Json_Data>>override2>>over1>>SUCCESS>>1729684898479
BIP9332I<<Application 'Task_Dfdl_Json_Data' has been created successfully. <<1729684898479
BIP9326I<<The source 'Task_Dfdl_Json_Dataproject.generated.bar' has been successfully deployed. <<1729684898479
0000000001010101101011000File_Dcompress_http>>override2>>over1>>SUCCESS>>1729686902597
BIP9332I<<Application '0000000001010101101011000File_Dcompress_http' has been created successfully. <<1729686902597
BIP9326I<<The source '0000000001010101101011000File_Dcompress_httpproject.generated.bar' has been successfully deployed. <<1729686902597
0000000001010101101011000File_Dcompress_http>>override2>>over1>>SUCCESS>>1729687117900
BIP9332I<<Application '0000000001010101101011000File_Dcompress_http' has been changed successfully. <<1729687117900
BIP9326I<<The source '0000000001010101101011000File_Dcompress_httpproject.generated.bar' has been successfully deployed. <<1729687117900
0000000001010101101011000File_Dcompress_http>>override2>>over1>>SUCCESS>>1729687736930
BIP9332I<<Application '0000000001010101101011000File_Dcompress_http' has been changed successfully. <<1729687736930
BIP9326I<<The source '0000000001010101101011000File_Dcompress_httpproject.generated.bar' has been successfully deployed. <<1729687736930
0000000001010101101011000File_Dcompress_http>>override2>>over1>>SUCCESS>>1729687950828
BIP9332I<<Application '0000000001010101101011000File_Dcompress_http' has been changed successfully. <<1729687950828
BIP9326I<<The source '0000000001010101101011000File_Dcompress_httpproject.generated.bar' has been successfully deployed. <<1729687950828
0000000001010101101011000File_Dcompress_http>>override2>>over1>>SUCCESS>>1729688099940
BIP9332I<<Application '0000000001010101101011000File_Dcompress_http' has been changed successfully. <<1729688099940
BIP9326I<<The source '0000000001010101101011000File_Dcompress_httpproject.generated.bar' has been successfully deployed. <<1729688099940
0000000001010101101011000File_Dcompress_http>>override2>>over1>>SUCCESS>>1729688157007
BIP9332I<<Application '0000000001010101101011000File_Dcompress_http' has been changed successfully. <<1729688157007
BIP9326I<<The source '0000000001010101101011000File_Dcompress_httpproject.generated.bar' has been successfully deployed. <<1729688157007
0000000001010101101011000File_Dcompress_http>>override2>>over1>>SUCCESS>>1729689739110
BIP9332I<<Application '0000000001010101101011000File_Dcompress_http' has been changed successfully. <<1729689739110
BIP9326I<<The source '0000000001010101101011000File_Dcompress_httpproject.generated.bar' has been successfully deployed. <<1729689739110
SOAP______Invoke_Expose>>override2>>over1>>SUCCESS>>1729747394441
BIP9332I<<Application 'SOAP______Invoke_Expose' has been created successfully. <<1729747394441
BIP9326I<<The source 'SOAP______Invoke_Exposeproject.generated.bar' has been successfully deployed. <<1729747394441
SOAP______Invoke_Expose>>override2>>over1>>SUCCESS>>1729748421287
BIP9332I<<Application 'SOAP______Invoke_Expose' has been changed successfully. <<1729748421287
BIP9326I<<The source 'SOAP______Invoke_Exposeproject.generated.bar' has been successfully deployed. <<1729748421287
SOAP______Invoke_Expose>>override2>>over1>>SUCCESS>>1729748474661
BIP9332I<<Application 'SOAP______Invoke_Expose' has been changed successfully. <<1729748474661
BIP9326I<<The source 'SOAP______Invoke_Exposeproject.generated.bar' has been successfully deployed. <<1729748474661
load_balancing___Multiple_Msg_Loop>>override2>>over1>>SUCCESS>>1730180111092
BIP9332I<<Application 'load_balancing___Multiple_Msg_Loop' has been created successfully. <<1730180111092
BIP9326I<<The source 'load_balancing___Multiple_Msg_Loopproject.generated.bar' has been successfully deployed. <<1730180111092
load_balancing___Mq_Instances>>override2>>over1>>SUCCESS>>1730180112072
BIP9332I<<Application 'load_balancing___Mq_Instances' has been created successfully. <<1730180112072
BIP9326I<<The source 'load_balancing___Mq_Instancesproject.generated.bar' has been successfully deployed. <<1730180112072
load_balancing___Multiple_Msg_Loop>>override2>>over1>>SUCCESS>>1730180285716
BIP9332I<<Application 'load_balancing___Multiple_Msg_Loop' has been created successfully. <<1730180285716
BIP9326I<<The source 'load_balancing___Multiple_Msg_Loopproject.generated.bar' has been successfully deployed. <<1730180285716
load_balancing___Mq_Instances>>override2>>over1>>SUCCESS>>1730180286488
BIP9332I<<Application 'load_balancing___Mq_Instances' has been created successfully. <<1730180286488
BIP9326I<<The source 'load_balancing___Mq_Instancesproject.generated.bar' has been successfully deployed. <<1730180286488
SOAP______Invoke_Expose>>override2>>over1>>SUCCESS>>1730181332249
BIP9332I<<Application 'SOAP______Invoke_Expose' has been created successfully. <<1730181332249
BIP9326I<<The source 'SOAP______Invoke_Exposeproject.generated.bar' has been successfully deployed. <<1730181332249
SOAP______Invoke_Expose>>override2>>over1>>SUCCESS>>1730182781006
BIP9332I<<Application 'SOAP______Invoke_Expose' has been changed successfully. <<1730182781006
BIP9326I<<The source 'SOAP______Invoke_Exposeproject.generated.bar' has been successfully deployed. <<1730182781006
SOAP______Invoke_Expose>>override2>>over1>>SUCCESS>>1730182893162
BIP9332I<<Application 'SOAP______Invoke_Expose' has been changed successfully. <<1730182893162
BIP9326I<<The source 'SOAP______Invoke_Exposeproject.generated.bar' has been successfully deployed. <<1730182893162
SOAP______Invoke_Expose>>override2>>over1>>SUCCESS>>1730182951966
BIP9332I<<Application 'SOAP______Invoke_Expose' has been changed successfully. <<1730182951966
BIP9326I<<The source 'SOAP______Invoke_Exposeproject.generated.bar' has been successfully deployed. <<1730182951966
